Area,Sex,Yr,Age,B
1,1,1952,0,82.5762
1,1,1953,0,82.5832
1,1,1954,0,82.582
1,1,1955,0,82.5735
1,1,1956,0,82.5603
1,1,1957,0,82.5493
1,1,1958,0,82.5427
1,1,1959,0,82.5301
1,1,1960,0,82.5158
1,1,1961,0,82.5067
1,1,1962,0,82.4916
1,1,1963,0,82.4771
1,1,1964,0,82.4582
1,1,1965,0,82.4512
1,1,1966,0,82.4274
1,1,1967,0,82.3984
1,1,1968,0,82.3754
1,1,1969,0,81.813
1,1,1970,0,81.6607
1,1,1971,0,81.49
1,1,1972,0,81.2416
1,1,1973,0,80.9662
1,1,1974,0,80.6739
1,1,1975,0,80.3479
1,1,1976,0,79.9582
1,1,1977,0,79.4663
1,1,1978,0,78.946
1,1,1979,0,78.5179
1,1,1980,0,78.0516
1,1,1981,0,77.9054
1,1,1982,0,78.15
1,1,1983,0,77.2755
1,1,1984,0,84.4739
1,1,1985,0,76.5055
1,1,1986,0,72.2178
1,1,1987,0,78.5843
1,1,1988,0,85.0839
1,1,1989,0,91.6178
1,1,1990,0,137.158
1,1,1991,0,78.2785
1,1,1992,0,100.503
1,1,1993,0,90.9829
1,1,1994,0,99.1795
1,1,1995,0,63.6658
1,1,1996,0,46.4254
1,1,1997,0,78.8395
1,1,1998,0,93.2248
1,1,1999,0,37.2919
1,1,2000,0,54.7665
1,1,2001,0,97.2597
1,1,2002,0,54.1106
1,1,2003,0,70.3967
1,1,2004,0,81.9125
1,1,2005,0,91.535
1,1,2006,0,119.437
1,1,2007,0,55.0831
1,1,2008,0,118.848
1,1,2009,0,112.536
1,1,2010,0,105.023
1,1,2011,0,75.3857
1,1,2012,0,87.5174
1,1,2013,0,72.6407
1,1,2014,0,27.889
1,1,2015,0,59.7644
1,1,2016,0,32.5898
1,1,2017,0,53.0504
1,1,2018,0,54.5446
1,1,2019,0,107.556
1,1,2020,0,66.1002
1,1,2021,0,38.2085
1,1,2022,0,77.3334
1,1,2023,0,77.3893
1,2,1952,0,88.7035
1,2,1953,0,88.711
1,2,1954,0,88.7097
1,2,1955,0,88.7006
1,2,1956,0,88.6864
1,2,1957,0,88.6745
1,2,1958,0,88.6675
1,2,1959,0,88.6539
1,2,1960,0,88.6386
1,2,1961,0,88.6288
1,2,1962,0,88.6126
1,2,1963,0,88.597
1,2,1964,0,88.5767
1,2,1965,0,88.5692
1,2,1966,0,88.5436
1,2,1967,0,88.5125
1,2,1968,0,88.4878
1,2,1969,0,87.8836
1,2,1970,0,87.7201
1,2,1971,0,87.5367
1,2,1972,0,87.2698
1,2,1973,0,86.974
1,2,1974,0,86.6601
1,2,1975,0,86.3098
1,2,1976,0,85.8912
1,2,1977,0,85.3628
1,2,1978,0,84.8039
1,2,1979,0,84.3441
1,2,1980,0,83.8431
1,2,1981,0,83.6861
1,2,1982,0,83.9489
1,2,1983,0,83.0095
1,2,1984,0,90.742
1,2,1985,0,82.1823
1,2,1986,0,77.5764
1,2,1987,0,84.4154
1,2,1988,0,91.3973
1,2,1989,0,98.416
1,2,1990,0,147.336
1,2,1991,0,84.0868
1,2,1992,0,107.96
1,2,1993,0,97.734
1,2,1994,0,106.539
1,2,1995,0,68.3899
1,2,1996,0,49.8702
1,2,1997,0,84.6895
1,2,1998,0,100.142
1,2,1999,0,40.059
1,2,2000,0,58.8302
1,2,2001,0,104.476
1,2,2002,0,58.1257
1,2,2003,0,75.6203
1,2,2004,0,87.9905
1,2,2005,0,98.3271
1,2,2006,0,128.299
1,2,2007,0,59.1703
1,2,2008,0,127.667
1,2,2009,0,120.887
1,2,2010,0,112.816
1,2,2011,0,80.9794
1,2,2012,0,94.0113
1,2,2013,0,78.0308
1,2,2014,0,29.9584
1,2,2015,0,64.199
1,2,2016,0,35.008
1,2,2017,0,56.9868
1,2,2018,0,58.5918
1,2,2019,0,115.536
1,2,2020,0,71.005
1,2,2021,0,41.0436
1,2,2022,0,83.0716
1,2,2023,0,83.1316
2,1,1952,0,247.726
2,1,1953,0,247.747
2,1,1954,0,247.743
2,1,1955,0,247.717
2,1,1956,0,247.678
2,1,1957,0,247.645
2,1,1958,0,247.625
2,1,1959,0,247.587
2,1,1960,0,247.544
2,1,1961,0,247.517
2,1,1962,0,247.472
2,1,1963,0,247.428
2,1,1964,0,247.372
2,1,1965,0,247.35
2,1,1966,0,247.279
2,1,1967,0,247.192
2,1,1968,0,247.123
2,1,1969,0,245.436
2,1,1970,0,244.979
2,1,1971,0,244.467
2,1,1972,0,243.722
2,1,1973,0,242.896
2,1,1974,0,242.019
2,1,1975,0,241.041
2,1,1976,0,239.872
2,1,1977,0,238.396
2,1,1978,0,236.835
2,1,1979,0,235.551
2,1,1980,0,234.152
2,1,1981,0,233.713
2,1,1982,0,234.447
2,1,1983,0,231.824
2,1,1984,0,253.419
2,1,1985,0,229.514
2,1,1986,0,216.651
2,1,1987,0,235.75
2,1,1988,0,255.249
2,1,1989,0,274.85
2,1,1990,0,411.47
2,1,1991,0,234.833
2,1,1992,0,301.504
2,1,1993,0,272.945
2,1,1994,0,297.535
2,1,1995,0,190.995
2,1,1996,0,139.274
2,1,1997,0,236.516
2,1,1998,0,279.671
2,1,1999,0,111.874
2,1,2000,0,164.297
2,1,2001,0,291.775
2,1,2002,0,162.33
2,1,2003,0,211.188
2,1,2004,0,245.734
2,1,2005,0,274.602
2,1,2006,0,358.306
2,1,2007,0,165.247
2,1,2008,0,356.541
2,1,2009,0,337.604
2,1,2010,0,315.066
2,1,2011,0,226.154
2,1,2012,0,262.549
2,1,2013,0,217.919
2,1,2014,0,83.6658
2,1,2015,0,179.291
2,1,2016,0,97.7681
2,1,2017,0,159.149
2,1,2018,0,163.632
2,1,2019,0,322.663
2,1,2020,0,198.298
2,1,2021,0,114.624
2,1,2022,0,231.997
2,1,2023,0,232.165
2,2,1952,0,266.107
2,2,1953,0,266.13
2,2,1954,0,266.126
2,2,1955,0,266.098
2,2,1956,0,266.056
2,2,1957,0,266.02
2,2,1958,0,265.999
2,2,1959,0,265.958
2,2,1960,0,265.912
2,2,1961,0,265.883
2,2,1962,0,265.835
2,2,1963,0,265.788
2,2,1964,0,265.727
2,2,1965,0,265.704
2,2,1966,0,265.628
2,2,1967,0,265.534
2,2,1968,0,265.46
2,2,1969,0,263.648
2,2,1970,0,263.157
2,2,1971,0,262.607
2,2,1972,0,261.806
2,2,1973,0,260.919
2,2,1974,0,259.977
2,2,1975,0,258.926
2,2,1976,0,257.67
2,2,1977,0,256.085
2,2,1978,0,254.409
2,2,1979,0,253.029
2,2,1980,0,251.526
2,2,1981,0,251.055
2,2,1982,0,251.843
2,2,1983,0,249.025
2,2,1984,0,272.223
2,2,1985,0,246.544
2,2,1986,0,232.726
2,2,1987,0,253.243
2,2,1988,0,274.188
2,2,1989,0,295.244
2,2,1990,0,442.002
2,2,1991,0,252.257
2,2,1992,0,323.876
2,2,1993,0,293.198
2,2,1994,0,319.612
2,2,1995,0,205.167
2,2,1996,0,149.609
2,2,1997,0,254.065
2,2,1998,0,300.423
2,2,1999,0,120.175
2,2,2000,0,176.488
2,2,2001,0,313.426
2,2,2002,0,174.375
2,2,2003,0,226.858
2,2,2004,0,263.968
2,2,2005,0,294.978
2,2,2006,0,384.893
2,2,2007,0,177.509
2,2,2008,0,382.997
2,2,2009,0,362.655
2,2,2010,0,338.444
2,2,2011,0,242.935
2,2,2012,0,282.03
2,2,2013,0,234.089
2,2,2014,0,89.874
2,2,2015,0,192.595
2,2,2016,0,105.023
2,2,2017,0,170.958
2,2,2018,0,175.773
2,2,2019,0,346.605
2,2,2020,0,213.012
2,2,2021,0,123.129
2,2,2022,0,249.212
2,2,2023,0,249.392
1,1,1952,1,862.54
1,1,1953,1,870.09
1,1,1954,1,870.134
1,1,1955,1,869.774
1,1,1956,1,870.003
1,1,1957,1,869.848
1,1,1958,1,869.508
1,1,1959,1,869.374
1,1,1960,1,869.435
1,1,1961,1,869.286
1,1,1962,1,868.917
1,1,1963,1,868.774
1,1,1964,1,868.504
1,1,1965,1,868.61
1,1,1966,1,867.949
1,1,1967,1,867.737
1,1,1968,1,867.744
1,1,1969,1,867.112
1,1,1970,1,861.53
1,1,1971,1,859.617
1,1,1972,1,857.431
1,1,1973,1,855.202
1,1,1974,1,852.297
1,1,1975,1,848.809
1,1,1976,1,846.085
1,1,1977,1,841.359
1,1,1978,1,837
1,1,1979,1,831.286
1,1,1980,1,826.406
1,1,1981,1,820.968
1,1,1982,1,819.251
1,1,1983,1,822.087
1,1,1984,1,813.598
1,1,1985,1,888.692
1,1,1986,1,804.961
1,1,1987,1,760.262
1,1,1988,1,827.221
1,1,1989,1,895.48
1,1,1990,1,964.253
1,1,1991,1,1443.41
1,1,1992,1,824.289
1,1,1993,1,1058.29
1,1,1994,1,958.088
1,1,1995,1,1044.23
1,1,1996,1,670.475
1,1,1997,1,488.59
1,1,1998,1,828.717
1,1,1999,1,979.728
1,1,2000,1,391.649
1,1,2001,1,575.362
1,1,2002,1,1021.21
1,1,2003,1,568.15
1,1,2004,1,739.789
1,1,2005,1,860.769
1,1,2006,1,961.983
1,1,2007,1,1256.27
1,1,2008,1,579.433
1,1,2009,1,1249.61
1,1,2010,1,1182.96
1,1,2011,1,1103.82
1,1,2012,1,791.19
1,1,2013,1,919.51
1,1,2014,1,763.147
1,1,2015,1,293.198
1,1,2016,1,628.045
1,1,2017,1,342.527
1,1,2018,1,557.337
1,1,2019,1,572.85
1,1,2020,1,1130.44
1,1,2021,1,695.452
1,1,2022,1,401.953
1,1,2023,1,812.964
1,2,1952,1,1068.86
1,2,1953,1,1091.03
1,2,1954,1,1091.06
1,2,1955,1,1090.42
1,2,1956,1,1090.87
1,2,1957,1,1090.67
1,2,1958,1,1090.16
1,2,1959,1,1089.94
1,2,1960,1,1090.1
1,2,1961,1,1089.91
1,2,1962,1,1089.4
1,2,1963,1,1089.14
1,2,1964,1,1088.73
1,2,1965,1,1089.03
1,2,1966,1,1087.86
1,2,1967,1,1087.64
1,2,1968,1,1087.81
1,2,1969,1,1086.71
1,2,1970,1,1079.98
1,2,1971,1,1077.36
1,2,1972,1,1074.44
1,2,1973,1,1071.78
1,2,1974,1,1068.2
1,2,1975,1,1063.48
1,2,1976,1,1060.62
1,2,1977,1,1054.27
1,2,1978,1,1049.4
1,2,1979,1,1042.08
1,2,1980,1,1035.78
1,2,1981,1,1028.7
1,2,1982,1,1026.56
1,2,1983,1,1030.05
1,2,1984,1,1019.85
1,2,1985,1,1113.64
1,2,1986,1,1008.75
1,2,1987,1,952.928
1,2,1988,1,1036.77
1,2,1989,1,1122.35
1,2,1990,1,1208.47
1,2,1991,1,1808.86
1,2,1992,1,1033.24
1,2,1993,1,1326.59
1,2,1994,1,1201.11
1,2,1995,1,1309.04
1,2,1996,1,840.543
1,2,1997,1,612.256
1,2,1998,1,1037.8
1,2,1999,1,1226.67
1,2,2000,1,490.21
1,2,2001,1,720.332
1,2,2002,1,1278.13
1,2,2003,1,711.1
1,2,2004,1,926.427
1,2,2005,1,1077.87
1,2,2006,1,1204.64
1,2,2007,1,1573.97
1,2,2008,1,726.012
1,2,2009,1,1565.39
1,2,2010,1,1481.9
1,2,2011,1,1382.76
1,2,2012,1,990.817
1,2,2013,1,1151.85
1,2,2014,1,955.932
1,2,2015,1,367.321
1,2,2016,1,786.7
1,2,2017,1,429.047
1,2,2018,1,697.969
1,2,2019,1,717.447
1,2,2020,1,1415.99
1,2,2021,1,871.461
1,2,2022,1,503.671
1,2,2023,1,1018.43
2,1,1952,1,2249.93
2,1,1953,1,2269.79
2,1,1954,1,2269.97
2,1,1955,1,2269.83
2,1,1956,1,2269.31
2,1,1957,1,2269.04
2,1,1958,1,2268.65
2,1,1959,1,2268.41
2,1,1960,1,2268.09
2,1,1961,1,2267.77
2,1,1962,1,2267.16
2,1,1963,1,2266.93
2,1,1964,1,2265.96
2,1,1965,1,2266.19
2,1,1966,1,2265.8
2,1,1967,1,2265.02
2,1,1968,1,2263.9
2,1,1969,1,2263.93
2,1,1970,1,2248.48
2,1,1971,1,2244.29
2,1,1972,1,2239.59
2,1,1973,1,2232.66
2,1,1974,1,2225.24
2,1,1975,1,2216.87
2,1,1976,1,2207.01
2,1,1977,1,2196.18
2,1,1978,1,2183.27
2,1,1979,1,2168.97
2,1,1980,1,2156.23
2,1,1981,1,2143.73
2,1,1982,1,2139.28
2,1,1983,1,2146.87
2,1,1984,1,2122.91
2,1,1985,1,2320.33
2,1,1986,1,2100.58
2,1,1987,1,1983.36
2,1,1988,1,2157.89
2,1,1989,1,2334.09
2,1,1990,1,2515.33
2,1,1991,1,3765.19
2,1,1992,1,2149.53
2,1,1993,1,2758.69
2,1,1994,1,2497.76
2,1,1995,1,2720.91
2,1,1996,1,1747.26
2,1,1997,1,1274.15
2,1,1998,1,2164.03
2,1,1999,1,2554.72
2,1,2000,1,1021.69
2,1,2001,1,1500.67
2,1,2002,1,2662.35
2,1,2003,1,1476.4
2,1,2004,1,1924.3
2,1,2005,1,2233.6
2,1,2006,1,2504.22
2,1,2007,1,3259.09
2,1,2008,1,1505.54
2,1,2009,1,3242.11
2,1,2010,1,3067.12
2,1,2011,1,2870.77
2,1,2012,1,2054.94
2,1,2013,1,2386.62
2,1,2014,1,1979.06
2,1,2015,1,758.379
2,1,2016,1,1623.39
2,1,2017,1,885.546
2,1,2018,1,1440.69
2,1,2019,1,1479.55
2,1,2020,1,2926.33
2,1,2021,1,1805.23
2,1,2022,1,1043.62
2,1,2023,1,2109.06
2,2,1952,1,2788.1
2,2,1953,1,2846.18
2,2,1954,1,2846.41
2,2,1955,1,2846.18
2,2,1956,1,2845.48
2,2,1957,1,2845.13
2,2,1958,1,2844.65
2,2,1959,1,2844.32
2,2,1960,1,2843.93
2,2,1961,1,2843.55
2,2,1962,1,2842.67
2,2,1963,1,2842.44
2,2,1964,1,2841.08
2,2,1965,1,2841.58
2,2,1966,1,2841.04
2,2,1967,1,2840.02
2,2,1968,1,2838.5
2,2,1969,1,2838.75
2,2,1970,1,2819.38
2,2,1971,1,2814.11
2,2,1972,1,2808.21
2,2,1973,1,2799.48
2,2,1974,1,2790.23
2,2,1975,1,2779.64
2,2,1976,1,2767.04
2,2,1977,1,2753.43
2,2,1978,1,2737.43
2,2,1979,1,2719.48
2,2,1980,1,2703.21
2,2,1981,1,2687.67
2,2,1982,1,2681.92
2,2,1983,1,2691.73
2,2,1984,1,2661.67
2,2,1985,1,2909.11
2,2,1986,1,2633.37
2,2,1987,1,2486.54
2,2,1988,1,2705.27
2,2,1989,1,2925.58
2,2,1990,1,3153.29
2,2,1991,1,4719.97
2,2,1992,1,2694.82
2,2,1993,1,3458.18
2,2,1994,1,3131.23
2,2,1995,1,3410.48
2,2,1996,1,2190.22
2,2,1997,1,1597.22
2,2,1998,1,2712.79
2,2,1999,1,3201.32
2,2,2000,1,1280.24
2,2,2001,1,1880.62
2,2,2002,1,3335.47
2,2,2003,1,1848.35
2,2,2004,1,2410.24
2,2,2005,1,2795.95
2,2,2006,1,3136.8
2,2,2007,1,4079.2
2,2,2008,1,1885.26
2,2,2009,1,4058.64
2,2,2010,1,3839.06
2,2,2011,1,3595.41
2,2,2012,1,2572.07
2,2,2013,1,2987.65
2,2,2014,1,2476.89
2,2,2015,1,948.757
2,2,2016,1,2030.56
2,2,2017,1,1107.57
2,2,2018,1,1801.7
2,2,2019,1,1849.98
2,2,2020,1,3660.96
2,2,2021,1,2260.38
2,2,2022,1,1306.64
2,2,2023,1,2639.9
1,1,1952,2,1755.63
1,1,1953,2,1768.39
1,1,1954,2,1767.68
1,1,1955,2,1763.48
1,1,1956,2,1765.69
1,1,1957,2,1766.81
1,1,1958,2,1764.92
1,1,1959,2,1761.85
1,1,1960,2,1763.59
1,1,1961,2,1764.01
1,1,1962,2,1761.75
1,1,1963,2,1757.61
1,1,1964,2,1755.71
1,1,1965,2,1759.51
1,1,1966,2,1747.25
1,1,1967,2,1746.81
1,1,1968,2,1752.47
1,1,1969,2,1739.68
1,1,1970,2,1747.78
1,1,1971,2,1733.89
1,1,1972,2,1720.65
1,1,1973,2,1718.32
1,1,1974,2,1715.01
1,1,1975,2,1702.38
1,1,1976,2,1711.32
1,1,1977,2,1692.84
1,1,1978,2,1704.13
1,1,1979,2,1689.1
1,1,1980,2,1671.74
1,1,1981,2,1656.05
1,1,1982,2,1642.8
1,1,1983,2,1638.12
1,1,1984,2,1654.46
1,1,1985,2,1631.67
1,1,1986,2,1777.61
1,1,1987,2,1616.17
1,1,1988,2,1525.6
1,1,1989,2,1653.97
1,1,1990,2,1791.13
1,1,1991,2,1934.16
1,1,1992,2,2900.71
1,1,1993,2,1653.34
1,1,1994,2,2129.25
1,1,1995,2,1923.18
1,1,1996,2,2102.98
1,1,1997,2,1339.1
1,1,1998,2,962.396
1,1,1999,2,1629.24
1,1,2000,2,1917.54
1,1,2001,2,767.933
1,1,2002,2,1125.22
1,1,2003,2,1994.94
1,1,2004,2,1116.77
1,1,2005,2,1454.55
1,1,2006,2,1698.43
1,1,2007,2,1917.91
1,1,2008,2,2505.71
1,1,2009,2,1152.78
1,1,2010,2,2485.82
1,1,2011,2,2352.18
1,1,2012,2,2185.41
1,1,2013,2,1569.78
1,1,2014,2,1825.65
1,1,2015,2,1517.32
1,1,2016,2,582.099
1,1,2017,2,1246.44
1,1,2018,2,677.389
1,1,2019,2,1100.78
1,1,2020,2,1131.61
1,1,2021,2,2259.32
1,1,2022,2,1389.84
1,1,2023,2,799.799
1,2,1952,2,2143.38
1,2,1953,2,2173.21
1,2,1954,2,2172.19
1,2,1955,2,2166.13
1,2,1956,2,2168.95
1,2,1957,2,2170.85
1,2,1958,2,2168.3
1,2,1959,2,2163.7
1,2,1960,2,2166.14
1,2,1961,2,2166.96
1,2,1962,2,2163.69
1,2,1963,2,2157.55
1,2,1964,2,2154.68
1,2,1965,2,2160.18
1,2,1966,2,2142.25
1,2,1967,2,2141.16
1,2,1968,2,2149.74
1,2,1969,2,2130.84
1,2,1970,2,2142.62
1,2,1971,2,2125.91
1,2,1972,2,2106.5
1,2,1973,2,2103.38
1,2,1974,2,2099.75
1,2,1975,2,2083.2
1,2,1976,2,2097.38
1,2,1977,2,2072.79
1,2,1978,2,2091.24
1,2,1979,2,2072.12
1,2,1980,2,2049.14
1,2,1981,2,2028.44
1,2,1982,2,2010.86
1,2,1983,2,2004.64
1,2,1984,2,2026.83
1,2,1985,2,1998.97
1,2,1986,2,2175.32
1,2,1987,2,1979.13
1,2,1988,2,1868.44
1,2,1989,2,2022.86
1,2,1990,2,2191.48
1,2,1991,2,2368.95
1,2,1992,2,3552.64
1,2,1993,2,2023.74
1,2,1994,2,2608.33
1,2,1995,2,2354.51
1,2,1996,2,2577.16
1,2,1997,2,1638.07
1,2,1998,2,1172.94
1,2,1999,2,1983.4
1,2,2000,2,2332.53
1,2,2001,2,933.66
1,2,2002,2,1368.4
1,2,2003,2,2423.66
1,2,2004,2,1358.13
1,2,2005,2,1770.57
1,2,2006,2,2069.54
1,2,2007,2,2342.02
1,2,2008,2,3061.62
1,2,2009,2,1408.44
1,2,2010,2,3037.05
1,2,2011,2,2873.69
1,2,2012,2,2668.53
1,2,2013,2,1915.91
1,2,2014,2,2229.69
1,2,2015,2,1852.8
1,2,2016,2,710.939
1,2,2017,2,1521.72
1,2,2018,2,826.346
1,2,2019,2,1341.92
1,2,2020,2,1378.94
1,2,2021,2,2761.86
1,2,2022,2,1699.74
1,2,2023,2,977.317
2,1,1952,2,4052.18
2,1,1953,2,4082.74
2,1,1954,2,4082.69
2,1,1955,2,4081.75
2,1,1956,2,4078.09
2,1,1957,2,4077.86
2,1,1958,2,4078.19
2,1,1959,2,4076.15
2,1,1960,2,4074.19
2,1,1961,2,4076.09
2,1,1962,2,4072.25
2,1,1963,2,4073.64
2,1,1964,2,4068.4
2,1,1965,2,4072.41
2,1,1966,2,4071.01
2,1,1967,2,4068.22
2,1,1968,2,4065.67
2,1,1969,2,4067.22
2,1,1970,2,4067.11
2,1,1971,2,4040.38
2,1,1972,2,4031.48
2,1,1973,2,4022.05
2,1,1974,2,4012.03
2,1,1975,2,3995.6
2,1,1976,2,3976.04
2,1,1977,2,3955.15
2,1,1978,2,3941.54
2,1,1979,2,3918.9
2,1,1980,2,3885.17
2,1,1981,2,3862.72
2,1,1982,2,3837.73
2,1,1983,2,3834.38
2,1,1984,2,3851.36
2,1,1985,2,3805.77
2,1,1986,2,4152.63
2,1,1987,2,3761.73
2,1,1988,2,3550.78
2,1,1989,2,3847.42
2,1,1990,2,4173.61
2,1,1991,2,4497.38
2,1,1992,2,6741.71
2,1,1993,2,3844.25
2,1,1994,2,4935.41
2,1,1995,2,4455.36
2,1,1996,2,4863.12
2,1,1997,2,3120.23
2,1,1998,2,2276.44
2,1,1999,2,3839.39
2,1,2000,2,4520.03
2,1,2001,2,1803.35
2,1,2002,2,2630.92
2,1,2003,2,4629.38
2,1,2004,2,2578.05
2,1,2005,2,3323.75
2,1,2006,2,3913.62
2,1,2007,2,4322.74
2,1,2008,2,5655.53
2,1,2009,2,2606.9
2,1,2010,2,5609.59
2,1,2011,2,5367.37
2,1,2012,2,4963.96
2,1,2013,2,3554.43
2,1,2014,2,4121.88
2,1,2015,2,3388.64
2,1,2016,2,1293.23
2,1,2017,2,2781.3
2,1,2018,2,1513.88
2,1,2019,2,2442.61
2,1,2020,2,2546.05
2,1,2021,2,5101.3
2,1,2022,2,3148.17
2,1,2023,2,1813.93
2,2,1952,2,4947.15
2,2,1953,2,5017.6
2,2,1954,2,5017.52
2,2,1955,2,5015.84
2,2,1956,2,5009.97
2,2,1957,2,5009.66
2,2,1958,2,5010.88
2,2,1959,2,5007.71
2,2,1960,2,5004.5
2,2,1961,2,5007.78
2,2,1962,2,5001.95
2,2,1963,2,5004.82
2,2,1964,2,4997.11
2,2,1965,2,5003.31
2,2,1966,2,5001.42
2,2,1967,2,4996.84
2,2,1968,2,4993.5
2,2,1969,2,4996.14
2,2,1970,2,4995.91
2,2,1971,2,4963.73
2,2,1972,2,4951.8
2,2,1973,2,4939.82
2,2,1974,2,4928.71
2,2,1975,2,4907.68
2,2,1976,2,4883.07
2,2,1977,2,4855.48
2,2,1978,2,4840.72
2,2,1979,2,4813.74
2,2,1980,2,4769.47
2,2,1981,2,4741.25
2,2,1982,2,4709.62
2,2,1983,2,4706.13
2,2,1984,2,4729.21
2,2,1985,2,4672.69
2,2,1986,2,5096.97
2,2,1987,2,4616.27
2,2,1988,2,4357.67
2,2,1989,2,4717.71
2,2,1990,2,5120.22
2,2,1991,2,5517.85
2,2,1992,2,8274.09
2,2,1993,2,4717.62
2,2,1994,2,6057.05
2,2,1995,2,5464.41
2,2,1996,2,5966.76
2,2,1997,2,3827.28
2,2,1998,2,2792.46
2,2,1999,2,4702.6
2,2,2000,2,5530.32
2,2,2001,2,2204.56
2,2,2002,2,3210.25
2,2,2003,2,5641.89
2,2,2004,2,3139.66
2,2,2005,2,4040.2
2,2,2006,2,4767.71
2,2,2007,2,5245.19
2,2,2008,2,6860.05
2,2,2009,2,3168.94
2,2,2010,2,6823.57
2,2,2011,2,6540.34
2,2,2012,2,6037.63
2,2,2013,2,4320.1
2,2,2014,2,5010.36
2,2,2015,2,4111.79
2,2,2016,2,1567.09
2,2,2017,2,3374.62
2,2,2018,2,1836.44
2,2,2019,2,2955.72
2,2,2020,2,3090.35
2,2,2021,2,6206.13
2,2,2022,2,3832.71
2,2,2023,2,2208.65
1,1,1952,3,2560.85
1,1,1953,3,2574.32
1,1,1954,3,2572.26
1,1,1955,3,2562.08
1,1,1956,3,2562.23
1,1,1957,3,2566.86
1,1,1958,3,2565.31
1,1,1959,3,2556.97
1,1,1960,3,2557.06
1,1,1961,3,2560.32
1,1,1962,3,2556.13
1,1,1963,3,2544.1
1,1,1964,3,2535.41
1,1,1965,3,2542.35
1,1,1966,3,2518.64
1,1,1967,3,2503.67
1,1,1968,3,2517.09
1,1,1969,3,2493.29
1,1,1970,3,2498.17
1,1,1971,3,2505.51
1,1,1972,3,2461.67
1,1,1973,3,2446.41
1,1,1974,3,2444.09
1,1,1975,3,2427.12
1,1,1976,3,2445.99
1,1,1977,3,2428.71
1,1,1978,3,2451.33
1,1,1979,3,2450.1
1,1,1980,3,2414.86
1,1,1981,3,2378.92
1,1,1982,3,2348.57
1,1,1983,3,2327.88
1,1,1984,3,2344.49
1,1,1985,3,2357.66
1,1,1986,3,2312.83
1,1,1987,3,2534.24
1,1,1988,3,2302.08
1,1,1989,3,2154.58
1,1,1990,3,2340.33
1,1,1991,3,2552.02
1,1,1992,3,2760.47
1,1,1993,3,4118.85
1,1,1994,3,2360.15
1,1,1995,3,3024.49
1,1,1996,3,2750.84
1,1,1997,3,2964.84
1,1,1998,3,1841.75
1,1,1999,3,1319.26
1,1,2000,3,2219.58
1,1,2001,3,2610.1
1,1,2002,3,1043.59
1,1,2003,3,1521.26
1,1,2004,3,2719.8
1,1,2005,3,1527.67
1,1,2006,3,2001.59
1,1,2007,3,2378.41
1,1,2008,3,2683.89
1,1,2009,3,3499.27
1,1,2010,3,1612.3
1,1,2011,3,3473.13
1,1,2012,3,3268.04
1,1,2013,3,3038.01
1,1,2014,3,2187.96
1,1,2015,3,2544.5
1,1,2016,3,2113.06
1,1,2017,3,809.221
1,1,2018,3,1722.86
1,1,2019,3,933.065
1,1,2020,3,1513.4
1,1,2021,3,1591.76
1,1,2022,3,3179.57
1,1,2023,3,1943.11
1,2,1952,3,2839.46
1,2,1953,3,2862.71
1,2,1954,3,2860.22
1,2,1955,3,2848.48
1,2,1956,3,2847.67
1,2,1957,3,2852.93
1,2,1958,3,2851.8
1,2,1959,3,2842.12
1,2,1960,3,2841.31
1,2,1961,3,2845.29
1,2,1962,3,2840.81
1,2,1963,3,2826.37
1,2,1964,3,2815.59
1,2,1965,3,2822.86
1,2,1966,3,2796.92
1,2,1967,3,2776.87
1,2,1968,3,2791.38
1,2,1969,3,2765.95
1,2,1970,3,2768.15
1,2,1971,3,2778.67
1,2,1972,3,2729.51
1,2,1973,3,2708.72
1,2,1974,3,2705.69
1,2,1975,3,2687.54
1,2,1976,3,2708.12
1,2,1977,3,2692.06
1,2,1978,3,2715.86
1,2,1979,3,2719.64
1,2,1980,3,2679.1
1,2,1981,3,2637.04
1,2,1982,3,2600.84
1,2,1983,3,2576.63
1,2,1984,3,2595.11
1,2,1985,3,2612.47
1,2,1986,3,2562.3
1,2,1987,3,2804.83
1,2,1988,3,2549.58
1,2,1989,3,2385.44
1,2,1990,3,2587.86
1,2,1991,3,2823.96
1,2,1992,3,3057.77
1,2,1993,3,4561.18
1,2,1994,3,2612.47
1,2,1995,3,3349.81
1,2,1996,3,3045.76
1,2,1997,3,3284.42
1,2,1998,3,2034.98
1,2,1999,3,1452.4
1,2,2000,3,2440.21
1,2,2001,3,2866.1
1,2,2002,3,1145.44
1,2,2003,3,1669.36
1,2,2004,3,2981.59
1,2,2005,3,1677.09
1,2,2006,3,2199.1
1,2,2007,3,2617.22
1,2,2008,3,2957.76
1,2,2009,3,3859.03
1,2,2010,3,1778.69
1,2,2011,3,3831.26
1,2,2012,3,3604.43
1,2,2013,3,3347.95
1,2,2014,3,2410.67
1,2,2015,3,2804.94
1,2,2016,3,2328.9
1,2,2017,3,891.939
1,2,2018,3,1898.15
1,2,2019,3,1026.9
1,2,2020,3,1664.19
1,2,2021,3,1751.51
1,2,2022,3,3509.76
1,2,2023,3,2145.67
2,1,1952,3,5303.36
2,1,1953,3,5333.55
2,1,1954,3,5333.41
2,1,1955,3,5329.23
2,1,1956,3,5316.56
2,1,1957,3,5313.89
2,1,1958,3,5318.99
2,1,1959,3,5314.21
2,1,1960,3,5304.52
2,1,1961,3,5310.47
2,1,1962,3,5303.16
2,1,1963,3,5308.64
2,1,1964,3,5297.47
2,1,1965,3,5305
2,1,1966,3,5305.53
2,1,1967,3,5294.68
2,1,1968,3,5289.17
2,1,1969,3,5294.42
2,1,1970,3,5292.92
2,1,1971,3,5298.47
2,1,1972,3,5255.12
2,1,1973,3,5240.65
2,1,1974,3,5238.23
2,1,1975,3,5216.36
2,1,1976,3,5188.96
2,1,1977,3,5151.45
2,1,1978,3,5141.75
2,1,1979,3,5128.89
2,1,1980,3,5074.37
2,1,1981,3,5030.16
2,1,1982,3,4989.62
2,1,1983,3,4966.3
2,1,1984,3,4976.84
2,1,1985,3,4994.07
2,1,1986,3,4921.41
2,1,1987,3,5366.31
2,1,1988,3,4861.15
2,1,1989,3,4553.95
2,1,1990,3,4964.29
2,1,1991,3,5385.13
2,1,1992,3,5819.67
2,1,1993,3,8708.18
2,1,1994,3,4971.83
2,1,1995,3,6345.67
2,1,1996,3,5753.6
2,1,1997,3,6264
2,1,1998,3,4021.06
2,1,1999,3,2896.63
2,1,2000,3,4857.27
2,1,2001,3,5675.57
2,1,2002,3,2231.4
2,1,2003,3,3221.8
2,1,2004,3,5676.03
2,1,2005,3,3099.01
2,1,2006,3,4093.74
2,1,2007,3,4659.29
2,1,2008,3,5157.46
2,1,2009,3,6800.56
2,1,2010,3,3156.49
2,1,2011,3,6918.04
2,1,2012,3,6481.07
2,1,2013,3,5984.11
2,1,2014,3,4281.23
2,1,2015,3,4895.29
2,1,2016,3,3990.32
2,1,2017,3,1543.66
2,1,2018,3,3310.97
2,1,2019,3,1766.77
2,1,2020,3,2933.84
2,1,2021,3,3108.79
2,1,2022,3,6239.06
2,1,2023,3,3844.61
2,2,1952,3,5880.34
2,2,1953,3,5931.13
2,2,1954,3,5930.96
2,2,1955,3,5925.82
2,2,1956,3,5909.47
2,2,1957,3,5905.35
2,2,1958,3,5911.99
2,2,1959,3,5906.86
2,2,1960,3,5894.07
2,2,1961,3,5900.81
2,2,1962,3,5892.65
2,2,1963,3,5899.21
2,2,1964,3,5886.87
2,2,1965,3,5894.97
2,2,1966,3,5896.68
2,2,1967,3,5882.83
2,2,1968,3,5875.17
2,2,1969,3,5881.61
2,2,1970,3,5879.7
2,2,1971,3,5886.92
2,2,1972,3,5837.35
2,2,1973,3,5819.92
2,2,1974,3,5818.5
2,2,1975,3,5794.52
2,2,1976,3,5763.65
2,2,1977,3,5719.4
2,2,1978,3,5708.58
2,2,1979,3,5697.95
2,2,1980,3,5634.91
2,2,1981,3,5582.38
2,2,1982,3,5533.88
2,2,1983,3,5507.27
2,2,1984,3,5522.53
2,2,1985,3,5544.37
2,2,1986,3,5462.56
2,2,1987,3,5951.43
2,2,1988,3,5390.64
2,2,1989,3,5047.55
2,2,1990,3,5501.5
2,2,1991,3,5971.18
2,2,1992,3,6454.95
2,2,1993,3,9660.88
2,2,1994,3,5516.9
2,2,1995,3,7038.32
2,2,1996,3,6380.28
2,2,1997,3,6947.2
2,2,1998,3,4458.25
2,2,1999,3,3209.69
2,2,2000,3,5372.45
2,2,2001,3,6264.67
2,2,2002,3,2458.48
2,2,2003,3,3542.54
2,2,2004,3,6224.78
2,2,2005,3,3392.34
2,2,2006,3,4476.08
2,2,2007,3,5090.41
2,2,2008,3,5601.09
2,2,2009,3,7402.29
2,2,2010,3,3451.38
2,2,2011,3,7576.95
2,2,2012,3,7103.48
2,2,2013,3,6541.78
2,2,2014,3,4678.22
2,2,2015,3,5346.77
2,2,2016,3,4347.01
2,2,2017,3,1682.61
2,2,2018,3,3613.17
2,2,2019,3,1923.8
2,2,2020,3,3192.32
2,2,2021,3,3391.29
2,2,2022,3,6827.14
2,2,2023,3,4211.6
1,1,1952,4,3148.38
1,1,1953,4,3160.59
1,1,1954,4,3157.36
1,1,1955,4,3143.22
1,1,1956,4,3138.81
1,1,1957,4,3140.91
1,1,1958,4,3142.36
1,1,1959,4,3133.2
1,1,1960,4,3129.02
1,1,1961,4,3130.04
1,1,1962,4,3127.68
1,1,1963,4,3110.27
1,1,1964,4,3093.53
1,1,1965,4,3095.69
1,1,1966,4,3067.21
1,1,1967,4,3042.28
1,1,1968,4,3042.96
1,1,1969,4,3017.72
1,1,1970,4,3018.7
1,1,1971,4,3020.96
1,1,1972,4,2997.36
1,1,1973,4,2949.23
1,1,1974,4,2933.47
1,1,1975,4,2916.55
1,1,1976,4,2942.82
1,1,1977,4,2927.38
1,1,1978,4,2966.65
1,1,1979,4,2972.06
1,1,1980,4,2950.81
1,1,1981,4,2895.51
1,1,1982,4,2841.06
1,1,1983,4,2804
1,1,1984,4,2809
1,1,1985,4,2817.8
1,1,1986,4,2816.1
1,1,1987,4,2779.17
1,1,1988,4,3042.81
1,1,1989,4,2737.28
1,1,1990,4,2567.12
1,1,1991,4,2810.19
1,1,1992,4,3069.52
1,1,1993,4,3301
1,1,1994,4,4953.91
1,1,1995,4,2824.26
1,1,1996,4,3645.41
1,1,1997,4,3264.83
1,1,1998,4,3425.62
1,1,1999,4,2122.47
1,1,2000,4,1511.58
1,1,2001,4,2538.01
1,1,2002,4,2979.84
1,1,2003,4,1183.42
1,1,2004,4,1739.4
1,1,2005,4,3122.66
1,1,2006,4,1761.9
1,1,2007,4,2351.65
1,1,2008,4,2787.17
1,1,2009,4,3135.27
1,1,2010,4,4099.48
1,1,2011,4,1887.61
1,1,2012,4,4043.33
1,1,2013,4,3804.51
1,1,2014,4,3547.54
1,1,2015,4,2553.43
1,1,2016,4,2966.97
1,1,2017,4,2456.78
1,1,2018,4,935.575
1,1,2019,4,1984.73
1,1,2020,4,1071.98
1,1,2021,4,1782.65
1,1,2022,4,1876.6
1,1,2023,4,3724.44
1,2,1952,4,3103.8
1,2,1953,4,3119.05
1,2,1954,4,3115.81
1,2,1955,4,3101.62
1,2,1956,4,3096.85
1,2,1957,4,3097.86
1,2,1958,4,3099.33
1,2,1959,4,3090.92
1,2,1960,4,3086.42
1,2,1961,4,3086.43
1,2,1962,4,3084.42
1,2,1963,4,3067.34
1,2,1964,4,3049.84
1,2,1965,4,3050.89
1,2,1966,4,3022.34
1,2,1967,4,2998.2
1,2,1968,4,2995.44
1,2,1969,4,2970.11
1,2,1970,4,2972.06
1,2,1971,4,2971.16
1,2,1972,4,2950.19
1,2,1973,4,2902.18
1,2,1974,4,2882.93
1,2,1975,4,2865.91
1,2,1976,4,2892.47
1,2,1977,4,2876.89
1,2,1978,4,2918.49
1,2,1979,4,2922.55
1,2,1980,4,2906.74
1,2,1981,4,2850.75
1,2,1982,4,2794.77
1,2,1983,4,2755.74
1,2,1984,4,2759.45
1,2,1985,4,2768.32
1,2,1986,4,2769.46
1,2,1987,4,2732.59
1,2,1988,4,2988.9
1,2,1989,4,2690.27
1,2,1990,4,2522.15
1,2,1991,4,2757.83
1,2,1992,4,3014.58
1,2,1993,4,3244.92
1,2,1994,4,4868.67
1,2,1995,4,2774.65
1,2,1996,4,3583.26
1,2,1997,4,3208.09
1,2,1998,4,3367.36
1,2,1999,4,2081.32
1,2,2000,4,1477.27
1,2,2001,4,2476.79
1,2,2002,4,2904.17
1,2,2003,4,1152.71
1,2,2004,4,1693.6
1,2,2005,4,3037.19
1,2,2006,4,1715.61
1,2,2007,4,2291.39
1,2,2008,4,2719.4
1,2,2009,4,3061.96
1,2,2010,4,4007.05
1,2,2011,4,1846.25
1,2,2012,4,3954.72
1,2,2013,4,3720.73
1,2,2014,4,3466.17
1,2,2015,4,2494.35
1,2,2016,4,2899.55
1,2,2017,4,2400.08
1,2,2018,4,914.074
1,2,2019,4,1938.46
1,2,2020,4,1045.79
1,2,2021,4,1737.7
1,2,2022,4,1830.74
1,2,2023,4,3645.01
2,1,1952,4,5917.09
2,1,1953,4,5942.73
2,1,1954,4,5942.52
2,1,1955,4,5936.23
2,1,1956,4,5913.6
2,1,1957,4,5903.3
2,1,1958,4,5909.93
2,1,1959,4,5907.29
2,1,1960,4,5890.34
2,1,1961,4,5892.1
2,1,1962,4,5884.36
2,1,1963,4,5893.66
2,1,1964,4,5881.65
2,1,1965,4,5888.43
2,1,1966,4,5890.49
2,1,1967,4,5875.9
2,1,1968,4,5860.76
2,1,1969,4,5866.64
2,1,1970,4,5864.38
2,1,1971,4,5872.79
2,1,1972,4,5860.91
2,1,1973,4,5809.63
2,1,1974,4,5810.91
2,1,1975,4,5794.91
2,1,1976,4,5766.94
2,1,1977,4,5716.86
2,1,1978,4,5702.42
2,1,1979,4,5701.63
2,1,1980,4,5648.93
2,1,1981,4,5587.69
2,1,1982,4,5516.21
2,1,1983,4,5482.45
2,1,1984,4,5482.64
2,1,1985,4,5489.62
2,1,1986,4,5493.61
2,1,1987,4,5399.12
2,1,1988,4,5889.17
2,1,1989,4,5287.83
2,1,1990,4,4994.45
2,1,1991,4,5445.06
2,1,1992,4,5927.29
2,1,1993,4,6392.32
2,1,1994,4,9587.82
2,1,1995,4,5434.56
2,1,1996,4,6975.57
2,1,1997,4,6304.6
2,1,1998,4,6866.01
2,1,1999,4,4345.69
2,1,2000,4,3110.45
2,1,2001,4,5162.63
2,1,2002,4,5930.31
2,1,2003,4,2308.11
2,1,2004,4,3318.07
2,1,2005,4,5716.68
2,1,2006,4,3199.12
2,1,2007,4,4048.9
2,1,2008,4,4582.46
2,1,2009,4,5164.2
2,1,2010,4,6917.38
2,1,2011,4,3277.23
2,1,2012,4,7018.42
2,1,2013,4,6545.89
2,1,2014,4,6046.27
2,1,2015,4,4261.37
2,1,2016,4,4819.78
2,1,2017,4,4006.63
2,1,2018,4,1545.46
2,1,2019,4,3231.77
2,1,2020,4,1781.19
2,1,2021,4,2996.38
2,1,2022,4,3188.63
2,1,2023,4,6400
2,2,1952,4,5833.3
2,2,1953,4,5864.65
2,2,1954,4,5864.44
2,2,1955,4,5858.12
2,2,1956,4,5834.86
2,2,1957,4,5822.69
2,2,1958,4,5828.29
2,2,1959,4,5826.49
2,2,1960,4,5809.69
2,2,1961,4,5809.61
2,2,1962,4,5801.86
2,2,1963,4,5811.41
2,2,1964,4,5799.72
2,2,1965,4,5806.71
2,2,1966,4,5808.43
2,2,1967,4,5794.76
2,2,1968,4,5777.83
2,2,1969,4,5782.37
2,2,1970,4,5780.38
2,2,1971,4,5788.67
2,2,1972,4,5777.08
2,2,1973,4,5725.32
2,2,1974,4,5725.78
2,2,1975,4,5710.89
2,2,1976,4,5683.8
2,2,1977,4,5633.53
2,2,1978,4,5617.5
2,2,1979,4,5617.1
2,2,1980,4,5567.87
2,2,1981,4,5505.16
2,2,1982,4,5430.24
2,2,1983,4,5393.73
2,2,1984,4,5394.02
2,2,1985,4,5404.44
2,2,1986,4,5411.11
2,2,1987,4,5315.85
2,2,1988,4,5793.58
2,2,1989,4,5200.98
2,2,1990,4,4911.2
2,2,1991,4,5353.55
2,2,1992,4,5831.05
2,2,1993,4,6290.02
2,2,1994,4,9437.69
2,2,1995,4,5349.88
2,2,1996,4,6864.62
2,2,1997,4,6203
2,2,1998,4,6756.1
2,2,1999,4,4274.3
2,2,2000,4,3057.44
2,2,2001,4,5064.6
2,2,2002,4,5804.82
2,2,2003,4,2254.82
2,2,2004,4,3233.62
2,2,2005,4,5556.09
2,2,2006,4,3103.2
2,2,2007,4,3920.97
2,2,2008,4,4429.95
2,2,2009,4,4966.65
2,2,2010,4,6673.63
2,2,2011,4,3176.79
2,2,2012,4,6813.22
2,2,2013,4,6357.58
2,2,2014,4,5857.64
2,2,2015,4,4126.52
2,2,2016,4,4663.41
2,2,2017,4,3869.13
2,2,2018,4,1493.2
2,2,2019,4,3124.93
2,2,2020,4,1718.94
2,2,2021,4,2888.57
2,2,2022,4,3082.96
2,2,2023,4,6206.91
1,1,1952,5,3490.7
1,1,1953,5,3500.89
1,1,1954,5,3497.26
1,1,1955,5,3481.3
1,1,1956,5,3474.07
1,1,1957,5,3471.51
1,1,1958,5,3469.64
1,1,1959,5,3462.92
1,1,1960,5,3459.09
1,1,1961,5,3455.56
1,1,1962,5,3450.62
1,1,1963,5,3433.28
1,1,1964,5,3412.36
1,1,1965,5,3408.15
1,1,1966,5,3370.98
1,1,1967,5,3343.97
1,1,1968,5,3337.26
1,1,1969,5,3293.8
1,1,1970,5,3298.04
1,1,1971,5,3295.77
1,1,1972,5,3263.81
1,1,1973,5,3240.39
1,1,1974,5,3193.46
1,1,1975,5,3161.92
1,1,1976,5,3194.58
1,1,1977,5,3181.99
1,1,1978,5,3229.81
1,1,1979,5,3247.83
1,1,1980,5,3232.77
1,1,1981,5,3194.52
1,1,1982,5,3123.09
1,1,1983,5,3062.36
1,1,1984,5,3054.82
1,1,1985,5,3049.95
1,1,1986,5,3040.5
1,1,1987,5,3055.15
1,1,1988,5,3012.62
1,1,1989,5,3266.7
1,1,1990,5,2943.22
1,1,1991,5,2782.67
1,1,1992,5,3051.31
1,1,1993,5,3312.46
1,1,1994,5,3583.66
1,1,1995,5,5353.58
1,1,1996,5,3073.62
1,1,1997,5,3905.5
1,1,1998,5,3403.71
1,1,1999,5,3561.76
1,1,2000,5,2197.35
1,1,2001,5,1563.05
1,1,2002,5,2619.63
1,1,2003,5,3053.81
1,1,2004,5,1222.16
1,1,2005,5,1802.9
1,1,2006,5,3248.5
1,1,2007,5,1865.02
1,1,2008,5,2481.77
1,1,2009,5,2928.01
1,1,2010,5,3301.87
1,1,2011,5,4319.45
1,1,2012,5,1981.11
1,1,2013,5,4241.85
1,1,2014,5,4002.96
1,1,2015,5,3728.04
1,1,2016,5,2680.79
1,1,2017,5,3103.37
1,1,2018,5,2554.59
1,1,2019,5,970.23
1,1,2020,5,2051.6
1,1,2021,5,1135.03
1,1,2022,5,1889.49
1,1,2023,5,1978.19
1,2,1952,5,3047.36
1,2,1953,5,3056.5
1,2,1954,5,3053.31
1,2,1955,5,3039.13
1,2,1956,5,3032.82
1,2,1957,5,3030.12
1,2,1958,5,3027.27
1,2,1959,5,3021.39
1,2,1960,5,3018.8
1,2,1961,5,3015.38
1,2,1962,5,3009.77
1,2,1963,5,2995.1
1,2,1964,5,2976.89
1,2,1965,5,2972.5
1,2,1966,5,2938.87
1,2,1967,5,2914.86
1,2,1968,5,2909.61
1,2,1969,5,2868.54
1,2,1970,5,2871.84
1,2,1971,5,2870.67
1,2,1972,5,2839.87
1,2,1973,5,2821.84
1,2,1974,5,2780.12
1,2,1975,5,2749.43
1,2,1976,5,2777.6
1,2,1977,5,2767.12
1,2,1978,5,2808.47
1,2,1979,5,2826.66
1,2,1980,5,2812.21
1,2,1981,5,2783.21
1,2,1982,5,2719.29
1,2,1983,5,2664.59
1,2,1984,5,2655.92
1,2,1985,5,2650.26
1,2,1986,5,2642.47
1,2,1987,5,2658.08
1,2,1988,5,2620.57
1,2,1989,5,2838.61
1,2,1990,5,2558.91
1,2,1991,5,2418.49
1,2,1992,5,2649.48
1,2,1993,5,2878.31
1,2,1994,5,3116.5
1,2,1995,5,4654.68
1,2,1996,5,2671.63
1,2,1997,5,3396.15
1,2,1998,5,2958.58
1,2,1999,5,3097.12
1,2,2000,5,1906.18
1,2,2001,5,1351.68
1,2,2002,5,2261.79
1,2,2003,5,2633.08
1,2,2004,5,1053.03
1,2,2005,5,1552.67
1,2,2006,5,2794.24
1,2,2007,5,1605.76
1,2,2008,5,2137.91
1,2,2009,5,2525.05
1,2,2010,5,2848.65
1,2,2011,5,3729.91
1,2,2012,5,1711.56
1,2,2013,5,3666.09
1,2,2014,5,3459.5
1,2,2015,5,3219.32
1,2,2016,5,2314.41
1,2,2017,5,2680.32
1,2,2018,5,2205.14
1,2,2019,5,837.464
1,2,2020,5,1770.7
1,2,2021,5,978.683
1,2,2022,5,1627.8
1,2,2023,5,1705.55
2,1,1952,5,6010.65
2,1,1953,5,6030.63
2,1,1954,5,6030.42
2,1,1955,5,6023.71
2,1,1956,5,5998.09
2,1,1957,5,5979.32
2,1,1958,5,5979.89
2,1,1959,5,5977.67
2,1,1960,5,5962.57
2,1,1961,5,5958.11
2,1,1962,5,5944.98
2,1,1963,5,5956.09
2,1,1964,5,5947.59
2,1,1965,5,5954.16
2,1,1966,5,5954.58
2,1,1967,5,5939.92
2,1,1968,5,5921.41
2,1,1969,5,5917.69
2,1,1970,5,5912.62
2,1,1971,5,5922.58
2,1,1972,5,5905.43
2,1,1973,5,5891.72
2,1,1974,5,5862.9
2,1,1975,5,5849.5
2,1,1976,5,5832.1
2,1,1977,5,5782.11
2,1,1978,5,5761.4
2,1,1979,5,5759.36
2,1,1980,5,5717.02
2,1,1981,5,5662.89
2,1,1982,5,5573.3
2,1,1983,5,5513.01
2,1,1984,5,5508.29
2,1,1985,5,5504.2
2,1,1986,5,5499.36
2,1,1987,5,5483.03
2,1,1988,5,5391.52
2,1,1989,5,5831.98
2,1,1990,5,5281.73
2,1,1991,5,4988.8
2,1,1992,5,5457.04
2,1,1993,5,5927.83
2,1,1994,5,6412.43
2,1,1995,5,9549.37
2,1,1996,5,5443.43
2,1,1997,5,6965.62
2,1,1998,5,6295.88
2,1,1999,5,6765.61
2,1,2000,5,4255.77
2,1,2001,5,3014.52
2,1,2002,5,4919.44
2,1,2003,5,5603.01
2,1,2004,5,2164.71
2,1,2005,5,3048.54
2,1,2006,5,5367.1
2,1,2007,5,2876.07
2,1,2008,5,3604.3
2,1,2009,5,4176.58
2,1,2010,5,4800.87
2,1,2011,5,6552.09
2,1,2012,5,3037.28
2,1,2013,5,6468.99
2,1,2014,5,6039.37
2,1,2015,5,5505.25
2,1,2016,5,3836.13
2,1,2017,5,4431.63
2,1,2018,5,3676.71
2,1,2019,5,1382.61
2,1,2020,5,2978.95
2,1,2021,5,1656.42
2,1,2022,5,2800.63
2,1,2023,5,2984.16
2,2,1952,5,5247.27
2,2,1953,5,5265.25
2,2,1954,5,5265.06
2,2,1955,5,5259.14
2,2,1956,5,5236.45
2,2,1957,5,5219.37
2,2,1958,5,5217.96
2,2,1959,5,5215.16
2,2,1960,5,5202.68
2,2,1961,5,5198.82
2,2,1962,5,5185.52
2,2,1963,5,5195.27
2,2,1964,5,5187.71
2,2,1965,5,5194.05
2,2,1966,5,5194.55
2,2,1967,5,5181.41
2,2,1968,5,5165.8
2,2,1969,5,5161.18
2,2,1970,5,5156
2,2,1971,5,5164.64
2,2,1972,5,5150.61
2,2,1973,5,5138.55
2,2,1974,5,5111.43
2,2,1975,5,5098.81
2,2,1976,5,5083.81
2,2,1977,5,5040.67
2,2,1978,5,5021.97
2,2,1979,5,5018.63
2,2,1980,5,4981.59
2,2,1981,5,4937.2
2,2,1982,5,4857.06
2,2,1983,5,4800.71
2,2,1984,5,4793.62
2,2,1985,5,4790.08
2,2,1986,5,4788.11
2,2,1987,5,4776.75
2,2,1988,5,4694.86
2,2,1989,5,5072.73
2,2,1990,5,4594.25
2,2,1991,5,4338.37
2,2,1992,5,4745.3
2,2,1993,5,5157.18
2,2,1994,5,5580.09
2,2,1995,5,8310.97
2,2,1996,5,4738.45
2,2,1997,5,6061.51
2,2,1998,5,5477.75
2,2,1999,5,5884.44
2,2,2000,5,3699.48
2,2,2001,5,2618.56
2,2,2002,5,4263.75
2,2,2003,5,4841.34
2,2,2004,5,1867.85
2,2,2005,5,2622.27
2,2,2006,5,4608.43
2,2,2007,5,2463.33
2,2,2008,5,3083.15
2,2,2009,5,3564.11
2,2,2010,5,4075.45
2,2,2011,5,5584.1
2,2,2012,5,2598.65
2,2,2013,5,5543.15
2,2,2014,5,5176.61
2,2,2015,5,4704.25
2,2,2016,5,3275.44
2,2,2017,5,3781.67
2,2,2018,5,3130.56
2,2,2019,5,1177.36
2,2,2020,5,2541.22
2,2,2021,5,1411.75
2,2,2022,5,2384.8
2,2,2023,5,2547.2
1,1,1952,6,3613.69
1,1,1953,6,3621.78
1,1,1954,6,3618.38
1,1,1955,6,3602.65
1,1,1956,6,3593.98
1,1,1957,6,3589.06
1,1,1958,6,3582.71
1,1,1959,6,3572.41
1,1,1960,6,3571.08
1,1,1961,6,3568.25
1,1,1962,6,3559.69
1,1,1963,6,3539.05
1,1,1964,6,3519.23
1,1,1965,6,3511.88
1,1,1966,6,3468.76
1,1,1967,6,3435.32
1,1,1968,6,3427.75
1,1,1969,6,3377.19
1,1,1970,6,3365.25
1,1,1971,6,3365.85
1,1,1972,6,3330.04
1,1,1973,6,3298.45
1,1,1974,6,3280.84
1,1,1975,6,3218.97
1,1,1976,6,3239.05
1,1,1977,6,3232.11
1,1,1978,6,3283.62
1,1,1979,6,3307.14
1,1,1980,6,3304.77
1,1,1981,6,3274.71
1,1,1982,6,3224.13
1,1,1983,6,3147.99
1,1,1984,6,3118.71
1,1,1985,6,3102.44
1,1,1986,6,3079.23
1,1,1987,6,3085.39
1,1,1988,6,3096.27
1,1,1989,6,3025.37
1,1,1990,6,3284.79
1,1,1991,6,2982.67
1,1,1992,6,2824.57
1,1,1993,6,3078.51
1,1,1994,6,3362.06
1,1,1995,6,3621.78
1,1,1996,6,5448.77
1,1,1997,6,3080.05
1,1,1998,6,3809.34
1,1,1999,6,3309.92
1,1,2000,6,3451.6
1,1,2001,6,2129.65
1,1,2002,6,1513.69
1,1,2003,6,2517.54
1,1,2004,6,2957.83
1,1,2005,6,1186.47
1,1,2006,6,1756.28
1,1,2007,6,3215.56
1,1,2008,6,1839.37
1,1,2009,6,2435.84
1,1,2010,6,2878.47
1,1,2011,6,3246.82
1,1,2012,6,4240.11
1,1,2013,6,1943.74
1,1,2014,6,4174.03
1,1,2015,6,3931.36
1,1,2016,6,3658.48
1,1,2017,6,2619.39
1,1,2018,6,3014.49
1,1,2019,6,2476.06
1,1,2020,6,937.019
1,1,2021,6,2026.71
1,1,2022,6,1121.93
1,1,2023,6,1859.07
1,2,1952,6,2800.43
1,2,1953,6,2805.59
1,2,1954,6,2802.81
1,2,1955,6,2790.01
1,2,1956,6,2783.65
1,2,1957,6,2779.8
1,2,1958,6,2774.06
1,2,1959,6,2764.82
1,2,1960,6,2764.15
1,2,1961,6,2762.65
1,2,1962,6,2754.98
1,2,1963,6,2737.96
1,2,1964,6,2722.92
1,2,1965,6,2717.78
1,2,1966,6,2682.78
1,2,1967,6,2655.89
1,2,1968,6,2650.27
1,2,1969,6,2610.9
1,2,1970,6,2599.57
1,2,1971,6,2599.5
1,2,1972,6,2571.67
1,2,1973,6,2545.72
1,2,1974,6,2533.39
1,2,1975,6,2484.87
1,2,1976,6,2498.45
1,2,1977,6,2492
1,2,1978,6,2533.21
1,2,1979,6,2550.76
1,2,1980,6,2550.1
1,2,1981,6,2525.06
1,2,1982,6,2488.85
1,2,1983,6,2429.61
1,2,1984,6,2406.36
1,2,1985,6,2391.13
1,2,1986,6,2371.93
1,2,1987,6,2377.92
1,2,1988,6,2389.03
1,2,1989,6,2333.07
1,2,1990,6,2530.77
1,2,1991,6,2299.35
1,2,1992,6,2177.38
1,2,1993,6,2370.96
1,2,1994,6,2590.96
1,2,1995,6,2792.78
1,2,1996,6,4201.63
1,2,1997,6,2373.77
1,2,1998,6,2935.22
1,2,1999,6,2549.28
1,2,2000,6,2658.07
1,2,2001,6,1636.43
1,2,2002,6,1159.39
1,2,2003,6,1925.37
1,2,2004,6,2258.75
1,2,2005,6,905.662
1,2,2006,6,1339.76
1,2,2007,6,2451.06
1,2,2008,6,1403.19
1,2,2009,6,1858.56
1,2,2010,6,2197.55
1,2,2011,6,2478.29
1,2,2012,6,3236.21
1,2,2013,6,1485.54
1,2,2014,6,3192.02
1,2,2015,6,3008.2
1,2,2016,6,2796.68
1,2,2017,6,2002.19
1,2,2018,6,2304.25
1,2,2019,6,1890.48
1,2,2020,6,715.657
1,2,2021,6,1549.49
1,2,2022,6,856.836
1,2,2023,6,1417.84
2,1,1952,6,5747.38
2,1,1953,6,5762.15
2,1,1954,6,5761.96
2,1,1955,6,5755.71
2,1,1956,6,5731.74
2,1,1957,6,5710.81
2,1,1958,6,5703.88
2,1,1959,6,5696
2,1,1960,6,5682.77
2,1,1961,6,5679.36
2,1,1962,6,5661.57
2,1,1963,6,5666.54
2,1,1964,6,5662.13
2,1,1965,6,5669.97
2,1,1966,6,5670.32
2,1,1967,6,5654.68
2,1,1968,6,5636.69
2,1,1969,6,5628.73
2,1,1970,6,5611.77
2,1,1971,6,5620.45
2,1,1972,6,5598.2
2,1,1973,6,5581.97
2,1,1974,6,5597.2
2,1,1975,6,5555.62
2,1,1976,6,5543.24
2,1,1977,6,5505.71
2,1,1978,6,5487.1
2,1,1979,6,5480.45
2,1,1980,6,5439.66
2,1,1981,6,5397.77
2,1,1982,6,5317.53
2,1,1983,6,5244.71
2,1,1984,6,5215.83
2,1,1985,6,5207.09
2,1,1986,6,5196.1
2,1,1987,6,5169.6
2,1,1988,6,5158.03
2,1,1989,6,5035.03
2,1,1990,6,5491.51
2,1,1991,6,4972.67
2,1,1992,6,4710.65
2,1,1993,6,5141.63
2,1,1994,6,5605.35
2,1,1995,6,6024.28
2,1,1996,6,9017.27
2,1,1997,6,5126.13
2,1,1998,6,6558.26
2,1,1999,6,5856.99
2,1,2000,6,6259.05
2,1,2001,6,3899.64
2,1,2002,6,2717.5
2,1,2003,6,4405.11
2,1,2004,6,4971.4
2,1,2005,6,1887.54
2,1,2006,6,2707.1
2,1,2007,6,4573.27
2,1,2008,6,2422.83
2,1,2009,6,3119.4
2,1,2010,6,3692.32
2,1,2011,6,4311.99
2,1,2012,6,5770.72
2,1,2013,6,2659.89
2,1,2014,6,5670.15
2,1,2015,6,5238.18
2,1,2016,6,4721.53
2,1,2017,6,3358.57
2,1,2018,6,3878.74
2,1,2019,6,3143.58
2,1,2020,6,1212.8
2,1,2021,6,2626.81
2,1,2022,6,1467.68
2,1,2023,6,2487.53
2,2,1952,6,4453.93
2,2,1953,6,4463.87
2,2,1954,6,4463.72
2,2,1955,6,4458.72
2,2,1956,6,4439.51
2,2,1957,6,4423.33
2,2,1958,6,4417.19
2,2,1959,6,4409.35
2,2,1960,6,4398.12
2,2,1961,6,4396.57
2,2,1962,6,4382.31
2,2,1963,6,4385.09
2,2,1964,6,4380.49
2,2,1965,6,4387.57
2,2,1966,6,4388.05
2,2,1967,6,4375.85
2,2,1968,6,4361.66
2,2,1969,6,4356.92
2,2,1970,6,4343.81
2,2,1971,6,4349.02
2,2,1972,6,4335.27
2,2,1973,6,4322.48
2,2,1974,6,4331.1
2,2,1975,6,4297.05
2,2,1976,6,4285.49
2,2,1977,6,4256.62
2,2,1978,6,4242.74
2,2,1979,6,4236.81
2,2,1980,6,4203.33
2,2,1981,6,4171.39
2,2,1982,6,4112.54
2,2,1983,6,4054.32
2,2,1984,6,4028.7
2,2,1985,6,4019.49
2,2,1986,6,4008.68
2,2,1987,6,3991.14
2,2,1988,6,3984.11
2,2,1989,6,3884.17
2,2,1990,6,4233.58
2,2,1991,6,3833.96
2,2,1992,6,3632.08
2,2,1993,6,3963.73
2,2,1994,6,4322.43
2,2,1995,6,4644.01
2,2,1996,6,6954.89
2,2,1997,6,3953.87
2,2,1998,6,5057.61
2,2,1999,6,4510.8
2,2,2000,6,4817.03
2,2,2001,6,2997.88
2,2,2002,6,2086.14
2,2,2003,6,3368.23
2,2,2004,6,3794.87
2,2,2005,6,1435.74
2,2,2006,6,2057.89
2,2,2007,6,3464.21
2,2,2008,6,1832.78
2,2,2009,6,2352.5
2,2,2010,6,2776.94
2,2,2011,6,3233.66
2,2,2012,6,4335.76
2,2,2013,6,2006.25
2,2,2014,6,4282.65
2,2,2015,6,3950.35
2,2,2016,6,3548.3
2,2,2017,6,2523.59
2,2,2018,6,2909.84
2,2,2019,6,2350.01
2,2,2020,6,909.418
2,2,2021,6,1978.36
2,2,2022,6,1104.75
2,2,2023,6,1868.74
1,1,1952,7,3564.52
1,1,1953,7,3570.72
1,1,1954,7,3567.85
1,1,1955,7,3553.88
1,1,1956,7,3545.03
1,1,1957,7,3539.03
1,1,1958,7,3531.15
1,1,1959,7,3517.22
1,1,1960,7,3511.88
1,1,1961,7,3511.48
1,1,1962,7,3504.93
1,1,1963,7,3481.78
1,1,1964,7,3459.61
1,1,1965,7,3452.87
1,1,1966,7,3410.66
1,1,1967,7,3373.21
1,1,1968,7,3358.9
1,1,1969,7,3311.68
1,1,1970,7,3292.18
1,1,1971,7,3277.8
1,1,1972,7,3247.75
1,1,1973,7,3212.54
1,1,1974,7,3189.44
1,1,1975,7,3158.18
1,1,1976,7,3146.84
1,1,1977,7,3131.36
1,1,1978,7,3183.22
1,1,1979,7,3210.17
1,1,1980,7,3214.55
1,1,1981,7,3198.23
1,1,1982,7,3158.99
1,1,1983,7,3103.59
1,1,1984,7,3059.3
1,1,1985,7,3024.12
1,1,1986,7,2992.27
1,1,1987,7,2984.19
1,1,1988,7,2986.16
1,1,1989,7,2970.78
1,1,1990,7,2906.27
1,1,1991,7,3178.72
1,1,1992,7,2889.75
1,1,1993,7,2721.12
1,1,1994,7,2983.37
1,1,1995,7,3245.08
1,1,1996,7,3519.15
1,1,1997,7,5218.45
1,1,1998,7,2875.29
1,1,1999,7,3544.88
1,1,2000,7,3071.42
1,1,2001,7,3204.45
1,1,2002,7,1978.61
1,1,2003,7,1396.4
1,1,2004,7,2339.87
1,1,2005,7,2753.19
1,1,2006,7,1107.39
1,1,2007,7,1662.94
1,1,2008,7,3032.28
1,1,2009,7,1725.62
1,1,2010,7,2288.28
1,1,2011,7,2702.59
1,1,2012,7,3045.11
1,1,2013,7,3975.38
1,1,2014,7,1828.24
1,1,2015,7,3917.37
1,1,2016,7,3687.6
1,1,2017,7,3416.24
1,1,2018,7,2432.55
1,1,2019,7,2794.76
1,1,2020,7,2286.14
1,1,2021,7,883.203
1,1,2022,7,1911.09
1,1,2023,7,1053.39
1,2,1952,7,2464.56
1,2,1953,7,2467.33
1,2,1954,7,2465.01
1,2,1955,7,2454.07
1,2,1956,7,2448.41
1,2,1957,7,2444.6
1,2,1958,7,2438.55
1,2,1959,7,2427.73
1,2,1960,7,2423.63
1,2,1961,7,2423.67
1,2,1962,7,2418.71
1,2,1963,7,2401.48
1,2,1964,7,2385.06
1,2,1965,7,2381.69
1,2,1966,7,2350.38
1,2,1967,7,2323.32
1,2,1968,7,2314.08
1,2,1969,7,2279.19
1,2,1970,7,2267.43
1,2,1971,7,2255.45
1,2,1972,7,2232.27
1,2,1973,7,2209.17
1,2,1974,7,2191.19
1,2,1975,7,2170.03
1,2,1976,7,2164.33
1,2,1977,7,2149.67
1,2,1978,7,2187.94
1,2,1979,7,2206.56
1,2,1980,7,2207.33
1,2,1981,7,2195.65
1,2,1982,7,2165.9
1,2,1983,7,2131.23
1,2,1984,7,2102.66
1,2,1985,7,2076.54
1,2,1986,7,2051.62
1,2,1987,7,2046.46
1,2,1988,7,2049.15
1,2,1989,7,2039.19
1,2,1990,7,1994.18
1,2,1991,7,2180.1
1,2,1992,7,1983.97
1,2,1993,7,1867.63
1,2,1994,7,2046.21
1,2,1995,7,2226.04
1,2,1996,7,2416.74
1,2,1997,7,3579.54
1,2,1998,7,1967.2
1,2,1999,7,2424.05
1,2,2000,7,2097.27
1,2,2001,7,2187.89
1,2,2002,7,1347.4
1,2,2003,7,948.052
1,2,2004,7,1586.74
1,2,2005,7,1865.47
1,2,2006,7,750.106
1,2,2007,7,1127.54
1,2,2008,7,2054.45
1,2,2009,7,1169.36
1,2,2010,7,1550.12
1,2,2011,7,1830.79
1,2,2012,7,2058.45
1,2,2013,7,2689.66
1,2,2014,7,1239.26
1,2,2015,7,2659.26
1,2,2016,7,2504.48
1,2,2017,7,2318.04
1,2,2018,7,1649.1
1,2,2019,7,1893.03
1,2,2020,7,1547.06
1,2,2021,7,599.451
1,2,2022,7,1298.43
1,2,2023,7,714.206
2,1,1952,7,5273.15
2,1,1953,7,5283.71
2,1,1954,7,5283.57
2,1,1955,7,5278.1
2,1,1956,7,5257.35
2,1,1957,7,5238.06
2,1,1958,7,5229.11
2,1,1959,7,5215.3
2,1,1960,7,5198.79
2,1,1961,7,5195.58
2,1,1962,7,5180.87
2,1,1963,7,5179.6
2,1,1964,7,5172.56
2,1,1965,7,5181.33
2,1,1966,7,5183.4
2,1,1967,7,5169.24
2,1,1968,7,5150.66
2,1,1969,7,5141.74
2,1,1970,7,5119.58
2,1,1971,7,5117.88
2,1,1972,7,5089.84
2,1,1973,7,5071.46
2,1,1974,7,5088.69
2,1,1975,7,5089.81
2,1,1976,7,5053.25
2,1,1977,7,5022.49
2,1,1978,7,5014.89
2,1,1979,7,5010.44
2,1,1980,7,4969.76
2,1,1981,7,4930.57
2,1,1982,7,4863.98
2,1,1983,7,4803.83
2,1,1984,7,4763.38
2,1,1985,7,4732.73
2,1,1986,7,4722.1
2,1,1987,7,4690.45
2,1,1988,7,4670.55
2,1,1989,7,4631.3
2,1,1990,7,4556.07
2,1,1991,7,4967.43
2,1,1992,7,4509.7
2,1,1993,7,4262.12
2,1,1994,7,4671.2
2,1,1995,7,5063.28
2,1,1996,7,5466.31
2,1,1997,7,8162.49
2,1,1998,7,4638.34
2,1,1999,7,5871.4
2,1,2000,7,5217.98
2,1,2001,7,5529.36
2,1,2002,7,3391.32
2,1,2003,7,2350.55
2,1,2004,7,3770.05
2,1,2005,7,4194.42
2,1,2006,7,1617.21
2,1,2007,7,2231.43
2,1,2008,7,3723.96
2,1,2009,7,2032.01
2,1,2010,7,2673.22
2,1,2011,7,3206.95
2,1,2012,7,3681.73
2,1,2013,7,4898.61
2,1,2014,7,2258.53
2,1,2015,7,4776.23
2,1,2016,7,4363.37
2,1,2017,7,4011.14
2,1,2018,7,2857.4
2,1,2019,7,3230.91
2,1,2020,7,2675.53
2,1,2021,7,1034.6
2,1,2022,7,2250.67
2,1,2023,7,1261.88
2,2,1952,7,3645.94
2,2,1953,7,3651.33
2,2,1954,7,3651.21
2,2,1955,7,3647.18
2,2,1956,7,3631.78
2,2,1957,7,3618.38
2,2,1958,7,3612.08
2,2,1959,7,3601.68
2,2,1960,7,3588.31
2,2,1961,7,3586.16
2,2,1962,7,3576.14
2,2,1963,7,3575.73
2,2,1964,7,3568.14
2,2,1965,7,3574.84
2,2,1966,7,3576.67
2,2,1967,7,3566.71
2,2,1968,7,3554
2,2,1969,7,3548.96
2,2,1970,7,3536.78
2,2,1971,7,3534.18
2,2,1972,7,3519.37
2,2,1973,7,3507.9
2,2,1974,7,3514.34
2,2,1975,7,3512.39
2,2,1976,7,3484.33
2,2,1977,7,3461.48
2,2,1978,7,3456.35
2,2,1979,7,3453.36
2,2,1980,7,3423.8
2,2,1981,7,3396.14
2,2,1982,7,3351.93
2,2,1983,7,3312.27
2,2,1984,7,3282.76
2,2,1985,7,3259.28
2,2,1986,7,3246.54
2,2,1987,7,3224.19
2,2,1988,7,3212.19
2,2,1989,7,3182.38
2,2,1990,7,3129.18
2,2,1991,7,3409.97
2,2,1992,7,3097.66
2,2,1993,7,2927.64
2,2,1994,7,3206.54
2,2,1995,7,3473.31
2,2,1996,7,3751.38
2,2,1997,7,5602.62
2,2,1998,7,3184.49
2,2,1999,7,4022.6
2,2,2000,7,3567.62
2,2,2001,7,3773.51
2,2,2002,7,2309.05
2,2,2003,7,1594.14
2,2,2004,7,2552.35
2,2,2005,7,2824.05
2,2,2006,7,1089.4
2,2,2007,7,1497.18
2,2,2008,7,2493.83
2,2,2009,7,1355.43
2,2,2010,7,1777.48
2,2,2011,7,2134.45
2,2,2012,7,2435.45
2,2,2013,7,3246.29
2,2,2014,7,1502.7
2,2,2015,7,3172.07
2,2,2016,7,2892.16
2,2,2017,7,2652.51
2,2,2018,7,1885.66
2,2,2019,7,2123.5
2,2,2020,7,1761.39
2,2,2021,7,685.957
2,2,2022,7,1499.54
2,2,2023,7,839.027
1,1,1952,8,3393.42
1,1,1953,8,3398.04
1,1,1954,8,3395.78
1,1,1955,8,3384.32
1,1,1956,8,3376.3
1,1,1957,8,3370.14
1,1,1958,8,3362.09
1,1,1959,8,3348.15
1,1,1960,8,3338.75
1,1,1961,8,3334.5
1,1,1962,8,3331.18
1,1,1963,8,3312.08
1,1,1964,8,3288.61
1,1,1965,8,3278.2
1,1,1966,8,3242.68
1,1,1967,8,3207.01
1,1,1968,8,3187.2
1,1,1969,8,3140.74
1,1,1970,8,3120.98
1,1,1971,8,3100.6
1,1,1972,8,3061.89
1,1,1973,8,3031.87
1,1,1974,8,3006.56
1,1,1975,8,2973.25
1,1,1976,8,2984.64
1,1,1977,8,2945.77
1,1,1978,8,2980.78
1,1,1979,8,3010.32
1,1,1980,8,3020.46
1,1,1981,8,3012.4
1,1,1982,8,2988.13
1,1,1983,8,2944.84
1,1,1984,8,2916.57
1,1,1985,8,2870.08
1,1,1986,8,2823.97
1,1,1987,8,2806.38
1,1,1988,8,2795.7
1,1,1989,8,2776.17
1,1,1990,8,2764.04
1,1,1991,8,2722.12
1,1,1992,8,2980.12
1,1,1993,8,2694.83
1,1,1994,8,2551.75
1,1,1995,8,2788.29
1,1,1996,8,3050.75
1,1,1997,8,3266.26
1,1,1998,8,4733.96
1,1,1999,8,2600.43
1,1,2000,8,3198.6
1,1,2001,8,2772.87
1,1,2002,8,2896.89
1,1,2003,8,1778.61
1,1,2004,8,1264.42
1,1,2005,8,2120.41
1,1,2006,8,2500.42
1,1,2007,8,1017.71
1,1,2008,8,1521.86
1,1,2009,8,2760.63
1,1,2010,8,1572.1
1,1,2011,8,2082.86
1,1,2012,8,2456.7
1,1,2013,8,2765.42
1,1,2014,8,3622.72
1,1,2015,8,1663.07
1,1,2016,8,3562.61
1,1,2017,8,3339.37
1,1,2018,8,3079.09
1,1,2019,8,2189.6
1,1,2020,8,2505.36
1,1,2021,8,2085.94
1,1,2022,8,806.134
1,1,2023,8,1738.02
1,2,1952,8,2106.06
1,2,1953,8,2107.46
1,2,1954,8,2105.58
1,2,1955,8,2096.48
1,2,1956,8,2091.72
1,2,1957,8,2088.46
1,2,1958,8,2083.06
1,2,1959,8,2073
1,2,1960,8,2067.09
1,2,1961,8,2064.18
1,2,1962,8,2061.25
1,2,1963,8,2047.97
1,2,1964,8,2031.97
1,2,1965,8,2026.22
1,2,1966,8,2000.68
1,2,1967,8,1977.11
1,2,1968,8,1966.27
1,2,1969,8,1933.39
1,2,1970,8,1922.75
1,2,1971,8,1911
1,2,1972,8,1882.06
1,2,1973,8,1862.85
1,2,1974,8,1847.48
1,2,1975,8,1823.75
1,2,1976,8,1836.1
1,2,1977,8,1809.57
1,2,1978,8,1834.55
1,2,1979,8,1852.69
1,2,1980,8,1856.49
1,2,1981,8,1847.8
1,2,1982,8,1830.84
1,2,1983,8,1802.57
1,2,1984,8,1791.6
1,2,1985,8,1762.76
1,2,1986,8,1731.11
1,2,1987,8,1719.98
1,2,1988,8,1713.77
1,2,1989,8,1700.19
1,2,1990,8,1693.84
1,2,1991,8,1669.41
1,2,1992,8,1827.84
1,2,1993,8,1653.32
1,2,1994,8,1566.27
1,2,1995,8,1708.68
1,2,1996,8,1872.01
1,2,1997,8,2000.93
1,2,1998,8,2883.52
1,2,1999,8,1578.94
1,2,2000,8,1938.08
1,2,2001,8,1677.75
1,2,2002,8,1751.38
1,2,2003,8,1072.04
1,2,2004,8,760.928
1,2,2005,8,1275.8
1,2,2006,8,1504.18
1,2,2007,8,614.211
1,2,2008,8,919.497
1,2,2009,8,1665.31
1,2,2010,8,948.148
1,2,2011,8,1255.05
1,2,2012,8,1477.27
1,2,2013,8,1660.38
1,2,2014,8,2178.58
1,2,2015,8,1002.81
1,2,2016,8,2151.32
1,2,2017,8,2017.13
1,2,2018,8,1855.29
1,2,2019,8,1316.81
1,2,2020,8,1505.13
1,2,2021,8,1258.02
1,2,2022,8,487.651
1,2,2023,8,1050.79
2,1,1952,8,4698.07
2,1,1953,8,4705.44
2,1,1954,8,4705.34
2,1,1955,8,4700.74
2,1,1956,8,4683.45
2,1,1957,8,4666.95
2,1,1958,8,4658.83
2,1,1959,8,4644.5
2,1,1960,8,4624.7
2,1,1961,8,4616.96
2,1,1962,8,4604.56
2,1,1963,8,4603.81
2,1,1964,8,4594.12
2,1,1965,8,4597.86
2,1,1966,8,4601.44
2,1,1967,8,4590.73
2,1,1968,8,4573.78
2,1,1969,8,4562.74
2,1,1970,8,4539.6
2,1,1971,8,4533.48
2,1,1972,8,4493.93
2,1,1973,8,4472.64
2,1,1974,8,4490.16
2,1,1975,8,4494.01
2,1,1976,8,4496.91
2,1,1977,8,4447.08
2,1,1978,8,4443.38
2,1,1979,8,4448.03
2,1,1980,8,4414.09
2,1,1981,8,4375.77
2,1,1982,8,4314.71
2,1,1983,8,4268.74
2,1,1984,8,4238.75
2,1,1985,8,4198.41
2,1,1986,8,4172.01
2,1,1987,8,4142.47
2,1,1988,8,4118.5
2,1,1989,8,4079.25
2,1,1990,8,4074.74
2,1,1991,8,4006.51
2,1,1992,8,4378.01
2,1,1993,8,3964.81
2,1,1994,8,3764.16
2,1,1995,8,4104.33
2,1,1996,8,4466.67
2,1,1997,8,4812.26
2,1,1998,8,7181.74
2,1,1999,8,4042.74
2,1,2000,8,5095.4
2,1,2001,8,4494.95
2,1,2002,8,4692.53
2,1,2003,8,2864.84
2,1,2004,8,1962.05
2,1,2005,8,3110.95
2,1,2006,8,3506.8
2,1,2007,8,1304.45
2,1,2008,8,1777.19
2,1,2009,8,3059.5
2,1,2010,8,1705.64
2,1,2011,8,2269.76
2,1,2012,8,2683.29
2,1,2013,8,3063.4
2,1,2014,8,4073.59
2,1,2015,8,1866.77
2,1,2016,8,3903.53
2,1,2017,8,3633.75
2,1,2018,8,3350.27
2,1,2019,8,2341.36
2,1,2020,8,2695.78
2,1,2021,8,2233.13
2,1,2022,8,866.954
2,1,2023,8,1893.71
2,2,1952,8,2915.77
2,2,1953,8,2918.67
2,2,1954,8,2918.57
2,2,1955,8,2915.39
2,2,1956,8,2903.34
2,2,1957,8,2892.76
2,2,1958,8,2887.65
2,2,1959,8,2878.35
2,2,1960,8,2864.67
2,2,1961,8,2859.34
2,2,1962,8,2850.83
2,2,1963,8,2851.65
2,2,1964,8,2843.83
2,2,1965,8,2845.75
2,2,1966,8,2848.02
2,2,1967,8,2841.21
2,2,1968,8,2830.88
2,2,1969,8,2825.65
2,2,1970,8,2814.53
2,2,1971,8,2811.53
2,2,1972,8,2792.88
2,2,1973,8,2781.26
2,2,1974,8,2786.65
2,2,1975,8,2784.54
2,2,1976,8,2783.01
2,2,1977,8,2749.96
2,2,1978,8,2746.24
2,2,1979,8,2748.88
2,2,1980,8,2726.99
2,2,1981,8,2703.12
2,2,1982,8,2666.46
2,2,1983,8,2638.05
2,2,1984,8,2620.95
2,2,1985,8,2595.32
2,2,1986,8,2573.25
2,2,1987,8,2551.95
2,2,1988,8,2536.06
2,2,1989,8,2508.5
2,2,1990,8,2506.3
2,2,1991,8,2463.61
2,2,1992,8,2692.66
2,2,1993,8,2440.27
2,2,1994,8,2315.07
2,2,1995,8,2519.18
2,2,1996,8,2742.65
2,2,1997,8,2954.49
2,2,1998,8,4410.99
2,2,1999,8,2476.93
2,2,2000,8,3112.2
2,2,2001,8,2735.13
2,2,2002,8,2844.97
2,2,2003,8,1727.68
2,2,2004,8,1182.07
2,2,2005,8,1860.8
2,2,2006,8,2097.1
2,2,2007,8,776.384
2,2,2008,8,1055.64
2,2,2009,8,1808.65
2,2,2010,8,1004.8
2,2,2011,8,1339.36
2,2,2012,8,1577.83
2,2,2013,8,1790.31
2,2,2014,8,2386.24
2,2,2015,8,1093.07
2,2,2016,8,2280.63
2,2,2017,8,2122.28
2,2,2018,8,1946.9
2,2,2019,8,1352.91
2,2,2020,8,1562.56
2,2,2021,8,1303.15
2,2,2022,8,509.845
2,2,2023,8,1117.16
1,1,1952,9,3144.94
1,1,1953,9,3148.31
1,1,1954,9,3146.61
1,1,1955,9,3137.7
1,1,1956,9,3131.08
1,1,1957,9,3125.45
1,1,1958,9,3117.98
1,1,1959,9,3105.48
1,1,1960,9,3095.52
1,1,1961,9,3087.48
1,1,1962,9,3081.39
1,1,1963,9,3067.6
1,1,1964,9,3048.87
1,1,1965,9,3035.57
1,1,1966,9,3003.26
1,1,1967,9,2973.93
1,1,1968,9,2953.41
1,1,1969,9,2909.65
1,1,1970,9,2886.47
1,1,1971,9,2866.77
1,1,1972,9,2828.21
1,1,1973,9,2790.86
1,1,1974,9,2770.18
1,1,1975,9,2738.03
1,1,1976,9,2740.15
1,1,1977,9,2728.49
1,1,1978,9,2732.39
1,1,1979,9,2750.01
1,1,1980,9,2765.37
1,1,1981,9,2764.75
1,1,1982,9,2749.77
1,1,1983,9,2721.33
1,1,1984,9,2700.15
1,1,1985,9,2670.01
1,1,1986,9,2617.45
1,1,1987,9,2585.1
1,1,1988,9,2566.88
1,1,1989,9,2540.77
1,1,1990,9,2524.33
1,1,1991,9,2527.43
1,1,1992,9,2491.49
1,1,1993,9,2714.74
1,1,1994,9,2466.52
1,1,1995,9,2329.68
1,1,1996,9,2558.7
1,1,1997,9,2768.77
1,1,1998,9,2906.27
1,1,1999,9,4201
1,1,2000,9,2303.15
1,1,2001,9,2834.45
1,1,2002,9,2460.74
1,1,2003,9,2559.26
1,1,2004,9,1582.56
1,1,2005,9,1125.98
1,1,2006,9,1891.12
1,1,2007,9,2251.57
1,1,2008,9,912.297
1,1,2009,9,1357.46
1,1,2010,9,2462.53
1,1,2011,9,1400.36
1,1,2012,9,1852.72
1,1,2013,9,2181.5
1,1,2014,9,2462.25
1,1,2015,9,3222.14
1,1,2016,9,1479.42
1,1,2017,9,3157.57
1,1,2018,9,2948.5
1,1,2019,9,2716.03
1,1,2020,9,1924.27
1,1,2021,9,2234.2
1,1,2022,9,1860.07
1,1,2023,9,716.874
1,2,1952,9,1762.98
1,2,1953,9,1763.62
1,2,1954,9,1762.11
1,2,1955,9,1754.67
1,2,1956,9,1750.78
1,2,1957,9,1748.13
1,2,1958,9,1743.68
1,2,1959,9,1735.11
1,2,1960,9,1729.41
1,2,1961,9,1724.98
1,2,1962,9,1720.25
1,2,1963,9,1710.14
1,2,1964,9,1697.87
1,2,1965,9,1691.32
1,2,1966,9,1667.77
1,2,1967,9,1648.93
1,2,1968,9,1639.36
1,2,1969,9,1609.79
1,2,1970,9,1598.21
1,2,1971,9,1587.85
1,2,1972,9,1562.69
1,2,1973,9,1539.17
1,2,1974,9,1526.73
1,2,1975,9,1506.81
1,2,1976,9,1512.29
1,2,1977,9,1504.46
1,2,1978,9,1513.57
1,2,1979,9,1523.07
1,2,1980,9,1528.58
1,2,1981,9,1524.02
1,2,1982,9,1511.08
1,2,1983,9,1493.61
1,2,1984,9,1485.24
1,2,1985,9,1471.78
1,2,1986,9,1440.09
1,2,1987,9,1422.19
1,2,1988,9,1411.66
1,2,1989,9,1394.01
1,2,1990,9,1384.6
1,2,1991,9,1389.9
1,2,1992,9,1371.9
1,2,1993,9,1493.02
1,2,1994,9,1358.91
1,2,1995,9,1282.07
1,2,1996,9,1408.65
1,2,1997,9,1519.43
1,2,1998,9,1580.24
1,2,1999,9,2269
1,2,2000,9,1237.73
1,2,2001,9,1519.93
1,2,2002,9,1316.83
1,2,2003,9,1366.49
1,2,2004,9,844.602
1,2,2005,9,600.834
1,2,2006,9,1010.22
1,2,2007,9,1209.25
1,2,2008,9,491.665
1,2,2009,9,731.567
1,2,2010,9,1325
1,2,2011,9,752.903
1,2,2012,9,993.123
1,2,2013,9,1167.55
1,2,2014,9,1316.87
1,2,2015,9,1726.75
1,2,2016,9,795.136
1,2,2017,9,1698.51
1,2,2018,9,1582.93
1,2,2019,9,1452.8
1,2,2020,9,1026.51
1,2,2021,9,1199.33
1,2,2022,9,1002.47
1,2,2023,9,386.619
2,1,1952,9,4096.94
2,1,1953,9,4102.01
2,1,1954,9,4101.94
2,1,1955,9,4098.17
2,1,1956,9,4084.1
2,1,1957,9,4070.47
2,1,1958,9,4063.81
2,1,1959,9,4051.43
2,1,1960,9,4032.98
2,1,1961,9,4021.1
2,1,1962,9,4006.61
2,1,1963,9,4005.67
2,1,1964,9,3998.9
2,1,1965,9,3998.18
2,1,1966,9,3998
2,1,1967,9,3990.61
2,1,1968,9,3977.11
2,1,1969,9,3966.1
2,1,1970,9,3941.79
2,1,1971,9,3934.51
2,1,1972,9,3891.63
2,1,1973,9,3861.72
2,1,1974,9,3876.81
2,1,1975,9,3882.03
2,1,1976,9,3887.16
2,1,1977,9,3874.5
2,1,1978,9,3851.74
2,1,1979,9,3858.25
2,1,1980,9,3836.78
2,1,1981,9,3804.86
2,1,1982,9,3748.09
2,1,1983,9,3707.93
2,1,1984,9,3688.18
2,1,1985,9,3657.89
2,1,1986,9,3625.72
2,1,1987,9,3585.07
2,1,1988,9,3563.08
2,1,1989,9,3525.92
2,1,1990,9,3516.44
2,1,1991,9,3510.59
2,1,1992,9,3458.39
2,1,1993,9,3769.18
2,1,1994,9,3430.33
2,1,1995,9,3241.66
2,1,1996,9,3547.09
2,1,1997,9,3853.47
2,1,1998,9,4148.98
2,1,1999,9,6139.86
2,1,2000,9,3442.87
2,1,2001,9,4310.93
2,1,2002,9,3749.43
2,1,2003,9,3898.54
2,1,2004,9,2349.19
2,1,2005,9,1593.89
2,1,2006,9,2556.41
2,1,2007,9,2787.34
2,1,2008,9,1023.68
2,1,2009,9,1439.54
2,1,2010,9,2530.66
2,1,2011,9,1425.32
2,1,2012,9,1872.61
2,1,2013,9,2202.64
2,1,2014,9,2512.08
2,1,2015,9,3324.6
2,1,2016,9,1506.07
2,1,2017,9,3206.3
2,1,2018,9,2996.95
2,1,2019,9,2715.17
2,1,2020,9,1926.98
2,1,2021,9,2216.59
2,1,2022,9,1843.17
2,1,2023,9,718.691
2,2,1952,9,2296.65
2,2,1953,9,2298.2
2,2,1954,9,2298.13
2,2,1955,9,2295.65
2,2,1956,9,2286.32
2,2,1957,9,2278.12
2,2,1958,9,2274.23
2,2,1959,9,2266.86
2,2,1960,9,2255.42
2,2,1961,9,2248.73
2,2,1962,9,2239.29
2,2,1963,9,2239.45
2,2,1964,9,2234.45
2,2,1965,9,2234.35
2,2,1966,9,2233.46
2,2,1967,9,2228.77
2,2,1968,9,2221.44
2,2,1969,9,2216.97
2,2,1970,9,2206.94
2,2,1971,9,2203.65
2,2,1972,9,2187.49
2,2,1973,9,2173.12
2,2,1974,9,2176.1
2,2,1975,9,2174.66
2,2,1976,9,2173.05
2,2,1977,9,2163.44
2,2,1978,9,2148.89
2,2,1979,9,2151.15
2,2,1980,9,2137.99
2,2,1981,9,2120.53
2,2,1982,9,2090.18
2,2,1983,9,2067.12
2,2,1984,9,2056.12
2,2,1985,9,2041.15
2,2,1986,9,2018.83
2,2,1987,9,1992.64
2,2,1988,9,1977.43
2,2,1989,9,1951.49
2,2,1990,9,1946.4
2,2,1991,9,1944.02
2,2,1992,9,1916.39
2,2,1993,9,2089.53
2,2,1994,9,1901.19
2,2,1995,9,1792.24
2,2,1996,9,1959.83
2,2,1997,9,2128.35
2,2,1998,9,2291.8
2,2,1999,9,3381.25
2,2,2000,9,1888.94
2,2,2001,9,2352.73
2,2,2002,9,2033.69
2,2,2003,9,2099.96
2,2,2004,9,1263.14
2,2,2005,9,850.304
2,2,2006,9,1362.39
2,2,2007,9,1474.52
2,2,2008,9,540.093
2,2,2009,9,756.017
2,2,2010,9,1324.42
2,2,2011,9,747.615
2,2,2012,9,978.485
2,2,2013,9,1146.75
2,2,2014,9,1301.26
2,2,2015,9,1717
2,2,2016,9,777.209
2,2,2017,9,1654.41
2,2,2018,9,1540.59
2,2,2019,9,1382.41
2,2,2020,9,984.183
2,2,2021,9,1142.14
2,2,2022,9,956.931
2,2,2023,9,375.356
1,1,1952,10,2854.74
1,1,1953,10,2857.15
1,1,1954,10,2855.88
1,1,1955,10,2849.14
1,1,1956,10,2844.02
1,1,1957,10,2839.39
1,1,1958,10,2832.96
1,1,1959,10,2822.35
1,1,1960,10,2813.23
1,1,1961,10,2804.7
1,1,1962,10,2795.81
1,1,1963,10,2781.73
1,1,1964,10,2768.47
1,1,1965,10,2757.87
1,1,1966,10,2728.69
1,1,1967,10,2702.21
1,1,1968,10,2685.03
1,1,1969,10,2647.28
1,1,1970,10,2622.8
1,1,1971,10,2600.9
1,1,1972,10,2567.72
1,1,1973,10,2531.09
1,1,1974,10,2503.76
1,1,1975,10,2478.12
1,1,1976,10,2474.61
1,1,1977,10,2460.19
1,1,1978,10,2479.89
1,1,1979,10,2472.78
1,1,1980,10,2480.26
1,1,1981,10,2486.36
1,1,1982,10,2479.57
1,1,1983,10,2460.7
1,1,1984,10,2448.65
1,1,1985,10,2426.38
1,1,1986,10,2391.27
1,1,1987,10,2351.79
1,1,1988,10,2321.3
1,1,1989,10,2292.87
1,1,1990,10,2270.34
1,1,1991,10,2266.44
1,1,1992,10,2271.17
1,1,1993,10,2229.82
1,1,1994,10,2439.37
1,1,1995,10,2211.92
1,1,1996,10,2098.59
1,1,1997,10,2283.63
1,1,1998,10,2429.41
1,1,1999,10,2543.87
1,1,2000,10,3671.02
1,1,2001,10,2013.69
1,1,2002,10,2481.36
1,1,2003,10,2146.61
1,1,2004,10,2247.09
1,1,2005,10,1391.2
1,1,2006,10,991.259
1,1,2007,10,1677.69
1,1,2008,10,1988.61
1,1,2009,10,801.814
1,1,2010,10,1192.65
1,1,2011,10,2159.65
1,1,2012,10,1225.96
1,1,2013,10,1618.86
1,1,2014,10,1909.16
1,1,2015,10,2152.58
1,1,2016,10,2818.39
1,1,2017,10,1290.35
1,1,2018,10,2746.27
1,1,2019,10,2562.69
1,1,2020,10,2353.19
1,1,2021,10,1687.29
1,1,2022,10,1958.34
1,1,2023,10,1626.83
1,2,1952,10,1454.15
1,2,1953,10,1454.38
1,2,1954,10,1453.18
1,2,1955,10,1447.15
1,2,1956,10,1444
1,2,1957,10,1441.9
1,2,1958,10,1438.34
1,2,1959,10,1431.35
1,2,1960,10,1426.48
1,2,1961,10,1422.22
1,2,1962,10,1416.78
1,2,1963,10,1406.6
1,2,1964,10,1397.21
1,2,1965,10,1392.61
1,2,1966,10,1371.92
1,2,1967,10,1354.57
1,2,1968,10,1347.25
1,2,1969,10,1322.66
1,2,1970,10,1311.36
1,2,1971,10,1300.7
1,2,1972,10,1279.7
1,2,1973,10,1259.41
1,2,1974,10,1243.38
1,2,1975,10,1227.22
1,2,1976,10,1231.33
1,2,1977,10,1221.49
1,2,1978,10,1240.2
1,2,1979,10,1238.71
1,2,1980,10,1239.18
1,2,1981,10,1237.53
1,2,1982,10,1229.19
1,2,1983,10,1215.59
1,2,1984,10,1213.09
1,2,1985,10,1202.78
1,2,1986,10,1184.98
1,2,1987,10,1165.98
1,2,1988,10,1150.4
1,2,1989,10,1131.98
1,2,1990,10,1119.27
1,2,1991,10,1120.19
1,2,1992,10,1125.94
1,2,1993,10,1104.7
1,2,1994,10,1209.76
1,2,1995,10,1096.5
1,2,1996,10,1041.97
1,2,1997,10,1127.34
1,2,1998,10,1183.21
1,2,1999,10,1225.93
1,2,2000,10,1753.87
1,2,2001,10,957.153
1,2,2002,10,1176.3
1,2,2003,10,1013.15
1,2,2004,10,1061.94
1,2,2005,10,658.231
1,2,2006,10,469.855
1,2,2007,10,801.909
1,2,2008,10,955.842
1,2,2009,10,386.194
1,2,2010,10,574.598
1,2,2011,10,1038.36
1,2,2012,10,587.775
1,2,2013,10,774.004
1,2,2014,10,912.546
1,2,2015,10,1027.98
1,2,2016,10,1349.17
1,2,2017,10,618.871
1,2,2018,10,1314.35
1,2,2019,10,1222.62
1,2,2020,10,1116.93
1,2,2021,10,806.386
1,2,2022,10,942.011
1,2,2023,10,783.223
2,1,1952,10,3516.22
2,1,1953,10,3519.67
2,1,1954,10,3519.62
2,1,1955,10,3516.57
2,1,1956,10,3505.3
2,1,1957,10,3494.29
2,1,1958,10,3489.03
2,1,1959,10,3478.98
2,1,1960,10,3463.64
2,1,1961,10,3451.96
2,1,1962,10,3435.56
2,1,1963,10,3430.83
2,1,1964,10,3425.78
2,1,1965,10,3425.93
2,1,1966,10,3422.54
2,1,1967,10,3413.76
2,1,1968,10,3403.65
2,1,1969,10,3394.55
2,1,1970,10,3371.55
2,1,1971,10,3362.37
2,1,1972,10,3321
2,1,1973,10,3289.16
2,1,1974,10,3295.09
2,1,1975,10,3299.55
2,1,1976,10,3305.53
2,1,1977,10,3296.9
2,1,1978,10,3303.56
2,1,1979,10,3292.18
2,1,1980,10,3276.24
2,1,1981,10,3255.32
2,1,1982,10,3207.59
2,1,1983,10,3171.19
2,1,1984,10,3154.17
2,1,1985,10,3133.16
2,1,1986,10,3111.37
2,1,1987,10,3068.68
2,1,1988,10,3037.25
2,1,1989,10,3005.96
2,1,1990,10,2993.8
2,1,1991,10,2983.93
2,1,1992,10,2983.98
2,1,1993,10,2931.44
2,1,1994,10,3211.61
2,1,1995,10,2910.73
2,1,1996,10,2759.17
2,1,1997,10,3014.48
2,1,1998,10,3272.83
2,1,1999,10,3497.18
2,1,2000,10,5156.83
2,1,2001,10,2874.57
2,1,2002,10,3551.33
2,1,2003,10,3077.71
2,1,2004,10,3156.24
2,1,2005,10,1887.15
2,1,2006,10,1293.57
2,1,2007,10,2011.56
2,1,2008,10,2165.54
2,1,2009,10,820.949
2,1,2010,10,1177.91
2,1,2011,10,2090.2
2,1,2012,10,1164.16
2,1,2013,10,1522.37
2,1,2014,10,1788.67
2,1,2015,10,2032.91
2,1,2016,10,2658.71
2,1,2017,10,1225.14
2,1,2018,10,2620.94
2,1,2019,10,2410.38
2,1,2020,10,2213.01
2,1,2021,10,1567.93
2,1,2022,10,1810.26
2,1,2023,10,1512.19
2,2,1952,10,1791.1
2,2,1953,10,1791.92
2,2,1954,10,1791.87
2,2,1955,10,1789.95
2,2,1956,10,1782.76
2,2,1957,10,1776.46
2,2,1958,10,1773.54
2,2,1959,10,1767.91
2,2,1960,10,1759.01
2,2,1961,10,1753.18
2,2,1962,10,1743.94
2,2,1963,10,1741.87
2,2,1964,10,1737.75
2,2,1965,10,1738.45
2,2,1966,10,1736.5
2,2,1967,10,1730.78
2,2,1968,10,1725.55
2,2,1969,10,1722.57
2,2,1970,10,1714.26
2,2,1971,10,1710.75
2,2,1972,10,1697.02
2,2,1973,10,1684.78
2,2,1974,10,1683.33
2,2,1975,10,1681.28
2,2,1976,10,1680.26
2,2,1977,10,1672.42
2,2,1978,10,1673.78
2,2,1979,10,1666.51
2,2,1980,10,1656.4
2,2,1981,10,1645.88
2,2,1982,10,1623.2
2,2,1983,10,1604.21
2,2,1984,10,1595.19
2,2,1985,10,1585.39
2,2,1986,10,1572.39
2,2,1987,10,1548.05
2,2,1988,10,1528.96
2,2,1989,10,1506.99
2,2,1990,10,1499.45
2,2,1991,10,1494.9
2,2,1992,10,1497.33
2,2,1993,10,1472.44
2,2,1994,10,1612.02
2,2,1995,10,1457.69
2,2,1996,10,1380.7
2,2,1997,10,1506.11
2,2,1998,10,1634.87
2,2,1999,10,1740.04
2,2,2000,10,2554.25
2,2,2001,10,1414.84
2,2,2002,10,1733.52
2,2,2003,10,1487.85
2,2,2004,10,1521.28
2,2,2005,10,900.697
2,2,2006,10,616.701
2,2,2007,10,949.407
2,2,2008,10,1016.6
2,2,2009,10,383.621
2,2,2010,10,549.173
2,2,2011,10,977.271
2,2,2012,10,542.118
2,2,2013,10,706.072
2,2,2014,10,827.758
2,2,2015,10,930.553
2,2,2016,10,1213
2,2,2017,10,559.89
2,2,2018,10,1192.9
2,2,2019,10,1087
2,2,2020,10,998.536
2,2,2021,10,713.991
2,2,2022,10,832.411
2,2,2023,10,699.473
1,1,1952,11,2549.28
1,1,1953,11,2550.98
1,1,1954,11,2550.03
1,1,1955,11,2544.95
1,1,1956,11,2541.14
1,1,1957,11,2537.59
1,1,1958,11,2532.43
1,1,1959,11,2523.79
1,1,1960,11,2516
1,1,1961,11,2508.25
1,1,1962,11,2499.44
1,1,1963,11,2484.71
1,1,1964,11,2471.71
1,1,1965,11,2464.6
1,1,1966,11,2442.24
1,1,1967,11,2418.43
1,1,1968,11,2401.82
1,1,1969,11,2372.07
1,1,1970,11,2349.88
1,1,1971,11,2327.52
1,1,1972,11,2296.28
1,1,1973,11,2264.84
1,1,1974,11,2237.82
1,1,1975,11,2208.39
1,1,1976,11,2205.06
1,1,1977,11,2189.88
1,1,1978,11,2200.26
1,1,1979,11,2209.86
1,1,1980,11,2197.64
1,1,1981,11,2198.69
1,1,1982,11,2199.15
1,1,1983,11,2188.63
1,1,1984,11,2181.74
1,1,1985,11,2168.25
1,1,1986,11,2142.47
1,1,1987,11,2116.89
1,1,1988,11,2081.03
1,1,1989,11,2045.12
1,1,1990,11,2020.5
1,1,1991,11,2009
1,1,1992,11,2007.44
1,1,1993,11,2004.35
1,1,1994,11,1974.72
1,1,1995,11,2157.02
1,1,1996,11,1963.28
1,1,1997,11,1848.32
1,1,1998,11,1982.04
1,1,1999,11,2103.67
1,1,2000,11,2199.21
1,1,2001,11,3175.62
1,1,2002,11,1743.7
1,1,2003,11,2142.68
1,1,2004,11,1864.39
1,1,2005,11,1954.06
1,1,2006,11,1211.87
1,1,2007,11,869.229
1,1,2008,11,1464.87
1,1,2009,11,1728.44
1,1,2010,11,696.369
1,1,2011,11,1033.79
1,1,2012,11,1868.19
1,1,2013,11,1058.17
1,1,2014,11,1398.57
1,1,2015,11,1647.06
1,1,2016,11,1857.37
1,1,2017,11,2426.82
1,1,2018,11,1109.03
1,1,2019,11,2359.57
1,1,2020,11,2196.08
1,1,2021,11,2036.74
1,1,2022,11,1459.54
1,1,2023,11,1691.11
1,2,1952,11,1186.53
1,2,1953,11,1186.56
1,2,1954,11,1185.6
1,2,1955,11,1180.74
1,2,1956,11,1178.22
1,2,1957,11,1176.57
1,2,1958,11,1173.75
1,2,1959,11,1168.15
1,2,1960,11,1164.21
1,2,1961,11,1160.61
1,2,1962,11,1155.74
1,2,1963,11,1146.19
1,2,1964,11,1137.02
1,2,1965,11,1133.76
1,2,1966,11,1117.6
1,2,1967,11,1102.4
1,2,1968,11,1094.88
1,2,1969,11,1075.37
1,2,1970,11,1065.89
1,2,1971,11,1055.84
1,2,1972,11,1037.19
1,2,1973,11,1020.33
1,2,1974,11,1006.56
1,2,1975,11,988.924
1,2,1976,11,992.161
1,2,1977,11,984.051
1,2,1978,11,996.382
1,2,1979,11,1004.3
1,2,1980,11,997.426
1,2,1981,11,993.132
1,2,1982,11,988.175
1,2,1983,11,978.832
1,2,1984,11,977.171
1,2,1985,11,972.141
1,2,1986,11,958.351
1,2,1987,11,949.178
1,2,1988,11,933.114
1,2,1989,11,912.799
1,2,1990,11,899.431
1,2,1991,11,896.187
1,2,1992,11,898.132
1,2,1993,11,897.225
1,2,1994,11,885.839
1,2,1995,11,966.082
1,2,1996,11,881.85
1,2,1997,11,825.308
1,2,1998,11,868.989
1,2,1999,11,908.495
1,2,2000,11,937.867
1,2,2001,11,1342.48
1,2,2002,11,733.27
1,2,2003,11,895.817
1,2,2004,11,779.458
1,2,2005,11,819.436
1,2,2006,11,509.997
1,2,2007,11,369.676
1,2,2008,11,628.287
1,2,2009,11,744.215
1,2,2010,11,300.61
1,2,2011,11,446.202
1,2,2012,11,803.136
1,2,2013,11,453.607
1,2,2014,11,598.817
1,2,2015,11,704.741
1,2,2016,11,794.36
1,2,2017,11,1038.89
1,2,2018,11,474.004
1,2,2019,11,1005.11
1,2,2020,11,930.685
1,2,2021,11,868.511
1,2,2022,11,626.882
1,2,2023,11,728.371
2,1,1952,11,2981.78
2,1,1953,11,2984.1
2,1,1954,11,2984.06
2,1,1955,11,2981.62
2,1,1956,11,2972.67
2,1,1957,11,2963.9
2,1,1958,11,2959.84
2,1,1959,11,2951.88
2,1,1960,11,2939.64
2,1,1961,11,2929.84
2,1,1962,11,2914.98
2,1,1963,11,2907.03
2,1,1964,11,2900.09
2,1,1965,11,2900.44
2,1,1966,11,2898.37
2,1,1967,11,2888.49
2,1,1968,11,2877.77
2,1,1969,11,2870.82
2,1,1970,11,2851.05
2,1,1971,11,2841.83
2,1,1972,11,2802.36
2,1,1973,11,2772.22
2,1,1974,11,2773.83
2,1,1975,11,2771.7
2,1,1976,11,2776.79
2,1,1977,11,2770.88
2,1,1978,11,2778.12
2,1,1979,11,2790.46
2,1,1980,11,2762.92
2,1,1981,11,2746.79
2,1,1982,11,2711.66
2,1,1983,11,2682.31
2,1,1984,11,2666.2
2,1,1985,11,2648.14
2,1,1986,11,2634.81
2,1,1987,11,2603.84
2,1,1988,11,2570.65
2,1,1989,11,2534.59
2,1,1990,11,2523.61
2,1,1991,11,2511.73
2,1,1992,11,2507.09
2,1,1993,11,2499.95
2,1,1994,11,2469.21
2,1,1995,11,2694.97
2,1,1996,11,2449.35
2,1,1997,11,2318.54
2,1,1998,11,2531.5
2,1,1999,11,2729.65
2,1,2000,11,2907.11
2,1,2001,11,4263.45
2,1,2002,11,2346.43
2,1,2003,11,2889.4
2,1,2004,11,2468.65
2,1,2005,11,2515.35
2,1,2006,11,1517.93
2,1,2007,11,1010.77
2,1,2008,11,1552.2
2,1,2009,11,1724.1
2,1,2010,11,666.316
2,1,2011,11,964.372
2,1,2012,11,1694.4
2,1,2013,11,939.779
2,1,2014,11,1227.39
2,1,2015,11,1438.95
2,1,2016,11,1616.37
2,1,2017,11,2148.41
2,1,2018,11,995.2
2,1,2019,11,2096.74
2,1,2020,11,1950.96
2,1,2021,11,1787.35
2,1,2022,11,1270.93
2,1,2023,11,1474.18
2,2,1952,11,1387.83
2,2,1953,11,1388.27
2,2,1954,11,1388.22
2,2,1955,11,1386.74
2,2,1956,11,1381.23
2,2,1957,11,1376.39
2,2,1958,11,1374.21
2,2,1959,11,1369.94
2,2,1960,11,1363.17
2,2,1961,11,1358.63
2,2,1962,11,1351.02
2,2,1963,11,1347.91
2,2,1964,11,1343.1
2,2,1965,11,1343.42
2,2,1966,11,1342.52
2,2,1967,11,1337.12
2,2,1968,11,1331.45
2,2,1969,11,1329.45
2,2,1970,11,1323.29
2,2,1971,11,1320.22
2,2,1972,11,1308.6
2,2,1973,11,1298.31
2,2,1974,11,1296.56
2,2,1975,11,1292.02
2,2,1976,11,1290.57
2,2,1977,11,1284.71
2,2,1978,11,1285.4
2,2,1979,11,1289.6
2,2,1980,11,1274.84
2,2,1981,11,1266.71
2,2,1982,11,1251.46
2,2,1983,11,1237.58
2,2,1984,11,1229.82
2,2,1985,11,1221.99
2,2,1986,11,1213.47
2,2,1987,11,1198.03
2,2,1988,11,1180.24
2,2,1989,11,1157.91
2,2,1990,11,1150.54
2,2,1991,11,1144.2
2,2,1992,11,1143.9
2,2,1993,11,1142.98
2,2,1994,11,1128.64
2,2,1995,11,1228.14
2,2,1996,11,1115.81
2,2,1997,11,1054.3
2,2,1998,11,1149.45
2,2,1999,11,1233.48
2,2,2000,11,1306.32
2,2,2001,11,1901.57
2,2,2002,11,1036.24
2,2,2003,11,1260.89
2,2,2004,11,1071.37
2,2,2005,11,1078.67
2,2,2006,11,649.225
2,2,2007,11,427.198
2,2,2008,11,650.665
2,2,2009,11,718.093
2,2,2010,11,277.194
2,2,2011,11,403.014
2,2,2012,11,705.202
2,2,2013,11,389.453
2,2,2014,11,507.496
2,2,2015,11,589.838
2,2,2016,11,655.244
2,2,2017,11,870.534
2,2,2018,11,402.158
2,2,2019,11,838.631
2,2,2020,11,781.823
2,2,2021,11,721.116
2,2,2022,11,518.007
2,2,2023,11,605.848
1,1,1952,12,2246.99
1,1,1953,12,2248.16
1,1,1954,12,2247.44
1,1,1955,12,2243.59
1,1,1956,12,2240.77
1,1,1957,12,2238.17
1,1,1958,12,2234.24
1,1,1959,12,2227.48
1,1,1960,12,2221.14
1,1,1961,12,2214.57
1,1,1962,12,2206.84
1,1,1963,12,2193.62
1,1,1964,12,2180.43
1,1,1965,12,2172.57
1,1,1966,12,2156.43
1,1,1967,12,2138.42
1,1,1968,12,2122.72
1,1,1969,12,2097.13
1,1,1970,12,2079.57
1,1,1971,12,2059.68
1,1,1972,12,2030.96
1,1,1973,12,2001.72
1,1,1974,12,1978.76
1,1,1975,12,1951.05
1,1,1976,12,1940.44
1,1,1977,12,1928.3
1,1,1978,12,1932.93
1,1,1979,12,1936.35
1,1,1980,12,1940.37
1,1,1981,12,1925.66
1,1,1982,12,1922.97
1,1,1983,12,1919.75
1,1,1984,12,1917.78
1,1,1985,12,1909.29
1,1,1986,12,1892.62
1,1,1987,12,1874.2
1,1,1988,12,1850.85
1,1,1989,12,1812.81
1,1,1990,12,1781.66
1,1,1991,12,1766.76
1,1,1992,12,1758.63
1,1,1993,12,1751.7
1,1,1994,12,1754.19
1,1,1995,12,1726.37
1,1,1996,12,1891.88
1,1,1997,12,1710.34
1,1,1998,12,1589.74
1,1,1999,12,1701.11
1,1,2000,12,1802.41
1,1,2001,12,1885.32
1,1,2002,12,2724.59
1,1,2003,12,1492.65
1,1,2004,12,1843.76
1,1,2005,12,1606.1
1,1,2006,12,1686.28
1,1,2007,12,1052.3
1,1,2008,12,751.978
1,1,2009,12,1261.92
1,1,2010,12,1487.67
1,1,2011,12,598.084
1,1,2012,12,886.014
1,1,2013,12,1597.35
1,1,2014,12,904.986
1,1,2015,12,1194.33
1,1,2016,12,1405.85
1,1,2017,12,1582.18
1,1,2018,12,2065.17
1,1,2019,12,943.867
1,1,2020,12,2003.99
1,1,2021,12,1881.08
1,1,2022,12,1743.42
1,1,2023,12,1247.71
1,2,1952,12,960.402
1,2,1953,12,960.337
1,2,1954,12,959.573
1,2,1955,12,955.68
1,2,1956,12,953.666
1,2,1957,12,952.367
1,2,1958,12,950.153
1,2,1959,12,945.698
1,2,1960,12,942.579
1,2,1961,12,939.696
1,2,1962,12,935.685
1,2,1963,12,927.611
1,2,1964,12,919.176
1,2,1965,12,915.291
1,2,1966,12,902.631
1,2,1967,12,890.864
1,2,1968,12,883.896
1,2,1969,12,866.958
1,2,1970,12,859.621
1,2,1971,12,851.288
1,2,1972,12,835.232
1,2,1973,12,820.377
1,2,1974,12,808.969
1,2,1975,12,794.155
1,2,1976,12,793.152
1,2,1977,12,786.638
1,2,1978,12,796.31
1,2,1979,12,800.582
1,2,1980,12,802.374
1,2,1981,12,793.262
1,2,1982,12,787.141
1,2,1983,12,781.042
1,2,1984,12,780.903
1,2,1985,12,777.145
1,2,1986,12,768.563
1,2,1987,12,761.679
1,2,1988,12,753.532
1,2,1989,12,734.543
1,2,1990,12,719.579
1,2,1991,12,714.562
1,2,1992,12,713.004
1,2,1993,12,710.246
1,2,1994,12,713.909
1,2,1995,12,701.979
1,2,1996,12,770.983
1,2,1997,12,693.088
1,2,1998,12,631.346
1,2,1999,12,662.167
1,2,2000,12,689.712
1,2,2001,12,712.361
1,2,2002,12,1020.7
1,2,2003,12,554.226
1,2,2004,12,684.022
1,2,2005,12,596.996
1,2,2006,12,630.333
1,2,2007,12,398.567
1,2,2008,12,287.834
1,2,2009,12,486.146
1,2,2010,12,575.687
1,2,2011,12,231.939
1,2,2012,12,342.886
1,2,2013,12,615.599
1,2,2014,12,348.399
1,2,2015,12,458.966
1,2,2016,12,540.28
1,2,2017,12,606.636
1,2,2018,12,789.44
1,2,2019,12,359.785
1,2,2020,12,759.514
1,2,2021,12,718.328
1,2,2022,12,670.133
1,2,2023,12,481.07
2,1,1952,12,2505.58
2,1,1953,12,2507.13
2,1,1954,12,2507.11
2,1,1955,12,2505.16
2,1,1956,12,2498.08
2,1,1957,12,2491.15
2,1,1958,12,2488.06
2,1,1959,12,2481.85
2,1,1960,12,2472.24
2,1,1961,12,2464.43
2,1,1962,12,2452.25
2,1,1963,12,2444.34
2,1,1964,12,2435.65
2,1,1965,12,2433.41
2,1,1966,12,2432
2,1,1967,12,2424.63
2,1,1968,12,2413.55
2,1,1969,12,2405.57
2,1,1970,12,2389.32
2,1,1971,12,2381.58
2,1,1972,12,2345.99
2,1,1973,12,2317.46
2,1,1974,12,2317.37
2,1,1975,12,2312.77
2,1,1976,12,2311.99
2,1,1977,12,2307.24
2,1,1978,12,2314.25
2,1,1979,12,2325.68
2,1,1980,12,2321.27
2,1,1981,12,2295.68
2,1,1982,12,2267.4
2,1,1983,12,2247.57
2,1,1984,12,2235.2
2,1,1985,12,2218.5
2,1,1986,12,2207.83
2,1,1987,12,2186.35
2,1,1988,12,2162.96
2,1,1989,12,2127.82
2,1,1990,12,2109.86
2,1,1991,12,2099.25
2,1,1992,12,2091.94
2,1,1993,12,2081.87
2,1,1994,12,2087.49
2,1,1995,12,2054.6
2,1,1996,12,2248.2
2,1,1997,12,2040.75
2,1,1998,12,1930.5
2,1,1999,12,2094.53
2,1,2000,12,2251.5
2,1,2001,12,2385.82
2,1,2002,12,3456.48
2,1,2003,12,1896.58
2,1,2004,12,2301.9
2,1,2005,12,1956.14
2,1,2006,12,2010.42
2,1,2007,12,1180.45
2,1,2008,12,776.344
2,1,2009,12,1229.28
2,1,2010,12,1390.61
2,1,2011,12,541.879
2,1,2012,12,777.235
2,1,2013,12,1360.48
2,1,2014,12,753.631
2,1,2015,12,983.031
2,1,2016,12,1139.57
2,1,2017,12,1300.44
2,1,2018,12,1737.79
2,1,2019,12,793.253
2,1,2020,12,1688.68
2,1,2021,12,1567.46
2,1,2022,12,1441.04
2,1,2023,12,1029.42
2,2,1952,12,1070.93
2,2,1953,12,1071.16
2,2,1954,12,1071.13
2,2,1955,12,1069.99
2,2,1956,12,1065.76
2,2,1957,12,1062.06
2,2,1958,12,1060.42
2,2,1959,12,1057.19
2,2,1960,12,1052.06
2,2,1961,12,1048.62
2,2,1962,12,1042.74
2,2,1963,12,1039.98
2,2,1964,12,1035.15
2,2,1965,12,1034.11
2,2,1966,12,1033.25
2,2,1967,12,1029.55
2,2,1968,12,1024.42
2,2,1969,12,1021.59
2,2,1970,12,1017.03
2,2,1971,12,1014.88
2,2,1972,12,1005.5
2,2,1973,12,996.819
2,2,1974,12,994.949
2,2,1975,12,990.968
2,2,1976,12,987.56
2,2,1977,12,982.582
2,2,1978,12,983.239
2,2,1979,12,986.142
2,2,1980,12,982.351
2,2,1981,12,970.754
2,2,1982,12,958.948
2,2,1983,12,950.025
2,2,1984,12,944.67
2,2,1985,12,938.056
2,2,1986,12,931.45
2,2,1987,12,920.699
2,2,1988,12,909.651
2,2,1989,12,890.23
2,2,1990,12,880.409
2,2,1991,12,874.297
2,2,1992,12,871.833
2,2,1993,12,869.454
2,2,1994,12,872.447
2,2,1995,12,856.336
2,2,1996,12,936.177
2,2,1997,12,848.532
2,2,1998,12,801.273
2,2,1999,12,863.675
2,2,2000,12,922.282
2,2,2001,12,968.702
2,2,2002,12,1387.31
2,2,2003,12,750.865
2,2,2004,12,904.396
2,2,2005,12,756.924
2,2,2006,12,774.472
2,2,2007,12,448.007
2,2,2008,12,291.608
2,2,2009,12,457.931
2,2,2010,12,517.029
2,2,2011,12,202.691
2,2,2012,12,289.895
2,2,2013,12,505.161
2,2,2014,12,279.218
2,2,2015,12,360.898
2,2,2016,12,414.652
2,2,2017,12,469.534
2,2,2018,12,624.229
2,2,2019,12,282.227
2,2,2020,12,601.799
2,2,2021,12,563.158
2,2,2022,12,521.835
2,2,2023,12,376.118
1,1,1952,13,1959.78
1,1,1953,13,1960.58
1,1,1954,13,1960.03
1,1,1955,13,1957.06
1,1,1956,13,1954.97
1,1,1957,13,1953.08
1,1,1958,13,1950.18
1,1,1959,13,1945.02
1,1,1960,13,1940.09
1,1,1961,13,1934.79
1,1,1962,13,1928.38
1,1,1963,13,1917.23
1,1,1964,13,1905.61
1,1,1965,13,1896.88
1,1,1966,13,1882.4
1,1,1967,13,1869.58
1,1,1968,13,1857.85
1,1,1969,13,1835.67
1,1,1970,13,1819.98
1,1,1971,13,1804.34
1,1,1972,13,1779.9
1,1,1973,13,1753.32
1,1,1974,13,1731.87
1,1,1975,13,1708.66
1,1,1976,13,1696.57
1,1,1977,13,1680.34
1,1,1978,13,1683.72
1,1,1979,13,1683.55
1,1,1980,13,1683.4
1,1,1981,13,1683.79
1,1,1982,13,1668.44
1,1,1983,13,1663.44
1,1,1984,13,1666.12
1,1,1985,13,1662.33
1,1,1986,13,1651.03
1,1,1987,13,1639.53
1,1,1988,13,1622.78
1,1,1989,13,1597.14
1,1,1990,13,1564.26
1,1,1991,13,1542.55
1,1,1992,13,1531.52
1,1,1993,13,1520.26
1,1,1994,13,1518.34
1,1,1995,13,1519.14
1,1,1996,13,1499.45
1,1,1997,13,1633.32
1,1,1998,13,1459.61
1,1,1999,13,1354.06
1,1,2000,13,1446.47
1,1,2001,13,1533.24
1,1,2002,13,1604.65
1,1,2003,13,2314.66
1,1,2004,13,1274.11
1,1,2005,13,1575.36
1,1,2006,13,1374.6
1,1,2007,13,1451.56
1,1,2008,13,903.141
1,1,2009,13,643.054
1,1,2010,13,1078.18
1,1,2011,13,1268.41
1,1,2012,13,508.8
1,1,2013,13,751.958
1,1,2014,13,1355.36
1,1,2015,13,766.578
1,1,2016,13,1010.82
1,1,2017,13,1187.13
1,1,2018,13,1334.88
1,1,2019,13,1743.35
1,1,2020,13,795.57
1,1,2021,13,1701.97
1,1,2022,13,1596.47
1,1,2023,13,1478.22
1,2,1952,13,772.648
1,2,1953,13,772.547
1,2,1954,13,771.939
1,2,1955,13,768.829
1,2,1956,13,767.224
1,2,1957,13,766.202
1,2,1958,13,764.46
1,2,1959,13,760.93
1,2,1960,13,758.475
1,2,1961,13,756.211
1,2,1962,13,753.027
1,2,1963,13,746.48
1,2,1964,13,739.411
1,2,1965,13,735.458
1,2,1966,13,724.32
1,2,1967,13,715.142
1,2,1968,13,709.921
1,2,1969,13,695.641
1,2,1970,13,688.774
1,2,1971,13,682.323
1,2,1972,13,669.308
1,2,1973,13,656.594
1,2,1974,13,646.488
1,2,1975,13,634.359
1,2,1976,13,633.015
1,2,1977,13,625.082
1,2,1978,13,632.695
1,2,1979,13,635.976
1,2,1980,13,635.882
1,2,1981,13,634.375
1,2,1982,13,625.107
1,2,1983,13,618.639
1,2,1984,13,619.573
1,2,1985,13,617.517
1,2,1986,13,610.882
1,2,1987,13,607.215
1,2,1988,13,601.107
1,2,1989,13,589.583
1,2,1990,13,575.563
1,2,1991,13,568.243
1,2,1992,13,565.139
1,2,1993,13,560.572
1,2,1994,13,561.878
1,2,1995,13,562.432
1,2,1996,13,556.949
1,2,1997,13,602.448
1,2,1998,13,527.111
1,2,1999,13,478.283
1,2,2000,13,499.807
1,2,2001,13,520.816
1,2,2002,13,538.457
1,2,2003,13,767.053
1,2,2004,13,420.804
1,2,2005,13,520.933
1,2,2006,13,456.692
1,2,2007,13,489.968
1,2,2008,13,308.836
1,2,2009,13,221.728
1,2,2010,13,374.384
1,2,2011,13,442.188
1,2,2012,13,177.412
1,2,2013,13,261.561
1,2,2014,13,470.431
1,2,2015,13,265.58
1,2,2016,13,349.884
1,2,2017,13,410.134
1,2,2018,13,458.1
1,2,2019,13,595.689
1,2,2020,13,270.351
1,2,2021,13,582.938
1,2,2022,13,551.183
1,2,2023,13,511.404
2,1,1952,13,2090.8
2,1,1953,13,2091.83
2,1,1954,13,2091.81
2,1,1955,13,2090.27
2,1,1956,13,2084.67
2,1,1957,13,2079.21
2,1,1958,13,2076.89
2,1,1959,13,2072.07
2,1,1960,13,2064.6
2,1,1961,13,2058.51
2,1,1962,13,2048.86
2,1,1963,13,2042.2
2,1,1964,13,2034.21
2,1,1965,13,2029.76
2,1,1966,13,2026.55
2,1,1967,13,2020.89
2,1,1968,13,2012.41
2,1,1969,13,2003.82
2,1,1970,13,1988.34
2,1,1971,13,1982.34
2,1,1972,13,1951.92
2,1,1973,13,1926.39
2,1,1974,13,1924.35
2,1,1975,13,1919.39
2,1,1976,13,1916.36
2,1,1977,13,1908.29
2,1,1978,13,1914.19
2,1,1979,13,1924.29
2,1,1980,13,1921.73
2,1,1981,13,1915.68
2,1,1982,13,1882.12
2,1,1983,13,1866.71
2,1,1984,13,1860.24
2,1,1985,13,1847.17
2,1,1986,13,1837.48
2,1,1987,13,1820.34
2,1,1988,13,1804.6
2,1,1989,13,1779.5
2,1,1990,13,1759.95
2,1,1991,13,1743.85
2,1,1992,13,1736.88
2,1,1993,13,1725.49
2,1,1994,13,1726.84
2,1,1995,13,1725.91
2,1,1996,13,1702.69
2,1,1997,13,1861.02
2,1,1998,13,1688.27
2,1,1999,13,1587.63
2,1,2000,13,1717.43
2,1,2001,13,1837.5
2,1,2002,13,1924.47
2,1,2003,13,2780.21
2,1,2004,13,1503.44
2,1,2005,13,1816.52
2,1,2006,13,1556.44
2,1,2007,13,1558.66
2,1,2008,13,903.968
2,1,2009,13,612.466
2,1,2010,13,986.765
2,1,2011,13,1125
2,1,2012,13,434.774
2,1,2013,13,621.439
2,1,2014,13,1086.43
2,1,2015,13,601.572
2,1,2016,13,776.168
2,1,2017,13,914.08
2,1,2018,13,1049.16
2,1,2019,13,1382.03
2,1,2020,13,636.683
2,1,2021,13,1351.77
2,1,2022,13,1258.96
2,1,2023,13,1162.65
2,2,1952,13,824.304
2,2,1953,13,824.428
2,2,1954,13,824.403
2,2,1955,13,823.526
2,2,1956,13,820.285
2,2,1957,13,817.452
2,2,1958,13,816.215
2,2,1959,13,813.766
2,2,1960,13,809.873
2,2,1961,13,807.286
2,2,1962,13,802.82
2,2,1963,13,800.676
2,2,1964,13,796.698
2,2,1965,13,795.014
2,2,1966,13,793.361
2,2,1967,13,790.404
2,2,1968,13,786.799
2,2,1969,13,784.011
2,2,1970,13,779.49
2,2,1971,13,777.992
2,2,1972,13,770.867
2,2,1973,13,763.869
2,2,1974,13,761.894
2,2,1975,13,758.439
2,2,1976,13,755.454
2,2,1977,13,749.868
2,2,1978,13,750.003
2,2,1979,13,752.321
2,2,1980,13,749.164
2,2,1981,13,746.033
2,2,1982,13,732.888
2,2,1983,13,725.953
2,2,1984,13,723.167
2,2,1985,13,718.571
2,2,1986,13,713.116
2,2,1987,13,704.867
2,2,1988,13,697.242
2,2,1989,13,684.429
2,2,1990,13,675.162
2,2,1991,13,667.296
2,2,1992,13,664.411
2,2,1993,13,660.868
2,2,1994,13,661.882
2,2,1995,13,660.233
2,2,1996,13,651.035
2,2,1997,13,710.064
2,2,1998,13,643.192
2,2,1999,13,600.502
2,2,2000,13,644.106
2,2,2001,13,682.211
2,2,2002,13,704.998
2,2,2003,13,1002.83
2,2,2004,13,537.218
2,2,2005,13,637.505
2,2,2006,13,542.124
2,2,2007,13,533.202
2,2,2008,13,305.057
2,2,2009,13,204.734
2,2,2010,13,328.943
2,2,2011,13,377.152
2,2,2012,13,145.505
2,2,2013,13,207.286
2,2,2014,13,361.607
2,2,2015,13,198.362
2,2,2016,13,253.525
2,2,2017,13,296.993
2,2,2018,13,336.642
2,2,2019,13,437.941
2,2,2020,13,202.343
2,2,2021,13,432.976
2,2,2022,13,407.021
2,2,2023,13,378.476
1,1,1952,14,1694.68
1,1,1953,14,1695.21
1,1,1954,14,1694.79
1,1,1955,14,1692.47
1,1,1956,14,1690.89
1,1,1957,14,1689.52
1,1,1958,14,1687.38
1,1,1959,14,1683.5
1,1,1960,14,1679.79
1,1,1961,14,1675.69
1,1,1962,14,1670.57
1,1,1963,14,1661.43
1,1,1964,14,1651.77
1,1,1965,14,1643.89
1,1,1966,14,1630.35
1,1,1967,14,1618.82
1,1,1968,14,1610.73
1,1,1969,14,1593.87
1,1,1970,14,1579.84
1,1,1971,14,1565.96
1,1,1972,14,1546.71
1,1,1973,14,1524.17
1,1,1974,14,1504.66
1,1,1975,14,1483.53
1,1,1976,14,1473.04
1,1,1977,14,1457.11
1,1,1978,14,1454.23
1,1,1979,14,1453.87
1,1,1980,14,1451.45
1,1,1981,14,1449.06
1,1,1982,14,1447.35
1,1,1983,14,1432.2
1,1,1984,14,1432.31
1,1,1985,14,1432.9
1,1,1986,14,1426.43
1,1,1987,14,1418.85
1,1,1988,14,1408.15
1,1,1989,14,1389.48
1,1,1990,14,1367.15
1,1,1991,14,1343.15
1,1,1992,14,1326.22
1,1,1993,14,1313.5
1,1,1994,14,1307.17
1,1,1995,14,1304.66
1,1,1996,14,1308.78
1,1,1997,14,1284.77
1,1,1998,14,1384.62
1,1,1999,14,1235
1,1,2000,14,1143.83
1,1,2001,14,1222.36
1,1,2002,14,1296.05
1,1,2003,14,1354.14
1,1,2004,14,1962.01
1,1,2005,14,1080.91
1,1,2006,14,1338.62
1,1,2007,14,1174.34
1,1,2008,14,1236.99
1,1,2009,14,767.397
1,1,2010,14,546.08
1,1,2011,14,913.773
1,1,2012,14,1072.69
1,1,2013,14,429.238
1,1,2014,14,634.075
1,1,2015,14,1140.76
1,1,2016,14,644.412
1,1,2017,14,847.698
1,1,2018,14,994.525
1,1,2019,14,1118.85
1,1,2020,14,1459.72
1,1,2021,14,670.853
1,1,2022,14,1434.28
1,1,2023,14,1344.49
1,2,1952,14,618.685
1,2,1953,14,618.577
1,2,1954,14,618.094
1,2,1955,14,615.615
1,2,1956,14,614.339
1,2,1957,14,613.534
1,2,1958,14,612.162
1,2,1959,14,609.368
1,2,1960,14,607.439
1,2,1961,14,605.67
1,2,1962,14,603.174
1,2,1963,14,597.967
1,2,1964,14,592.26
1,2,1965,14,588.859
1,2,1966,14,579.298
1,2,1967,14,571.186
1,2,1968,14,567.193
1,2,1969,14,556.081
1,2,1970,14,550.037
1,2,1971,14,544.107
1,2,1972,14,533.909
1,2,1973,14,523.64
1,2,1974,14,514.961
1,2,1975,14,504.544
1,2,1976,14,503.217
1,2,1977,14,496.51
1,2,1978,14,500.403
1,2,1979,14,502.945
1,2,1980,14,502.807
1,2,1981,14,500.485
1,2,1982,14,497.637
1,2,1983,14,489.094
1,2,1984,14,488.598
1,2,1985,14,487.814
1,2,1986,14,483.283
1,2,1987,14,480.496
1,2,1988,14,477.004
1,2,1989,14,468.189
1,2,1990,14,459.797
1,2,1991,14,452.377
1,2,1992,14,447.321
1,2,1993,14,442.291
1,2,1994,14,441.483
1,2,1995,14,440.706
1,2,1996,14,444.218
1,2,1997,14,433.259
1,2,1998,14,456.143
1,2,1999,14,397.493
1,2,2000,14,359.375
1,2,2001,14,375.719
1,2,2002,14,391.894
1,2,2003,14,402.817
1,2,2004,14,579.837
1,2,2005,14,319.085
1,2,2006,14,396.796
1,2,2007,14,353.505
1,2,2008,14,378.168
1,2,2009,14,237.075
1,2,2010,14,170.206
1,2,2011,14,286.634
1,2,2012,14,337.137
1,2,2013,14,134.867
1,2,2014,14,199.163
1,2,2015,14,357.234
1,2,2016,14,201.631
1,2,2017,14,264.461
1,2,2018,14,308.293
1,2,2019,14,344.019
1,2,2020,14,445.584
1,2,2021,14,206.594
1,2,2022,14,445.394
1,2,2023,14,418.87
2,1,1952,14,1735.41
2,1,1953,14,1736.09
2,1,1954,14,1736.08
2,1,1955,14,1734.85
2,1,1956,14,1730.42
2,1,1957,14,1726.12
2,1,1958,14,1724.37
2,1,1959,14,1720.66
2,1,1960,14,1714.87
2,1,1961,14,1710.17
2,1,1962,14,1702.63
2,1,1963,14,1697.3
2,1,1964,14,1690.82
2,1,1965,14,1686.39
2,1,1966,14,1681.63
2,1,1967,14,1675.39
2,1,1968,14,1668.78
2,1,1969,14,1662.15
2,1,1970,14,1647.62
2,1,1971,14,1641.16
2,1,1972,14,1615.88
2,1,1973,14,1594.28
2,1,1974,14,1591.59
2,1,1975,14,1585.89
2,1,1976,14,1582.44
2,1,1977,14,1573.87
2,1,1978,14,1575.23
2,1,1979,14,1583.55
2,1,1980,14,1582.08
2,1,1981,14,1577.8
2,1,1982,14,1562.55
2,1,1983,14,1541.67
2,1,1984,14,1537.01
2,1,1985,14,1529.25
2,1,1986,14,1522.22
2,1,1987,14,1507.61
2,1,1988,14,1495.28
2,1,1989,14,1477.82
2,1,1990,14,1464.79
2,1,1991,14,1447.66
2,1,1992,14,1435.69
2,1,1993,14,1425.39
2,1,1994,14,1424.01
2,1,1995,14,1420.77
2,1,1996,14,1423.13
2,1,1997,14,1402.49
2,1,1998,14,1532.02
2,1,1999,14,1382.1
2,1,2000,14,1295.94
2,1,2001,14,1395.68
2,1,2002,14,1476.57
2,1,2003,14,1542.37
2,1,2004,14,2195.88
2,1,2005,14,1182.94
2,1,2006,14,1440.75
2,1,2007,14,1204.37
2,1,2008,14,1191.54
2,1,2009,14,711.259
2,1,2010,14,489.839
2,1,2011,14,795.078
2,1,2012,14,899.424
2,1,2013,14,346.483
2,1,2014,14,494.593
2,1,2015,14,864.879
2,1,2016,14,473.909
2,1,2017,14,621.127
2,1,2018,14,736.184
2,1,2019,14,833.469
2,1,2020,14,1106.89
2,1,2021,14,508.427
2,1,2022,14,1082.87
2,1,2023,14,1012.92
2,2,1952,14,633.555
2,2,1953,14,633.62
2,2,1954,14,633.601
2,2,1955,14,632.927
2,2,1956,14,630.444
2,2,1957,14,628.274
2,2,1958,14,627.338
2,2,1959,14,625.476
2,2,1960,14,622.517
2,2,1961,14,620.566
2,2,1962,14,617.184
2,2,1963,14,615.575
2,2,1964,14,612.508
2,2,1965,14,611.001
2,2,1966,14,609.054
2,2,1967,14,606.016
2,2,1968,14,603.165
2,2,1969,14,601.275
2,2,1970,14,597.314
2,2,1971,14,595.389
2,2,1972,14,590.005
2,2,1973,14,584.7
2,2,1974,14,582.944
2,2,1975,14,579.871
2,2,1976,14,577.283
2,2,1977,14,572.725
2,2,1978,14,571.451
2,2,1979,14,572.948
2,2,1980,14,570.622
2,2,1981,14,568.008
2,2,1982,14,562.313
2,2,1983,14,553.906
2,2,1984,14,551.66
2,2,1985,14,549.145
2,2,1986,14,545.364
2,2,1987,14,538.76
2,2,1988,14,532.961
2,2,1989,14,523.812
2,2,1990,14,518.313
2,2,1991,14,510.955
2,2,1992,14,506.312
2,2,1993,14,502.825
2,2,1994,14,502.277
2,2,1995,14,500.08
2,2,1996,14,501.146
2,2,1997,14,493.009
2,2,1998,14,537.362
2,2,1999,14,481.281
2,2,2000,14,447.138
2,2,2001,14,475.71
2,2,2002,14,495.754
2,2,2003,14,508.877
2,2,2004,14,716.386
2,2,2005,14,378.159
2,2,2006,14,455.917
2,2,2007,14,372.732
2,2,2008,14,362.575
2,2,2009,14,213.879
2,2,2010,14,146.843
2,2,2011,14,239.578
2,2,2012,14,270.382
2,2,2013,14,103.928
2,2,2014,14,148.242
2,2,2015,14,256.757
2,2,2016,14,139.331
2,2,2017,14,181.599
2,2,2018,14,213.036
2,2,2019,14,236.37
2,2,2020,14,314.066
2,2,2021,14,145.559
2,2,2022,14,312.845
2,2,2023,14,295.126
1,1,1952,15,1455.15
1,1,1953,15,1455.5
1,1,1954,15,1455.17
1,1,1955,15,1453.33
1,1,1956,15,1452.12
1,1,1957,15,1451.11
1,1,1958,15,1449.53
1,1,1959,15,1446.59
1,1,1960,15,1443.83
1,1,1961,15,1440.77
1,1,1962,15,1436.84
1,1,1963,15,1429.47
1,1,1964,15,1421.64
1,1,1965,15,1415.06
1,1,1966,15,1403.52
1,1,1967,15,1392.68
1,1,1968,15,1385.12
1,1,1969,15,1372.75
1,1,1970,15,1362.3
1,1,1971,15,1349.97
1,1,1972,15,1333.38
1,1,1973,15,1315.54
1,1,1974,15,1299.12
1,1,1975,15,1280.26
1,1,1976,15,1269.86
1,1,1977,15,1256.41
1,1,1978,15,1251.71
1,1,1979,15,1246.72
1,1,1980,15,1244.63
1,1,1981,15,1240.87
1,1,1982,15,1237.34
1,1,1983,15,1234.29
1,1,1984,15,1225
1,1,1985,15,1223.82
1,1,1986,15,1221.74
1,1,1987,15,1217.8
1,1,1988,15,1210.55
1,1,1989,15,1197.87
1,1,1990,15,1181.53
1,1,1991,15,1165.75
1,1,1992,15,1146.82
1,1,1993,15,1129.8
1,1,1994,15,1121.74
1,1,1995,15,1115.86
1,1,1996,15,1116.46
1,1,1997,15,1114.25
1,1,1998,15,1082.94
1,1,1999,15,1164.91
1,1,2000,15,1037.29
1,1,2001,15,961.123
1,1,2002,15,1027.26
1,1,2003,15,1087.43
1,1,2004,15,1140.9
1,1,2005,15,1654.34
1,1,2006,15,912.79
1,1,2007,15,1136.18
1,1,2008,15,994.578
1,1,2009,15,1045.04
1,1,2010,15,648.211
1,1,2011,15,460.502
1,1,2012,15,769.012
1,1,2013,15,900.628
1,1,2014,15,360.131
1,1,2015,15,530.985
1,1,2016,15,953.86
1,1,2017,15,537.435
1,1,2018,15,706.207
1,1,2019,15,828.679
1,1,2020,15,931.331
1,1,2021,15,1223.33
1,1,2022,15,561.984
1,1,2023,15,1201.1
1,2,1952,15,493.577
1,2,1953,15,493.476
1,2,1954,15,493.093
1,2,1955,15,491.122
1,2,1956,15,490.107
1,2,1957,15,489.473
1,2,1958,15,488.393
1,2,1959,15,486.183
1,2,1960,15,484.667
1,2,1961,15,483.285
1,2,1962,15,481.334
1,2,1963,15,477.221
1,2,1964,15,472.691
1,2,1965,15,469.935
1,2,1966,15,462.126
1,2,1967,15,455.14
1,2,1968,15,451.338
1,2,1969,15,442.628
1,2,1970,15,438.032
1,2,1971,15,432.872
1,2,1972,15,424.157
1,2,1973,15,416.121
1,2,1974,15,409.126
1,2,1975,15,400.374
1,2,1976,15,398.723
1,2,1977,15,393.215
1,2,1978,15,395.974
1,2,1979,15,396.326
1,2,1980,15,396.178
1,2,1981,15,394.311
1,2,1982,15,391.23
1,2,1983,15,387.964
1,2,1984,15,384.917
1,2,1985,15,383.382
1,2,1986,15,380.479
1,2,1987,15,378.823
1,2,1988,15,376.146
1,2,1989,15,370.193
1,2,1990,15,363.817
1,2,1991,15,360.032
1,2,1992,15,354.787
1,2,1993,15,348.799
1,2,1994,15,347.077
1,2,1995,15,345.061
1,2,1996,15,346.87
1,2,1997,15,344.347
1,2,1998,15,326.893
1,2,1999,15,342.754
1,2,2000,15,297.584
1,2,2001,15,269.177
1,2,2002,15,281.712
1,2,2003,15,292.125
1,2,2004,15,303.422
1,2,2005,15,438.168
1,2,2006,15,242.237
1,2,2007,15,306.125
1,2,2008,15,271.994
1,2,2009,15,289.448
1,2,2010,15,181.514
1,2,2011,15,130.005
1,2,2012,15,218.022
1,2,2013,15,255.667
1,2,2014,15,102.426
1,2,2015,15,150.827
1,2,2016,15,270.433
1,2,2017,15,151.922
1,2,2018,15,198.134
1,2,2019,15,230.697
1,2,2020,15,256.359
1,2,2021,15,339.273
1,2,2022,15,157.314
1,2,2023,15,337.369
2,1,1952,15,1434.58
2,1,1953,15,1435.03
2,1,1954,15,1435.02
2,1,1955,15,1434.04
2,1,1956,15,1430.53
2,1,1957,15,1427.14
2,1,1958,15,1425.82
2,1,1959,15,1422.96
2,1,1960,15,1418.47
2,1,1961,15,1414.88
2,1,1962,15,1409.02
2,1,1963,15,1404.84
2,1,1964,15,1399.78
2,1,1965,15,1396.14
2,1,1966,15,1391.63
2,1,1967,15,1384.85
2,1,1968,15,1378.12
2,1,1969,15,1372.91
2,1,1970,15,1361.28
2,1,1971,15,1354.63
2,1,1972,15,1332.29
2,1,1973,15,1314.55
2,1,1974,15,1312.26
2,1,1975,15,1306.75
2,1,1976,15,1302.55
2,1,1977,15,1294.79
2,1,1978,15,1294.29
2,1,1979,15,1298.13
2,1,1980,15,1297.08
2,1,1981,15,1293.96
2,1,1982,15,1281.99
2,1,1983,15,1275.08
2,1,1984,15,1264.43
2,1,1985,15,1258.47
2,1,1986,15,1255.35
2,1,1987,15,1244.29
2,1,1988,15,1233.86
2,1,1989,15,1220.28
2,1,1990,15,1212.02
2,1,1991,15,1200.56
2,1,1992,15,1187.42
2,1,1993,15,1173.77
2,1,1994,15,1171.87
2,1,1995,15,1167.3
2,1,1996,15,1167.04
2,1,1997,15,1167.84
2,1,1998,15,1150.23
2,1,1999,15,1249.84
2,1,2000,15,1124.37
2,1,2001,15,1049.78
2,1,2002,15,1118.34
2,1,2003,15,1180.24
2,1,2004,15,1215
2,1,2005,15,1724.19
2,1,2006,15,936.153
2,1,2007,15,1113.58
2,1,2008,15,919.888
2,1,2009,15,935.996
2,1,2010,15,567.363
2,1,2011,15,393.469
2,1,2012,15,633.91
2,1,2013,15,714.878
2,1,2014,15,275.029
2,1,2015,15,392.855
2,1,2016,15,680.07
2,1,2017,15,378.566
2,1,2018,15,499.561
2,1,2019,15,584.515
2,1,2020,15,666.85
2,1,2021,15,882.721
2,1,2022,15,406.606
2,1,2023,15,869.588
2,2,1952,15,486.6
2,2,1953,15,486.634
2,2,1954,15,486.619
2,2,1955,15,486.101
2,2,1956,15,484.197
2,2,1957,15,482.536
2,2,1958,15,481.824
2,2,1959,15,480.405
2,2,1960,15,478.151
2,2,1961,15,476.675
2,2,1962,15,474.109
2,2,1963,15,472.907
2,2,1964,15,470.585
2,2,1965,15,469.413
2,2,1966,15,467.752
2,2,1967,15,464.898
2,2,1968,15,462.119
2,2,1969,15,460.601
2,2,1970,15,457.743
2,2,1971,15,455.893
2,2,1972,15,451.153
2,2,1973,15,447.151
2,2,1974,15,445.858
2,2,1975,15,443.31
2,2,1976,15,440.997
2,2,1977,15,437.283
2,2,1978,15,436.088
2,2,1979,15,436.163
2,2,1980,15,434.196
2,2,1981,15,432.262
2,2,1982,15,427.731
2,2,1983,15,424.611
2,2,1984,15,420.533
2,2,1985,15,418.502
2,2,1986,15,416.382
2,2,1987,15,411.637
2,2,1988,15,406.995
2,2,1989,15,400.07
2,2,1990,15,396.346
2,2,1991,15,391.947
2,2,1992,15,387.371
2,2,1993,15,382.85
2,2,1994,15,381.826
2,2,1995,15,379.155
2,2,1996,15,379.233
2,2,1997,15,379.172
2,2,1998,15,372.761
2,2,1999,15,401.734
2,2,2000,15,358.058
2,2,2001,15,329.955
2,2,2002,15,345.396
2,2,2003,15,357.551
2,2,2004,15,363.213
2,2,2005,15,503.896
2,2,2006,15,270.215
2,2,2007,15,313.238
2,2,2008,15,253.283
2,2,2009,15,254.055
2,2,2010,15,153.286
2,2,2011,15,106.845
2,2,2012,15,171.615
2,2,2013,15,192.986
2,2,2014,15,74.2885
2,2,2015,15,105.236
2,2,2016,15,180.361
2,2,2017,15,99.8426
2,2,2018,15,130.353
2,2,2019,15,149.746
2,2,2020,15,169.708
2,2,2021,15,226.103
2,2,2022,15,105.222
2,2,2023,15,226.928
1,1,1952,16,1242.61
1,1,1953,16,1242.53
1,1,1954,16,1242.27
1,1,1955,16,1240.79
1,1,1956,16,1239.84
1,1,1957,16,1239.09
1,1,1958,16,1237.9
1,1,1959,16,1235.65
1,1,1960,16,1233.6
1,1,1961,16,1231.34
1,1,1962,16,1228.39
1,1,1963,16,1222.56
1,1,1964,16,1216.31
1,1,1965,16,1211
1,1,1966,16,1201.52
1,1,1967,16,1192.3
1,1,1968,16,1184.9
1,1,1969,16,1174.04
1,1,1970,16,1166.67
1,1,1971,16,1157.46
1,1,1972,16,1143.08
1,1,1973,16,1127.74
1,1,1974,16,1114.95
1,1,1975,16,1099.16
1,1,1976,16,1089.39
1,1,1977,16,1076.91
1,1,1978,16,1072.71
1,1,1979,16,1066.67
1,1,1980,16,1061.07
1,1,1981,16,1057.93
1,1,1982,16,1053.62
1,1,1983,16,1049.42
1,1,1984,16,1049.78
1,1,1985,16,1040.95
1,1,1986,16,1037.96
1,1,1987,16,1037.42
1,1,1988,16,1033.37
1,1,1989,16,1024.26
1,1,1990,16,1012.98
1,1,1991,16,1001.75
1,1,1992,16,989.593
1,1,1993,16,971.461
1,1,1994,16,959.35
1,1,1995,16,952.257
1,1,1996,16,949.549
1,1,1997,16,945.476
1,1,1998,16,934.591
1,1,1999,16,906.685
1,1,2000,16,973.663
1,1,2001,16,867.304
1,1,2002,16,803.702
1,1,2003,16,857.702
1,1,2004,16,911.483
1,1,2005,16,956.93
1,1,2006,16,1389.64
1,1,2007,16,770.492
1,1,2008,16,957.187
1,1,2009,16,836.05
1,1,2010,16,878.538
1,1,2011,16,544.255
1,1,2012,16,385.987
1,1,2013,16,643.124
1,1,2014,16,752.632
1,1,2015,16,300.36
1,1,2016,16,442.136
1,1,2017,16,792.077
1,1,2018,16,445.732
1,1,2019,16,585.729
1,1,2020,16,686.457
1,1,2021,16,776.357
1,1,2022,16,1019.58
1,1,2023,16,468.38
1,2,1952,16,392.636
1,2,1953,16,392.526
1,2,1954,16,392.222
1,2,1955,16,390.658
1,2,1956,16,389.853
1,2,1957,16,389.352
1,2,1958,16,388.501
1,2,1959,16,386.755
1,2,1960,16,385.563
1,2,1961,16,384.482
1,2,1962,16,382.956
1,2,1963,16,379.715
1,2,1964,16,376.141
1,2,1965,16,373.962
1,2,1966,16,367.718
1,2,1967,16,362.013
1,2,1968,16,358.576
1,2,1969,16,351.177
1,2,1970,16,347.616
1,2,1971,16,343.684
1,2,1972,16,336.429
1,2,1973,16,329.579
1,2,1974,16,324.126
1,2,1975,16,317.114
1,2,1976,16,315.432
1,2,1977,16,310.626
1,2,1978,16,312.642
1,2,1979,16,312.674
1,2,1980,16,311.288
1,2,1981,16,309.789
1,2,1982,16,307.347
1,2,1983,16,304.153
1,2,1984,16,304.448
1,2,1985,16,301.18
1,2,1986,16,298.22
1,2,1987,16,297.436
1,2,1988,16,295.745
1,2,1989,16,291.119
1,2,1990,16,286.839
1,2,1991,16,284.06
1,2,1992,16,281.513
1,2,1993,16,275.823
1,2,1994,16,272.907
1,2,1995,16,270.5
1,2,1996,16,270.832
1,2,1997,16,268.151
1,2,1998,16,259.081
1,2,1999,16,244.937
1,2,2000,16,255.87
1,2,2001,16,222.238
1,2,2002,16,201.245
1,2,2003,16,209.398
1,2,2004,16,219.421
1,2,2005,16,228.647
1,2,2006,16,331.753
1,2,2007,16,186.399
1,2,2008,16,234.956
1,2,2009,16,207.697
1,2,2010,16,221.123
1,2,2011,16,138.372
1,2,2012,16,98.7145
1,2,2013,16,165.043
1,2,2014,16,193.814
1,2,2015,16,77.414
1,2,2016,16,113.944
1,2,2017,16,203.311
1,2,2018,16,113.541
1,2,2019,16,147.883
1,2,2020,16,171.428
1,2,2021,16,194.599
1,2,2022,16,257.606
1,2,2023,16,118.845
2,1,1952,16,1182.61
2,1,1953,16,1182.61
2,1,1954,16,1182.6
2,1,1955,16,1181.82
2,1,1956,16,1179.03
2,1,1957,16,1176.35
2,1,1958,16,1175.35
2,1,1959,16,1173.13
2,1,1960,16,1169.66
2,1,1961,16,1166.91
2,1,1962,16,1162.37
2,1,1963,16,1159.13
2,1,1964,16,1155.23
2,1,1965,16,1152.42
2,1,1966,16,1148.74
2,1,1967,16,1142.74
2,1,1968,16,1135.87
2,1,1969,16,1130.47
2,1,1970,16,1121.12
2,1,1971,16,1116
2,1,1972,16,1096.37
2,1,1973,16,1080.67
2,1,1974,16,1079.06
2,1,1975,16,1074.48
2,1,1976,16,1070.33
2,1,1977,16,1062.89
2,1,1978,16,1061.88
2,1,1979,16,1063.66
2,1,1980,16,1060.4
2,1,1981,16,1057.93
2,1,1982,16,1048.46
2,1,1983,16,1043.25
2,1,1984,16,1042.83
2,1,1985,16,1032.26
2,1,1986,16,1030.1
2,1,1987,16,1023.31
2,1,1988,16,1015.59
2,1,1989,16,1004.37
2,1,1990,16,998.128
2,1,1991,16,990.761
2,1,1992,16,982.115
2,1,1993,16,968.143
2,1,1994,16,962.346
2,1,1995,16,958.056
2,1,1996,16,956.125
2,1,1997,16,955.018
2,1,1998,16,955.157
2,1,1999,16,935.979
2,1,2000,16,1014.25
2,1,2001,16,908.686
2,1,2002,16,839.445
2,1,2003,16,892.157
2,1,2004,16,928.031
2,1,2005,16,952.728
2,1,2006,16,1362.51
2,1,2007,16,723.193
2,1,2008,16,850.333
2,1,2009,16,721.967
2,1,2010,16,745.409
2,1,2011,16,454.774
2,1,2012,16,313.069
2,1,2013,16,502.844
2,1,2014,16,566.247
2,1,2015,16,218.074
2,1,2016,16,308.437
2,1,2017,16,542.448
2,1,2018,16,304.166
2,1,2019,16,396.478
2,1,2020,16,467.441
2,1,2021,16,531.608
2,1,2022,16,705.411
2,1,2023,16,326.158
2,2,1952,16,373.677
2,2,1953,16,373.675
2,2,1954,16,373.663
2,2,1955,16,373.265
2,2,1956,16,371.805
2,2,1957,16,370.531
2,2,1958,16,369.989
2,2,1959,16,368.906
2,2,1960,16,367.185
2,2,1961,16,366.064
2,2,1962,16,364.112
2,2,1963,16,363.211
2,2,1964,16,361.455
2,2,1965,16,360.577
2,2,1966,16,359.287
2,2,1967,16,356.964
2,2,1968,16,354.431
2,2,1969,16,352.809
2,2,1970,16,350.563
2,2,1971,16,349.282
2,2,1972,16,345.35
2,2,1973,16,341.818
2,2,1974,16,340.879
2,2,1975,16,338.962
2,2,1976,16,337.036
2,2,1977,16,333.938
2,2,1978,16,332.85
2,2,1979,16,332.737
2,2,1980,16,330.416
2,2,1981,16,328.798
2,2,1982,16,325.388
2,2,1983,16,322.856
2,2,1984,16,322.25
2,2,1985,16,318.896
2,2,1986,16,317.184
2,2,1987,16,314.142
2,2,1988,16,310.831
2,2,1989,16,305.396
2,2,1990,16,302.615
2,2,1991,16,299.61
2,2,1992,16,297.059
2,2,1993,16,292.816
2,2,1994,16,290.623
2,2,1995,16,288.127
2,2,1996,16,287.414
2,2,1997,16,286.812
2,2,1998,16,286.574
2,2,1999,16,278.565
2,2,2000,16,298.756
2,2,2001,16,264.123
2,2,2002,16,239.478
2,2,2003,16,249.015
2,2,2004,16,255.103
2,2,2005,16,255.402
2,2,2006,16,359.925
2,2,2007,16,185.597
2,2,2008,16,212.808
2,2,2009,16,177.452
2,2,2010,16,182.053
2,2,2011,16,111.491
2,2,2012,16,76.5007
2,2,2013,16,122.447
2,2,2014,16,137.911
2,2,2015,16,52.7376
2,2,2016,16,73.9399
2,2,2017,16,129.303
2,2,2018,16,71.7283
2,2,2019,16,91.7307
2,2,2020,16,107.657
2,2,2021,16,122.359
2,2,2022,16,163.636
2,2,2023,16,76.3938
1,1,1952,17,1055.95
1,1,1953,17,1055.88
1,1,1954,17,1055.67
1,1,1955,17,1054.47
1,1,1956,17,1053.72
1,1,1957,17,1053.15
1,1,1958,17,1052.24
1,1,1959,17,1050.49
1,1,1960,17,1048.95
1,1,1961,17,1047.28
1,1,1962,17,1045.09
1,1,1963,17,1040.52
1,1,1964,17,1035.6
1,1,1965,17,1031.41
1,1,1966,17,1023.73
1,1,1967,17,1016.19
1,1,1968,17,1009.85
1,1,1969,17,999.949
1,1,1970,17,993.291
1,1,1971,17,986.726
1,1,1972,17,975.69
1,1,1973,17,962.424
1,1,1974,17,951.432
1,1,1975,17,939.03
1,1,1976,17,930.829
1,1,1977,17,919.572
1,1,1978,17,914.952
1,1,1979,17,909.699
1,1,1980,17,903.5
1,1,1981,17,897.69
1,1,1982,17,894.137
1,1,1983,17,889.57
1,1,1984,17,888.505
1,1,1985,17,888.047
1,1,1986,17,879.036
1,1,1987,17,877.559
1,1,1988,17,876.499
1,1,1989,17,870.619
1,1,1990,17,862.375
1,1,1991,17,854.915
1,1,1992,17,846.462
1,1,1993,17,834.399
1,1,1994,17,821.045
1,1,1995,17,810.684
1,1,1996,17,806.616
1,1,1997,17,800.637
1,1,1998,17,789.851
1,1,1999,17,779.321
1,1,2000,17,754.793
1,1,2001,17,810.808
1,1,2002,17,722.241
1,1,2003,17,668.335
1,1,2004,17,715.935
1,1,2005,17,761.219
1,1,2006,17,800.305
1,1,2007,17,1167.73
1,1,2008,17,646.295
1,1,2009,17,801.287
1,1,2010,17,700.031
1,1,2011,17,734.863
1,1,2012,17,454.647
1,1,2013,17,321.796
1,1,2014,17,535.775
1,1,2015,17,625.8
1,1,2016,17,249.304
1,1,2017,17,365.959
1,1,2018,17,654.73
1,1,2019,17,368.382
1,1,2020,17,483.432
1,1,2021,17,569.828
1,1,2022,17,644.269
1,1,2023,17,846.375
1,2,1952,17,311.586
1,2,1953,17,311.499
1,2,1954,17,311.259
1,2,1955,17,310.019
1,2,1956,17,309.381
1,2,1957,17,308.986
1,2,1958,17,308.315
1,2,1959,17,306.936
1,2,1960,17,305.998
1,2,1961,17,305.151
1,2,1962,17,303.956
1,2,1963,17,301.404
1,2,1964,17,298.59
1,2,1965,17,296.88
1,2,1966,17,291.936
1,2,1967,17,287.378
1,2,1968,17,284.531
1,2,1969,17,278.34
1,2,1970,17,275.135
1,2,1971,17,272.083
1,2,1972,17,266.465
1,2,1973,17,260.775
1,2,1974,17,256.087
1,2,1975,17,250.607
1,2,1976,17,249.213
1,2,1977,17,245.135
1,2,1978,17,246.374
1,2,1979,17,246.275
1,2,1980,17,244.996
1,2,1981,17,242.847
1,2,1982,17,240.907
1,2,1983,17,238.388
1,2,1984,17,238.142
1,2,1985,17,237.67
1,2,1986,17,233.754
1,2,1987,17,232.63
1,2,1988,17,231.71
1,2,1989,17,228.4
1,2,1990,17,225.075
1,2,1991,17,223.439
1,2,1992,17,221.599
1,2,1993,17,218.328
1,2,1994,17,215.293
1,2,1995,17,212.194
1,2,1996,17,211.826
1,2,1997,17,208.907
1,2,1998,17,201.314
1,2,1999,17,193.683
1,2,2000,17,182.429
1,2,2001,17,190.643
1,2,2002,17,165.757
1,2,2003,17,149.239
1,2,2004,17,156.929
1,2,2005,17,164.977
1,2,2006,17,172.739
1,2,2007,17,254.753
1,2,2008,17,142.789
1,2,2009,17,179.082
1,2,2010,17,158.387
1,2,2011,17,168.283
1,2,2012,17,104.917
1,2,2013,17,74.6322
1,2,2014,17,124.951
1,2,2015,17,146.288
1,2,2016,17,58.3975
1,2,2017,17,85.5299
1,2,2018,17,151.691
1,2,2019,17,84.5857
1,2,2020,17,109.668
1,2,2021,17,129.835
1,2,2022,17,147.397
1,2,2023,17,194.174
2,1,1952,17,972.595
2,1,1953,17,972.593
2,1,1954,17,972.586
2,1,1955,17,971.962
2,1,1956,17,969.74
2,1,1957,17,967.611
2,1,1958,17,966.849
2,1,1959,17,965.124
2,1,1960,17,962.412
2,1,1961,17,960.303
2,1,1962,17,956.787
2,1,1963,17,954.296
2,1,1964,17,951.315
2,1,1965,17,949.184
2,1,1966,17,946.323
2,1,1967,17,941.46
2,1,1968,17,935.475
2,1,1969,17,929.91
2,1,1970,17,921.314
2,1,1971,17,917.339
2,1,1972,17,901.405
2,1,1973,17,887.577
2,1,1974,17,885.479
2,1,1975,17,881.965
2,1,1976,17,878.502
2,1,1977,17,871.854
2,1,1978,17,870.129
2,1,1979,17,871.078
2,1,1980,17,867.35
2,1,1981,17,863.319
2,1,1982,17,855.687
2,1,1983,17,851.694
2,1,1984,17,851.623
2,1,1985,17,849.712
2,1,1986,17,843.32
2,1,1987,17,838.126
2,1,1988,17,833.68
2,1,1989,17,825.271
2,1,1990,17,820.029
2,1,1991,17,814.495
2,1,1992,17,809.031
2,1,1993,17,799.331
2,1,1994,17,792.329
2,1,1995,17,785.401
2,1,1996,17,783.277
2,1,1997,17,780.97
2,1,1998,17,779.636
2,1,1999,17,775.943
2,1,2000,17,758.289
2,1,2001,17,818.426
2,1,2002,17,725.699
2,1,2003,17,668.861
2,1,2004,17,700.73
2,1,2005,17,727.199
2,1,2006,17,752.344
2,1,2007,17,1052.62
2,1,2008,17,552.414
2,1,2009,17,667.246
2,1,2010,17,574.5
2,1,2011,17,596.822
2,1,2012,17,361.422
2,1,2013,17,248.019
2,1,2014,17,397.727
2,1,2015,17,448.416
2,1,2016,17,171.037
2,1,2017,17,245.753
2,1,2018,17,435.525
2,1,2019,17,241.377
2,1,2020,17,317.001
2,1,2021,17,372.714
2,1,2022,17,424.912
2,1,2023,17,565.725
2,2,1952,17,286.991
2,2,1953,17,286.989
2,2,1954,17,286.98
2,2,1955,17,286.674
2,2,1956,17,285.553
2,2,1957,17,284.576
2,2,1958,17,284.162
2,2,1959,17,283.333
2,2,1960,17,282.018
2,2,1961,17,281.164
2,2,1962,17,279.675
2,2,1963,17,278.995
2,2,1964,17,277.664
2,2,1965,17,277.008
2,2,1966,17,276.032
2,2,1967,17,274.234
2,2,1968,17,272.186
2,2,1969,17,270.631
2,2,1970,17,268.554
2,2,1971,17,267.533
2,2,1972,17,264.616
2,2,1973,17,261.679
2,2,1974,17,260.606
2,2,1975,17,259.176
2,2,1976,17,257.724
2,2,1977,17,255.23
2,2,1978,17,254.198
2,2,1979,17,253.98
2,2,1980,17,252.078
2,2,1981,17,250.211
2,2,1982,17,247.507
2,2,1983,17,245.609
2,2,1984,17,245.017
2,2,1985,17,244.365
2,2,1986,17,241.687
2,2,1987,17,239.283
2,2,1988,17,237.194
2,2,1989,17,233.229
2,2,1990,17,230.997
2,2,1991,17,228.762
2,2,1992,17,227.078
2,2,1993,17,224.563
2,2,1994,17,222.29
2,2,1995,17,219.314
2,2,1996,17,218.411
2,2,1997,17,217.363
2,2,1998,17,216.754
2,2,1999,17,214.149
2,2,2000,17,207.149
2,2,2001,17,220.369
2,2,2002,17,191.695
2,2,2003,17,172.649
2,2,2004,17,177.654
2,2,2005,17,179.385
2,2,2006,17,182.428
2,2,2007,17,247.223
2,2,2008,17,126.102
2,2,2009,17,149.124
2,2,2010,17,127.186
2,2,2011,17,132.432
2,2,2012,17,79.8281
2,2,2013,17,54.5772
2,2,2014,17,87.5
2,2,2015,17,97.9141
2,2,2016,17,37.0669
2,2,2017,17,53.0347
2,2,2018,17,92.9648
2,2,2019,17,50.5351
2,2,2020,17,66.0338
2,2,2021,17,77.7434
2,2,2022,17,88.7113
2,2,2023,17,118.981
1,1,1952,18,893.646
1,1,1953,18,893.593
1,1,1954,18,893.42
1,1,1955,18,892.439
1,1,1956,18,891.839
1,1,1957,18,891.395
1,1,1958,18,890.693
1,1,1959,18,889.316
1,1,1960,18,888.138
1,1,1961,18,886.893
1,1,1962,18,885.261
1,1,1963,18,881.681
1,1,1964,18,877.842
1,1,1965,18,874.594
1,1,1966,18,868.44
1,1,1967,18,862.37
1,1,1968,18,857.199
1,1,1969,18,848.847
1,1,1970,18,842.567
1,1,1971,18,836.666
1,1,1972,18,828.421
1,1,1973,18,818.147
1,1,1974,18,808.627
1,1,1975,18,798.014
1,1,1976,18,791.808
1,1,1977,18,782.412
1,1,1978,18,777.843
1,1,1979,18,772.542
1,1,1980,18,767.21
1,1,1981,18,761.115
1,1,1982,18,755.534
1,1,1983,18,751.775
1,1,1984,18,750.009
1,1,1985,18,748.544
1,1,1986,18,746.891
1,1,1987,18,740.225
1,1,1988,18,738.532
1,1,1989,18,735.615
1,1,1990,18,730.137
1,1,1991,18,724.845
1,1,1992,18,719.384
1,1,1993,18,710.775
1,1,1994,18,702.201
1,1,1995,18,690.907
1,1,1996,18,683.801
1,1,1997,18,677.382
1,1,1998,18,666.349
1,1,1999,18,656.188
1,1,2000,18,646.338
1,1,2001,18,626.201
1,1,2002,18,672.639
1,1,2003,18,598.325
1,1,2004,18,555.737
1,1,2005,18,595.591
1,1,2006,18,634.097
1,1,2007,18,669.739
1,1,2008,18,975.62
1,1,2009,18,538.958
1,1,2010,18,668.408
1,1,2011,18,583.432
1,1,2012,18,611.794
1,1,2013,18,377.88
1,1,2014,18,267.313
1,1,2015,18,444.237
1,1,2016,18,517.969
1,1,2017,18,205.756
1,1,2018,18,301.624
1,1,2019,18,539.466
1,1,2020,18,303.069
1,1,2021,18,399.871
1,1,2022,18,471.075
1,1,2023,18,532.779
1,2,1952,18,246.775
1,2,1953,18,246.706
1,2,1954,18,246.516
1,2,1955,18,245.535
1,2,1956,18,245.03
1,2,1957,18,244.718
1,2,1958,18,244.189
1,2,1959,18,243.1
1,2,1960,18,242.362
1,2,1961,18,241.698
1,2,1962,18,240.761
1,2,1963,18,238.752
1,2,1964,18,236.537
1,2,1965,18,235.198
1,2,1966,18,231.296
1,2,1967,18,227.692
1,2,1968,18,225.411
1,2,1969,18,220.414
1,2,1970,18,217.622
1,2,1971,18,214.908
1,2,1972,18,210.513
1,2,1973,18,206.11
1,2,1974,18,202.197
1,2,1975,18,197.58
1,2,1976,18,196.522
1,2,1977,18,193.261
1,2,1978,18,194.018
1,2,1979,18,193.671
1,2,1980,18,192.57
1,2,1981,18,190.738
1,2,1982,18,188.477
1,2,1983,18,186.482
1,2,1984,18,186.277
1,2,1985,18,185.55
1,2,1986,18,184.099
1,2,1987,18,181.992
1,2,1988,18,180.892
1,2,1989,18,178.621
1,2,1990,18,176.258
1,2,1991,18,174.996
1,2,1992,18,173.961
1,2,1993,18,171.524
1,2,1994,18,170.06
1,2,1995,18,167.054
1,2,1996,18,165.832
1,2,1997,18,163.074
1,2,1998,18,156.539
1,2,1999,18,150.21
1,2,2000,18,143.967
1,2,2001,18,135.651
1,2,2002,18,141.907
1,2,2003,18,122.67
1,2,2004,18,111.622
1,2,2005,18,117.767
1,2,2006,18,124.404
1,2,2007,18,132.403
1,2,2008,18,194.827
1,2,2009,18,108.663
1,2,2010,18,136.357
1,2,2011,18,120.361
1,2,2012,18,127.419
1,2,2013,18,79.2273
1,2,2014,18,56.4434
1,2,2015,18,94.209
1,2,2016,18,110.231
1,2,2017,18,43.7816
1,2,2018,18,63.7318
1,2,2019,18,112.848
1,2,2020,18,62.6274
1,2,2021,18,82.9152
1,2,2022,18,98.1524
1,2,2023,18,110.872
2,1,1952,18,798.452
2,1,1953,18,798.451
2,1,1954,18,798.445
2,1,1955,18,797.945
2,1,1956,18,796.169
2,1,1957,18,794.474
2,1,1958,18,793.89
2,1,1959,18,792.54
2,1,1960,18,790.415
2,1,1961,18,788.79
2,1,1962,18,786.056
2,1,1963,18,784.14
2,1,1964,18,781.87
2,1,1965,18,780.281
2,1,1966,18,778.092
2,1,1967,18,774.259
2,1,1968,18,769.407
2,1,1969,18,764.54
2,1,1970,18,756.557
2,1,1971,18,752.582
2,1,1972,18,739.65
2,1,1973,18,728.519
2,1,1974,18,726.127
2,1,1975,18,722.635
2,1,1976,18,719.996
2,1,1977,18,714.524
2,1,1978,18,712.644
2,1,1979,18,712.665
2,1,1980,18,709.259
2,1,1981,18,705.071
2,1,1982,18,697.223
2,1,1983,18,694.07
2,1,1984,18,694.161
2,1,1985,18,692.765
2,1,1986,18,693.071
2,1,1987,18,685.068
2,1,1988,18,681.701
2,1,1989,18,676.413
2,1,1990,18,672.71
2,1,1991,18,668.12
2,1,1992,18,664.062
2,1,1993,18,657.43
2,1,1994,18,653.176
2,1,1995,18,645.697
2,1,1996,18,641.114
2,1,1997,18,638.777
2,1,1998,18,636.524
2,1,1999,18,632.407
2,1,2000,18,627.722
2,1,2001,18,611.045
2,1,2002,18,652.851
2,1,2003,18,577.608
2,1,2004,18,524.814
2,1,2005,18,548.705
2,1,2006,18,573.869
2,1,2007,18,581.234
2,1,2008,18,804.248
2,1,2009,18,433.394
2,1,2010,18,530.606
2,1,2011,18,459.581
2,1,2012,18,473.908
2,1,2013,18,286.021
2,1,2014,18,195.909
2,1,2015,18,314.572
2,1,2016,18,351.283
2,1,2017,18,136.117
2,1,2018,18,197.122
2,1,2019,18,345.457
2,1,2020,18,192.91
2,1,2021,18,252.723
2,1,2022,18,297.947
2,1,2023,18,340.807
2,2,1952,18,220.488
2,2,1953,18,220.486
2,2,1954,18,220.479
2,2,1955,18,220.244
2,2,1956,18,219.383
2,2,1957,18,218.633
2,2,1958,18,218.316
2,2,1959,18,217.681
2,2,1960,18,216.673
2,2,1961,18,216.021
2,2,1962,18,214.883
2,2,1963,18,214.368
2,2,1964,18,213.355
2,2,1965,18,212.863
2,2,1966,18,212.125
2,2,1967,18,210.753
2,2,1968,18,209.167
2,2,1969,18,207.891
2,2,1970,18,206.057
2,2,1971,18,205.003
2,2,1972,18,202.735
2,2,1973,18,200.556
2,2,1974,18,199.558
2,2,1975,18,198.191
2,2,1976,18,197.107
2,2,1977,18,195.213
2,2,1978,18,194.325
2,2,1979,18,194.003
2,2,1980,18,192.45
2,2,1981,18,190.926
2,2,1982,18,188.378
2,2,1983,18,186.853
2,2,1984,18,186.423
2,2,1985,18,185.821
2,2,1986,18,185.229
2,2,1987,18,182.35
2,2,1988,18,180.686
2,2,1989,18,177.993
2,2,1990,18,176.429
2,2,1991,18,174.642
2,2,1992,18,173.41
2,2,1993,18,171.686
2,2,1994,18,170.512
2,2,1995,18,167.781
2,2,1996,18,166.277
2,2,1997,18,165.201
2,2,1998,18,164.284
2,2,1999,18,161.986
2,2,2000,18,159.262
2,2,2001,18,152.81
2,2,2002,18,159.953
2,2,2003,18,138.216
2,2,2004,18,123.183
2,2,2005,18,124.939
2,2,2006,18,128.146
2,2,2007,18,125.328
2,2,2008,18,168.01
2,2,2009,18,88.3908
2,2,2010,18,106.918
2,2,2011,18,92.5477
2,2,2012,18,94.851
2,2,2013,18,56.9593
2,2,2014,18,39.0013
2,2,2015,18,62.1315
2,2,2016,18,68.8358
2,2,2017,18,26.5985
2,2,2018,18,38.1538
2,2,2019,18,65.5552
2,2,2020,18,36.4209
2,2,2021,18,47.7501
2,2,2022,18,56.4569
2,2,2023,18,64.6222
1,1,1952,19,4481.1
1,1,1953,19,4480.86
1,1,1954,19,4480.06
1,1,1955,19,4475.45
1,1,1956,19,4472.75
1,1,1957,19,4470.92
1,1,1958,19,4468.03
1,1,1959,19,4462.14
1,1,1960,19,4457.49
1,1,1961,19,4452.92
1,1,1962,19,4447.06
1,1,1963,19,4432.34
1,1,1964,19,4417.2
1,1,1965,19,4405.62
1,1,1966,19,4380.68
1,1,1967,19,4356.65
1,1,1968,19,4337.12
1,1,1969,19,4302.07
1,1,1970,19,4275.73
1,1,1971,19,4247.01
1,1,1972,19,4204.98
1,1,1973,19,4157.93
1,1,1974,19,4118.24
1,1,1975,19,4070.13
1,1,1976,19,4041.57
1,1,1977,19,4000.17
1,1,1978,19,3981.55
1,1,1979,19,3955.11
1,1,1980,19,3924.23
1,1,1981,19,3889.76
1,1,1982,19,3852.82
1,1,1983,19,3813.93
1,1,1984,19,3788.67
1,1,1985,19,3763.86
1,1,1986,19,3736.53
1,1,1987,19,3717.26
1,1,1988,19,3694.08
1,1,1989,19,3664.61
1,1,1990,19,3635.4
1,1,1991,19,3614.51
1,1,1992,19,3596.71
1,1,1993,19,3569.84
1,1,1994,19,3547.6
1,1,1995,19,3521.43
1,1,1996,19,3497.83
1,1,1997,19,3457.62
1,1,1998,19,3389.78
1,1,1999,19,3319.38
1,1,2000,19,3248.23
1,1,2001,19,3183.17
1,1,2002,19,3113.25
1,1,2003,19,3091.28
1,1,2004,19,3022.4
1,1,2005,19,2931.75
1,1,2006,19,2895
1,1,2007,19,2910.27
1,1,2008,19,2949.01
1,1,2009,19,3233.73
1,1,2010,19,3100.93
1,1,2011,19,3098.51
1,1,2012,19,3022.48
1,1,2013,19,2980.16
1,1,2014,19,2749.03
1,1,2015,19,2464.17
1,1,2016,19,2376.87
1,1,2017,19,2361.74
1,1,2018,19,2086.94
1,1,2019,19,1943.32
1,1,2020,19,2021.76
1,1,2021,19,1898.05
1,1,2022,19,1876.55
1,1,2023,19,1918.56
1,2,1952,19,915.301
1,2,1953,19,915.046
1,2,1954,19,914.341
1,2,1955,19,910.701
1,2,1956,19,908.826
1,2,1957,19,907.673
1,2,1958,19,905.725
1,2,1959,19,901.704
1,2,1960,19,898.99
1,2,1961,19,896.564
1,2,1962,19,893.149
1,2,1963,19,885.771
1,2,1964,19,877.637
1,2,1965,19,872.766
1,2,1966,19,858.399
1,2,1967,19,845.121
1,2,1968,19,836.728
1,2,1969,19,818.125
1,2,1970,19,807.338
1,2,1971,19,795.997
1,2,1972,19,777.642
1,2,1973,19,759.88
1,2,1974,19,744.587
1,2,1975,19,726.13
1,2,1976,19,720.012
1,2,1977,19,706.501
1,2,1978,19,707.873
1,2,1979,19,704.761
1,2,1980,19,698.4
1,2,1981,19,689.631
1,2,1982,19,679.339
1,2,1983,19,667.958
1,2,1984,19,663.899
1,2,1985,19,658.732
1,2,1986,19,650.393
1,2,1987,19,646.157
1,2,1988,19,640.5
1,2,1989,19,629.874
1,2,1990,19,620.702
1,2,1991,19,616.457
1,2,1992,19,613.037
1,2,1993,19,605.98
1,2,1994,19,602.418
1,2,1995,19,596.157
1,2,1996,19,593.193
1,2,1997,19,581.128
1,2,1998,19,554.566
1,2,1999,19,527.634
1,2,2000,19,501.049
1,2,2001,19,476.924
1,2,2002,19,453.417
1,2,2003,19,438.147
1,2,2004,19,417.136
1,2,2005,19,394.639
1,2,2006,19,384.386
1,2,2007,19,388.084
1,2,2008,19,396.298
1,2,2009,19,448.175
1,2,2010,19,422.304
1,2,2011,19,422.924
1,2,2012,19,409.808
1,2,2013,19,404.221
1,2,2014,19,364.303
1,2,2015,19,316.113
1,2,2016,19,308.247
1,2,2017,19,312.87
1,2,2018,19,264.903
1,2,2019,19,243.712
1,2,2020,19,263.23
1,2,2021,19,245.5
1,2,2022,19,247.364
1,2,2023,19,258.893
2,1,1952,19,3552.18
2,1,1953,19,3552.17
2,1,1954,19,3552.15
2,1,1955,19,3550.02
2,1,1956,19,3542.54
2,1,1957,19,3535.53
2,1,1958,19,3533.39
2,1,1959,19,3528.09
2,1,1960,19,3519.69
2,1,1961,19,3513.63
2,1,1962,19,3503.12
2,1,1963,19,3496.22
2,1,1964,19,3488.33
2,1,1965,19,3483.63
2,1,1966,19,3476.62
2,1,1967,19,3462.73
2,1,1968,19,3444.44
2,1,1969,19,3425.49
2,1,1970,19,3390.78
2,1,1971,19,3369.96
2,1,1972,19,3306.25
2,1,1973,19,3253.01
2,1,1974,19,3241.24
2,1,1975,19,3222.06
2,1,1976,19,3204.77
2,1,1977,19,3177.28
2,1,1978,19,3166.3
2,1,1979,19,3162.13
2,1,1980,19,3140.75
2,1,1981,19,3115.55
2,1,1982,19,3072
2,1,1983,19,3044.04
2,1,1984,19,3033.15
2,1,1985,19,3018.21
2,1,1986,19,3013.05
2,1,1987,19,2997.11
2,1,1988,19,2981.09
2,1,1989,19,2958.1
2,1,1990,19,2947.98
2,1,1991,19,2935.35
2,1,1992,19,2923.13
2,1,1993,19,2900.42
2,1,1994,19,2892.84
2,1,1995,19,2876.06
2,1,1996,19,2860.83
2,1,1997,19,2842.21
2,1,1998,19,2823.48
2,1,1999,19,2793.52
2,1,2000,19,2758.48
2,1,2001,19,2716.24
2,1,2002,19,2642.85
2,1,2003,19,2613.11
2,1,2004,19,2493.62
2,1,2005,19,2355.38
2,1,2006,19,2284.72
2,1,2007,19,2205.14
2,1,2008,19,2127.44
2,1,2009,19,2299.5
2,1,2010,19,2165.6
2,1,2011,19,2150.72
2,1,2012,19,2066.42
2,1,2013,19,2004.63
2,1,2014,19,1801.03
2,1,2015,19,1571.21
2,1,2016,19,1471.58
2,1,2017,19,1444.8
2,1,2018,19,1259.99
2,1,2019,19,1150.37
2,1,2020,19,1191.97
2,1,2021,19,1099.18
2,1,2022,19,1077.55
2,1,2023,19,1101.19
2,2,1952,19,738.244
2,2,1953,19,738.239
2,2,1954,19,738.214
2,2,1955,19,737.421
2,2,1956,19,734.534
2,2,1957,19,732.023
2,2,1958,19,730.968
2,2,1959,19,728.847
2,2,1960,19,725.486
2,2,1961,19,723.322
2,2,1962,19,719.544
2,2,1963,19,717.856
2,2,1964,19,714.51
2,2,1965,19,712.917
2,2,1966,19,710.51
2,2,1967,19,705.978
2,2,1968,19,700.731
2,2,1969,19,696.442
2,2,1970,19,689.99
2,2,1971,19,685.421
2,2,1972,19,676.117
2,2,1973,19,667.421
2,2,1974,19,663.231
2,2,1975,19,657.418
2,2,1976,19,651.939
2,2,1977,19,644.328
2,2,1978,19,640.407
2,2,1979,19,638.253
2,2,1980,19,631.79
2,2,1981,19,625.416
2,2,1982,19,615.694
2,2,1983,19,608.073
2,2,1984,19,604.38
2,2,1985,19,600.734
2,2,1986,19,597.156
2,2,1987,19,591.223
2,2,1988,19,585.029
2,2,1989,19,575.442
2,2,1990,19,570.74
2,2,1991,19,565.656
2,2,1992,19,561.936
2,2,1993,19,556.75
2,2,1994,19,553.898
2,2,1995,19,547.603
2,2,1996,19,543.223
2,2,1997,19,537.488
2,2,1998,19,531.872
2,2,1999,19,520.955
2,2,2000,19,508.532
2,2,2001,19,493.211
2,2,2002,19,469.466
2,2,2003,19,454.353
2,2,2004,19,423.28
2,2,2005,19,384.799
2,2,2006,19,364.61
2,2,2007,19,339.003
2,2,2008,19,316.06
2,2,2009,19,339.877
2,2,2010,19,307.575
2,2,2011,19,302.151
2,2,2012,19,283.232
2,2,2013,19,270.301
2,2,2014,19,234.309
2,2,2015,19,194.445
2,2,2016,19,180.734
2,2,2017,19,179.414
2,2,2018,19,148.512
2,2,2019,19,131.965
2,2,2020,19,142.739
2,2,2021,19,129.974
2,2,2022,19,129.56
2,2,2023,19,136.103
