Fleet,Fleet_Name,Area,Yr,Seas,Catch
1,01.DW.1N,1,1952,1,1.45206
1,01.DW.1N,1,1952,2,1.38398
1,01.DW.1N,1,1952,3,8.26568
1,01.DW.1N,1,1952,4,8.36601
1,01.DW.1N,1,1953,1,11.4488
1,01.DW.1N,1,1953,2,3.81967
1,01.DW.1N,1,1953,3,12.8694
1,01.DW.1N,1,1953,4,3.95959
1,01.DW.1N,1,1954,1,19.712
1,01.DW.1N,1,1954,2,9.57533
1,01.DW.1N,1,1954,3,12.0348
1,01.DW.1N,1,1954,4,38.9148
1,01.DW.1N,1,1955,1,11.8331
1,01.DW.1N,1,1955,2,2.04672
1,01.DW.1N,1,1955,3,2.99282
1,01.DW.1N,1,1955,4,5.51542
1,01.DW.1N,1,1956,1,13.777
1,01.DW.1N,1,1956,2,3.42731
1,01.DW.1N,1,1956,3,0.775429
1,01.DW.1N,1,1956,4,14.6442
1,01.DW.1N,1,1957,1,10.4811
1,01.DW.1N,1,1957,2,2.32075
1,01.DW.1N,1,1957,3,1.43956
1,01.DW.1N,1,1957,4,55.3301
1,01.DW.1N,1,1958,1,15.2712
1,01.DW.1N,1,1958,2,4.91628
1,01.DW.1N,1,1958,3,10.9035
1,01.DW.1N,1,1958,4,46.1791
1,01.DW.1N,1,1959,1,2.72945
1,01.DW.1N,1,1959,2,6.84525
1,01.DW.1N,1,1959,3,5.4204
1,01.DW.1N,1,1959,4,17.5139
1,01.DW.1N,1,1960,1,11.4116
1,01.DW.1N,1,1960,2,4.41348
1,01.DW.1N,1,1960,3,1.32666
1,01.DW.1N,1,1960,4,18.6715
1,01.DW.1N,1,1961,1,10.7939
1,01.DW.1N,1,1961,2,1.7646
1,01.DW.1N,1,1961,3,65.7543
1,01.DW.1N,1,1961,4,48.4391
1,01.DW.1N,1,1962,1,42.9934
1,01.DW.1N,1,1962,2,13.0075
1,01.DW.1N,1,1962,3,34.7307
1,01.DW.1N,1,1962,4,19.0356
1,01.DW.1N,1,1963,1,13.3339
1,01.DW.1N,1,1963,2,23.6717
1,01.DW.1N,1,1963,3,6.12116
1,01.DW.1N,1,1963,4,45.1151
1,01.DW.1N,1,1964,1,14.7025
1,01.DW.1N,1,1964,2,7.97073
1,01.DW.1N,1,1964,3,8.53549
1,01.DW.1N,1,1964,4,20.757
1,01.DW.1N,1,1965,1,4.10085
1,01.DW.1N,1,1965,2,32.1795
1,01.DW.1N,1,1965,3,18.2611
1,01.DW.1N,1,1965,4,51.4537
1,01.DW.1N,1,1966,1,9.45941
1,01.DW.1N,1,1966,2,23.2899
1,01.DW.1N,1,1966,3,21.568
1,01.DW.1N,1,1966,4,58.0617
1,01.DW.1N,1,1967,1,9.54729
1,01.DW.1N,1,1967,2,6.77833
1,01.DW.1N,1,1967,3,23.1045
1,01.DW.1N,1,1967,4,30.3175
1,01.DW.1N,1,1968,1,56.6242
1,01.DW.1N,1,1968,2,11.6228
1,01.DW.1N,1,1968,3,19.7265
1,01.DW.1N,1,1968,4,23.1111
1,01.DW.1N,1,1969,1,20.1097
1,01.DW.1N,1,1969,2,48.2785
1,01.DW.1N,1,1969,3,6.59677
1,01.DW.1N,1,1969,4,17.6441
1,01.DW.1N,1,1970,1,3.07238
1,01.DW.1N,1,1970,2,11.8523
1,01.DW.1N,1,1970,3,10.8955
1,01.DW.1N,1,1970,4,46.9354
1,01.DW.1N,1,1971,1,10.9682
1,01.DW.1N,1,1971,2,16.1406
1,01.DW.1N,1,1971,3,92.6015
1,01.DW.1N,1,1971,4,35.9966
1,01.DW.1N,1,1972,1,7.94051
1,01.DW.1N,1,1972,2,14.374
1,01.DW.1N,1,1972,3,15.534
1,01.DW.1N,1,1972,4,14.4062
1,01.DW.1N,1,1973,1,81.0073
1,01.DW.1N,1,1973,2,24.616
1,01.DW.1N,1,1973,3,24.8147
1,01.DW.1N,1,1973,4,25.4279
1,01.DW.1N,1,1974,1,11.6649
1,01.DW.1N,1,1974,2,14.9569
1,01.DW.1N,1,1974,3,11.7898
1,01.DW.1N,1,1974,4,34.3461
1,01.DW.1N,1,1975,1,1.08803
1,01.DW.1N,1,1975,2,8.40768
1,01.DW.1N,1,1975,3,21.8171
1,01.DW.1N,1,1975,4,29.3233
1,01.DW.1N,1,1976,1,22.3554
1,01.DW.1N,1,1976,2,4.74476
1,01.DW.1N,1,1976,3,15.292
1,01.DW.1N,1,1976,4,59.6998
1,01.DW.1N,1,1977,1,35.9098
1,01.DW.1N,1,1977,2,16.5577
1,01.DW.1N,1,1977,3,16.0604
1,01.DW.1N,1,1977,4,33.9515
1,01.DW.1N,1,1978,1,23.1193
1,01.DW.1N,1,1978,2,20.388
1,01.DW.1N,1,1978,3,22.6688
1,01.DW.1N,1,1978,4,40.1084
1,01.DW.1N,1,1979,1,40.7441
1,01.DW.1N,1,1979,2,94.2222
1,01.DW.1N,1,1979,3,28.01
1,01.DW.1N,1,1979,4,42.8932
1,01.DW.1N,1,1980,1,24.7206
1,01.DW.1N,1,1980,2,49.1319
1,01.DW.1N,1,1980,3,69.349
1,01.DW.1N,1,1980,4,100.409
1,01.DW.1N,1,1981,1,40.1531
1,01.DW.1N,1,1981,2,162.586
1,01.DW.1N,1,1981,3,60.666
1,01.DW.1N,1,1981,4,113.843
1,01.DW.1N,1,1982,1,40.9759
1,01.DW.1N,1,1982,2,30.3241
1,01.DW.1N,1,1982,3,54.2071
1,01.DW.1N,1,1982,4,68.2023
1,01.DW.1N,1,1983,1,32.2656
1,01.DW.1N,1,1983,2,30.2752
1,01.DW.1N,1,1983,3,30.4285
1,01.DW.1N,1,1983,4,32.5968
1,01.DW.1N,1,1984,1,13.5003
1,01.DW.1N,1,1984,2,16.8945
1,01.DW.1N,1,1984,3,31.2564
1,01.DW.1N,1,1984,4,119.151
1,01.DW.1N,1,1985,1,22.6003
1,01.DW.1N,1,1985,2,35.6159
1,01.DW.1N,1,1985,3,59.3543
1,01.DW.1N,1,1985,4,62.0939
1,01.DW.1N,1,1986,1,21.7285
1,01.DW.1N,1,1986,2,51.4968
1,01.DW.1N,1,1986,3,21.2648
1,01.DW.1N,1,1986,4,25.7811
1,01.DW.1N,1,1987,1,7.79138
1,01.DW.1N,1,1987,2,0.432519
1,01.DW.1N,1,1987,3,8.13149
1,01.DW.1N,1,1987,4,38.5364
1,01.DW.1N,1,1988,1,31.8306
1,01.DW.1N,1,1988,2,6.93906
1,01.DW.1N,1,1988,3,46.3834
1,01.DW.1N,1,1988,4,53.7737
1,01.DW.1N,1,1989,1,20.2529
1,01.DW.1N,1,1989,2,18.2278
1,01.DW.1N,1,1989,3,45.4348
1,01.DW.1N,1,1989,4,29.7551
1,01.DW.1N,1,1990,1,20.3773
1,01.DW.1N,1,1990,2,5.34557
1,01.DW.1N,1,1990,3,32.8827
1,01.DW.1N,1,1990,4,49.5842
1,01.DW.1N,1,1991,1,5.37532
1,01.DW.1N,1,1991,2,7.33856
1,01.DW.1N,1,1991,3,10.0295
1,01.DW.1N,1,1991,4,6.86446
1,01.DW.1N,1,1992,1,3.02155
1,01.DW.1N,1,1992,2,3.31588
1,01.DW.1N,1,1992,3,20.752
1,01.DW.1N,1,1992,4,9.01911
1,01.DW.1N,1,1993,1,7.20595
1,01.DW.1N,1,1993,2,7.33927
1,01.DW.1N,1,1993,3,72.9288
1,01.DW.1N,1,1993,4,9.08904
1,01.DW.1N,1,1994,1,9.19714
1,01.DW.1N,1,1994,2,20.7156
1,01.DW.1N,1,1994,3,75.388
1,01.DW.1N,1,1994,4,16.1251
1,01.DW.1N,1,1995,1,27.0629
1,01.DW.1N,1,1995,2,17.7239
1,01.DW.1N,1,1995,3,28.5054
1,01.DW.1N,1,1995,4,16.1291
1,01.DW.1N,1,1996,1,6.45397
1,01.DW.1N,1,1996,2,4.57587
1,01.DW.1N,1,1996,3,42.0612
1,01.DW.1N,1,1996,4,0.696381
1,01.DW.1N,1,1997,1,15.8903
1,01.DW.1N,1,1997,2,43.3747
1,01.DW.1N,1,1997,3,49.5932
1,01.DW.1N,1,1997,4,17.8919
1,01.DW.1N,1,1998,1,8.11912
1,01.DW.1N,1,1998,2,4.81754
1,01.DW.1N,1,1998,3,14.3047
1,01.DW.1N,1,1998,4,2.12455
1,01.DW.1N,1,1999,1,5.15235
1,01.DW.1N,1,1999,2,18.0112
1,01.DW.1N,1,1999,3,33.7241
1,01.DW.1N,1,1999,4,17.9489
1,01.DW.1N,1,2000,1,0.901856
1,01.DW.1N,1,2000,2,2.76885
1,01.DW.1N,1,2000,3,25.875
1,01.DW.1N,1,2000,4,4.33563
1,01.DW.1N,1,2001,1,9.41087
1,01.DW.1N,1,2001,2,48.3128
1,01.DW.1N,1,2001,3,32.9616
1,01.DW.1N,1,2001,4,8.73276
1,01.DW.1N,1,2002,1,9.75899
1,01.DW.1N,1,2002,2,7.1267
1,01.DW.1N,1,2002,3,26.2825
1,01.DW.1N,1,2002,4,18.0958
1,01.DW.1N,1,2003,1,70.8323
1,01.DW.1N,1,2003,2,44.0069
1,01.DW.1N,1,2003,3,34.3837
1,01.DW.1N,1,2003,4,5.92722
1,01.DW.1N,1,2004,1,9.70271
1,01.DW.1N,1,2004,2,12.3267
1,01.DW.1N,1,2004,3,25.847
1,01.DW.1N,1,2004,4,12.0462
1,01.DW.1N,1,2005,1,14.9025
1,01.DW.1N,1,2005,2,12.2882
1,01.DW.1N,1,2005,3,48.6726
1,01.DW.1N,1,2005,4,14.7305
1,01.DW.1N,1,2006,1,16.5244
1,01.DW.1N,1,2006,2,15.2811
1,01.DW.1N,1,2006,3,28.1742
1,01.DW.1N,1,2006,4,17.9875
1,01.DW.1N,1,2007,1,22.2971
1,01.DW.1N,1,2007,2,18.9224
1,01.DW.1N,1,2007,3,31.1033
1,01.DW.1N,1,2007,4,21.8676
1,01.DW.1N,1,2008,1,12.6921
1,01.DW.1N,1,2008,2,41.416
1,01.DW.1N,1,2008,3,40.3732
1,01.DW.1N,1,2008,4,17.9722
1,01.DW.1N,1,2009,1,23.912
1,01.DW.1N,1,2009,2,43.1837
1,01.DW.1N,1,2009,3,66.1493
1,01.DW.1N,1,2009,4,39.3318
1,01.DW.1N,1,2010,1,89.9286
1,01.DW.1N,1,2010,2,90.5136
1,01.DW.1N,1,2010,3,72.7916
1,01.DW.1N,1,2010,4,77.4134
1,01.DW.1N,1,2011,1,120.492
1,01.DW.1N,1,2011,2,155.928
1,01.DW.1N,1,2011,3,127.503
1,01.DW.1N,1,2011,4,196.079
1,01.DW.1N,1,2012,1,148.334
1,01.DW.1N,1,2012,2,92.0228
1,01.DW.1N,1,2012,3,98.8579
1,01.DW.1N,1,2012,4,76.9112
1,01.DW.1N,1,2013,1,101.412
1,01.DW.1N,1,2013,2,97.1699
1,01.DW.1N,1,2013,3,114.323
1,01.DW.1N,1,2013,4,94.712
1,01.DW.1N,1,2014,1,43.2132
1,01.DW.1N,1,2014,2,45.0791
1,01.DW.1N,1,2014,3,26.5286
1,01.DW.1N,1,2014,4,23.4941
1,01.DW.1N,1,2015,1,35.6479
1,01.DW.1N,1,2015,2,55.3545
1,01.DW.1N,1,2015,3,62.36
1,01.DW.1N,1,2015,4,12.2887
1,01.DW.1N,1,2016,1,34.1609
1,01.DW.1N,1,2016,2,26.3761
1,01.DW.1N,1,2016,3,45.5607
1,01.DW.1N,1,2016,4,56.2392
1,01.DW.1N,1,2017,1,29.7465
1,01.DW.1N,1,2017,2,22.454
1,01.DW.1N,1,2017,3,65.1907
1,01.DW.1N,1,2017,4,48.5034
1,01.DW.1N,1,2018,1,16.1079
1,01.DW.1N,1,2018,2,25.8242
1,01.DW.1N,1,2018,3,43.1711
1,01.DW.1N,1,2018,4,17.5059
1,01.DW.1N,1,2019,1,20.5353
1,01.DW.1N,1,2019,2,29.569
1,01.DW.1N,1,2019,3,36.7315
1,01.DW.1N,1,2019,4,11.1397
1,01.DW.1N,1,2020,1,11.4974
1,01.DW.1N,1,2020,2,11.4956
1,01.DW.1N,1,2020,3,14.7746
1,01.DW.1N,1,2020,4,8.02743
1,01.DW.1N,1,2021,1,15.3792
1,01.DW.1N,1,2021,2,18.3057
1,01.DW.1N,1,2021,3,18.9333
1,01.DW.1N,1,2021,4,18.7514
1,01.DW.1N,1,2022,1,22.3108
1,01.DW.1N,1,2022,2,26.9445
1,01.DW.1N,1,2022,3,33.0899
1,01.DW.1N,1,2022,4,40.6999
1,01.DW.1N,1,2023,1,31.8955
1,01.DW.1N,1,2023,2,28.6886
1,01.DW.1N,1,2023,3,32.1597
1,01.DW.1N,1,2023,4,26.2751
2,02.DW.1C,1,1952,1,0
2,02.DW.1C,1,1952,2,0
2,02.DW.1C,1,1952,3,0
2,02.DW.1C,1,1952,4,0
2,02.DW.1C,1,1953,1,0
2,02.DW.1C,1,1953,2,0
2,02.DW.1C,1,1953,3,0.608477
2,02.DW.1C,1,1953,4,18.2483
2,02.DW.1C,1,1954,1,7.89319
2,02.DW.1C,1,1954,2,0
2,02.DW.1C,1,1954,3,50.16
2,02.DW.1C,1,1954,4,108.259
2,02.DW.1C,1,1955,1,3.43982
2,02.DW.1C,1,1955,2,0.0674331
2,02.DW.1C,1,1955,3,84.5971
2,02.DW.1C,1,1955,4,16.8841
2,02.DW.1C,1,1956,1,2.0221
2,02.DW.1C,1,1956,2,0
2,02.DW.1C,1,1956,3,21.1355
2,02.DW.1C,1,1956,4,25.0411
2,02.DW.1C,1,1957,1,0.471566
2,02.DW.1C,1,1957,2,0
2,02.DW.1C,1,1957,3,16.8739
2,02.DW.1C,1,1957,4,47.0953
2,02.DW.1C,1,1958,1,0.808147
2,02.DW.1C,1,1958,2,0
2,02.DW.1C,1,1958,3,138.865
2,02.DW.1C,1,1958,4,51.4625
2,02.DW.1C,1,1959,1,4.30812
2,02.DW.1C,1,1959,2,6.39338
2,02.DW.1C,1,1959,3,96.9045
2,02.DW.1C,1,1959,4,37.8802
2,02.DW.1C,1,1960,1,0.403611
2,02.DW.1C,1,1960,2,0.201762
2,02.DW.1C,1,1960,3,69.8848
2,02.DW.1C,1,1960,4,52.4744
2,02.DW.1C,1,1961,1,0
2,02.DW.1C,1,1961,2,0
2,02.DW.1C,1,1961,3,93.0279
2,02.DW.1C,1,1961,4,14.8142
2,02.DW.1C,1,1962,1,2.21788
2,02.DW.1C,1,1962,2,18.9481
2,02.DW.1C,1,1962,3,238.469
2,02.DW.1C,1,1962,4,72.9407
2,02.DW.1C,1,1963,1,6.44603
2,02.DW.1C,1,1963,2,69.0704
2,02.DW.1C,1,1963,3,259.125
2,02.DW.1C,1,1963,4,98.7988
2,02.DW.1C,1,1964,1,2.68254
2,02.DW.1C,1,1964,2,43.5058
2,02.DW.1C,1,1964,3,191.274
2,02.DW.1C,1,1964,4,25.1692
2,02.DW.1C,1,1965,1,4.8892
2,02.DW.1C,1,1965,2,108.939
2,02.DW.1C,1,1965,3,645.299
2,02.DW.1C,1,1965,4,96.809
2,02.DW.1C,1,1966,1,16.6541
2,02.DW.1C,1,1966,2,136.371
2,02.DW.1C,1,1966,3,602.196
2,02.DW.1C,1,1966,4,63.9629
2,02.DW.1C,1,1967,1,5.1389
2,02.DW.1C,1,1967,2,116.317
2,02.DW.1C,1,1967,3,376.748
2,02.DW.1C,1,1967,4,40.8521
2,02.DW.1C,1,1968,1,16.1165
2,02.DW.1C,1,1968,2,245.905
2,02.DW.1C,1,1968,3,816.058
2,02.DW.1C,1,1968,4,132.315
2,02.DW.1C,1,1969,1,28.8389
2,02.DW.1C,1,1969,2,156.986
2,02.DW.1C,1,1969,3,492.953
2,02.DW.1C,1,1969,4,52.7087
2,02.DW.1C,1,1970,1,28.1183
2,02.DW.1C,1,1970,2,120.463
2,02.DW.1C,1,1970,3,476.774
2,02.DW.1C,1,1970,4,185.541
2,02.DW.1C,1,1971,1,34.7917
2,02.DW.1C,1,1971,2,251.382
2,02.DW.1C,1,1971,3,767.82
2,02.DW.1C,1,1971,4,186.922
2,02.DW.1C,1,1972,1,99.8226
2,02.DW.1C,1,1972,2,219.971
2,02.DW.1C,1,1972,3,864.014
2,02.DW.1C,1,1972,4,117.114
2,02.DW.1C,1,1973,1,84.5952
2,02.DW.1C,1,1973,2,374.308
2,02.DW.1C,1,1973,3,596.687
2,02.DW.1C,1,1973,4,131.321
2,02.DW.1C,1,1974,1,98.5104
2,02.DW.1C,1,1974,2,284.585
2,02.DW.1C,1,1974,3,820.772
2,02.DW.1C,1,1974,4,304.728
2,02.DW.1C,1,1975,1,48.5996
2,02.DW.1C,1,1975,2,221.39
2,02.DW.1C,1,1975,3,412.198
2,02.DW.1C,1,1975,4,42.9858
2,02.DW.1C,1,1976,1,54.1349
2,02.DW.1C,1,1976,2,131.925
2,02.DW.1C,1,1976,3,917.761
2,02.DW.1C,1,1976,4,158.014
2,02.DW.1C,1,1977,1,7.7539
2,02.DW.1C,1,1977,2,82.6002
2,02.DW.1C,1,1977,3,108.298
2,02.DW.1C,1,1977,4,22.793
2,02.DW.1C,1,1978,1,28.3535
2,02.DW.1C,1,1978,2,183.975
2,02.DW.1C,1,1978,3,277.594
2,02.DW.1C,1,1978,4,68.7448
2,02.DW.1C,1,1979,1,40.6981
2,02.DW.1C,1,1979,2,212.557
2,02.DW.1C,1,1979,3,326.401
2,02.DW.1C,1,1979,4,170.716
2,02.DW.1C,1,1980,1,28.104
2,02.DW.1C,1,1980,2,217.391
2,02.DW.1C,1,1980,3,439.292
2,02.DW.1C,1,1980,4,247.045
2,02.DW.1C,1,1981,1,108.077
2,02.DW.1C,1,1981,2,166.972
2,02.DW.1C,1,1981,3,488.675
2,02.DW.1C,1,1981,4,197.788
2,02.DW.1C,1,1982,1,91.552
2,02.DW.1C,1,1982,2,267.9
2,02.DW.1C,1,1982,3,619.935
2,02.DW.1C,1,1982,4,251.649
2,02.DW.1C,1,1983,1,66.0163
2,02.DW.1C,1,1983,2,259.41
2,02.DW.1C,1,1983,3,446.191
2,02.DW.1C,1,1983,4,42.0408
2,02.DW.1C,1,1984,1,15.6709
2,02.DW.1C,1,1984,2,200.702
2,02.DW.1C,1,1984,3,537.314
2,02.DW.1C,1,1984,4,143.507
2,02.DW.1C,1,1985,1,24.3037
2,02.DW.1C,1,1985,2,282.243
2,02.DW.1C,1,1985,3,815.744
2,02.DW.1C,1,1985,4,72.8642
2,02.DW.1C,1,1986,1,13.0051
2,02.DW.1C,1,1986,2,315.548
2,02.DW.1C,1,1986,3,599.132
2,02.DW.1C,1,1986,4,42.4774
2,02.DW.1C,1,1987,1,11.8133
2,02.DW.1C,1,1987,2,350.884
2,02.DW.1C,1,1987,3,545.913
2,02.DW.1C,1,1987,4,107.607
2,02.DW.1C,1,1988,1,29.3835
2,02.DW.1C,1,1988,2,725.492
2,02.DW.1C,1,1988,3,601.287
2,02.DW.1C,1,1988,4,11.3253
2,02.DW.1C,1,1989,1,54.3686
2,02.DW.1C,1,1989,2,403.697
2,02.DW.1C,1,1989,3,646.318
2,02.DW.1C,1,1989,4,59.9343
2,02.DW.1C,1,1990,1,16.7186
2,02.DW.1C,1,1990,2,159.882
2,02.DW.1C,1,1990,3,555.636
2,02.DW.1C,1,1990,4,151.131
2,02.DW.1C,1,1991,1,5.39166
2,02.DW.1C,1,1991,2,305.295
2,02.DW.1C,1,1991,3,627.859
2,02.DW.1C,1,1991,4,14.8458
2,02.DW.1C,1,1992,1,10.2245
2,02.DW.1C,1,1992,2,719.242
2,02.DW.1C,1,1992,3,564.337
2,02.DW.1C,1,1992,4,1.88917
2,02.DW.1C,1,1993,1,41.2439
2,02.DW.1C,1,1993,2,605.828
2,02.DW.1C,1,1993,3,309.242
2,02.DW.1C,1,1993,4,0.433641
2,02.DW.1C,1,1994,1,43.1409
2,02.DW.1C,1,1994,2,845.622
2,02.DW.1C,1,1994,3,304.266
2,02.DW.1C,1,1994,4,1.2605
2,02.DW.1C,1,1995,1,40.3838
2,02.DW.1C,1,1995,2,508.056
2,02.DW.1C,1,1995,3,305.38
2,02.DW.1C,1,1995,4,5.01613
2,02.DW.1C,1,1996,1,141.406
2,02.DW.1C,1,1996,2,619.36
2,02.DW.1C,1,1996,3,396.449
2,02.DW.1C,1,1996,4,0.616088
2,02.DW.1C,1,1997,1,41.0799
2,02.DW.1C,1,1997,2,678.376
2,02.DW.1C,1,1997,3,392.374
2,02.DW.1C,1,1997,4,1.07516
2,02.DW.1C,1,1998,1,53.1525
2,02.DW.1C,1,1998,2,270.503
2,02.DW.1C,1,1998,3,266.899
2,02.DW.1C,1,1998,4,16.052
2,02.DW.1C,1,1999,1,25.1462
2,02.DW.1C,1,1999,2,180.936
2,02.DW.1C,1,1999,3,184.005
2,02.DW.1C,1,1999,4,1.13582
2,02.DW.1C,1,2000,1,11.3548
2,02.DW.1C,1,2000,2,174.737
2,02.DW.1C,1,2000,3,59.1125
2,02.DW.1C,1,2000,4,2.52828
2,02.DW.1C,1,2001,1,5.00135
2,02.DW.1C,1,2001,2,58.608
2,02.DW.1C,1,2001,3,113.143
2,02.DW.1C,1,2001,4,7.18103
2,02.DW.1C,1,2002,1,23.046
2,02.DW.1C,1,2002,2,143.1
2,02.DW.1C,1,2002,3,190.496
2,02.DW.1C,1,2002,4,9.06989
2,02.DW.1C,1,2003,1,9.95223
2,02.DW.1C,1,2003,2,85.022
2,02.DW.1C,1,2003,3,81.3712
2,02.DW.1C,1,2003,4,10.61
2,02.DW.1C,1,2004,1,11.9532
2,02.DW.1C,1,2004,2,124.797
2,02.DW.1C,1,2004,3,142.664
2,02.DW.1C,1,2004,4,4.11227
2,02.DW.1C,1,2005,1,4.24272
2,02.DW.1C,1,2005,2,77.7863
2,02.DW.1C,1,2005,3,85.7866
2,02.DW.1C,1,2005,4,0.65548
2,02.DW.1C,1,2006,1,2.29175
2,02.DW.1C,1,2006,2,83.6518
2,02.DW.1C,1,2006,3,35.2544
2,02.DW.1C,1,2006,4,2.65802
2,02.DW.1C,1,2007,1,4.43774
2,02.DW.1C,1,2007,2,31.5404
2,02.DW.1C,1,2007,3,20.8327
2,02.DW.1C,1,2007,4,2.61272
2,02.DW.1C,1,2008,1,1.98022
2,02.DW.1C,1,2008,2,48.0509
2,02.DW.1C,1,2008,3,22.1156
2,02.DW.1C,1,2008,4,0.993932
2,02.DW.1C,1,2009,1,8.04236
2,02.DW.1C,1,2009,2,82.4073
2,02.DW.1C,1,2009,3,23.2135
2,02.DW.1C,1,2009,4,0.451367
2,02.DW.1C,1,2010,1,17.5207
2,02.DW.1C,1,2010,2,108.071
2,02.DW.1C,1,2010,3,26.5814
2,02.DW.1C,1,2010,4,1.96103
2,02.DW.1C,1,2011,1,23.8939
2,02.DW.1C,1,2011,2,89.455
2,02.DW.1C,1,2011,3,32.0083
2,02.DW.1C,1,2011,4,3.52533
2,02.DW.1C,1,2012,1,14.3519
2,02.DW.1C,1,2012,2,162.453
2,02.DW.1C,1,2012,3,23.723
2,02.DW.1C,1,2012,4,3.29037
2,02.DW.1C,1,2013,1,17.0893
2,02.DW.1C,1,2013,2,123.047
2,02.DW.1C,1,2013,3,46.1132
2,02.DW.1C,1,2013,4,0.688653
2,02.DW.1C,1,2014,1,28.8592
2,02.DW.1C,1,2014,2,135.305
2,02.DW.1C,1,2014,3,44.9032
2,02.DW.1C,1,2014,4,6.74256
2,02.DW.1C,1,2015,1,2.43903
2,02.DW.1C,1,2015,2,81.2631
2,02.DW.1C,1,2015,3,43.4765
2,02.DW.1C,1,2015,4,2.15068
2,02.DW.1C,1,2016,1,6.75309
2,02.DW.1C,1,2016,2,103.844
2,02.DW.1C,1,2016,3,97.2293
2,02.DW.1C,1,2016,4,7.32991
2,02.DW.1C,1,2017,1,3.58474
2,02.DW.1C,1,2017,2,73.6473
2,02.DW.1C,1,2017,3,18.2722
2,02.DW.1C,1,2017,4,2.2245
2,02.DW.1C,1,2018,1,3.89692
2,02.DW.1C,1,2018,2,79.7857
2,02.DW.1C,1,2018,3,13.6311
2,02.DW.1C,1,2018,4,1.21027
2,02.DW.1C,1,2019,1,0.14025
2,02.DW.1C,1,2019,2,50.675
2,02.DW.1C,1,2019,3,18.4533
2,02.DW.1C,1,2019,4,1.16548
2,02.DW.1C,1,2020,1,1.05038
2,02.DW.1C,1,2020,2,51.1728
2,02.DW.1C,1,2020,3,40.7453
2,02.DW.1C,1,2020,4,5.72384
2,02.DW.1C,1,2021,1,0.625922
2,02.DW.1C,1,2021,2,39.1736
2,02.DW.1C,1,2021,3,14.8101
2,02.DW.1C,1,2021,4,2.17921
2,02.DW.1C,1,2022,1,0.300648
2,02.DW.1C,1,2022,2,39.4054
2,02.DW.1C,1,2022,3,17.8269
2,02.DW.1C,1,2022,4,0
2,02.DW.1C,1,2023,1,1.48913
2,02.DW.1C,1,2023,2,39.3121
2,02.DW.1C,1,2023,3,41.986
2,02.DW.1C,1,2023,4,3.7512
3,03.DW.1S,1,1952,1,0
3,03.DW.1S,1,1952,2,0
3,03.DW.1S,1,1952,3,0
3,03.DW.1S,1,1952,4,0
3,03.DW.1S,1,1953,1,0
3,03.DW.1S,1,1953,2,0
3,03.DW.1S,1,1953,3,0
3,03.DW.1S,1,1953,4,0
3,03.DW.1S,1,1954,1,0
3,03.DW.1S,1,1954,2,0
3,03.DW.1S,1,1954,3,0
3,03.DW.1S,1,1954,4,0
3,03.DW.1S,1,1955,1,0
3,03.DW.1S,1,1955,2,0
3,03.DW.1S,1,1955,3,0
3,03.DW.1S,1,1955,4,0
3,03.DW.1S,1,1956,1,0
3,03.DW.1S,1,1956,2,0
3,03.DW.1S,1,1956,3,0
3,03.DW.1S,1,1956,4,0
3,03.DW.1S,1,1957,1,0
3,03.DW.1S,1,1957,2,0
3,03.DW.1S,1,1957,3,0
3,03.DW.1S,1,1957,4,0
3,03.DW.1S,1,1958,1,0
3,03.DW.1S,1,1958,2,0
3,03.DW.1S,1,1958,3,0
3,03.DW.1S,1,1958,4,0
3,03.DW.1S,1,1959,1,0
3,03.DW.1S,1,1959,2,0
3,03.DW.1S,1,1959,3,0
3,03.DW.1S,1,1959,4,0
3,03.DW.1S,1,1960,1,0
3,03.DW.1S,1,1960,2,0
3,03.DW.1S,1,1960,3,0
3,03.DW.1S,1,1960,4,0
3,03.DW.1S,1,1961,1,0
3,03.DW.1S,1,1961,2,0
3,03.DW.1S,1,1961,3,0
3,03.DW.1S,1,1961,4,0
3,03.DW.1S,1,1962,1,0
3,03.DW.1S,1,1962,2,49.8807
3,03.DW.1S,1,1962,3,4.11016
3,03.DW.1S,1,1962,4,0
3,03.DW.1S,1,1963,1,0.0978982
3,03.DW.1S,1,1963,2,24.4413
3,03.DW.1S,1,1963,3,1.36944
3,03.DW.1S,1,1963,4,0.29374
3,03.DW.1S,1,1964,1,0
3,03.DW.1S,1,1964,2,27.8443
3,03.DW.1S,1,1964,3,1.1728
3,03.DW.1S,1,1964,4,0
3,03.DW.1S,1,1965,1,0.0977295
3,03.DW.1S,1,1965,2,15.5172
3,03.DW.1S,1,1965,3,0
3,03.DW.1S,1,1965,4,0
3,03.DW.1S,1,1966,1,0
3,03.DW.1S,1,1966,2,2.82929
3,03.DW.1S,1,1966,3,0
3,03.DW.1S,1,1966,4,0.0977257
3,03.DW.1S,1,1967,1,0
3,03.DW.1S,1,1967,2,14.6172
3,03.DW.1S,1,1967,3,6.14107
3,03.DW.1S,1,1967,4,0
3,03.DW.1S,1,1968,1,0
3,03.DW.1S,1,1968,2,4.66999
3,03.DW.1S,1,1968,3,0.876343
3,03.DW.1S,1,1968,4,0
3,03.DW.1S,1,1969,1,0.973548
3,03.DW.1S,1,1969,2,10.8841
3,03.DW.1S,1,1969,3,4.86065
3,03.DW.1S,1,1969,4,0.875431
3,03.DW.1S,1,1970,1,0.777186
3,03.DW.1S,1,1970,2,12.0242
3,03.DW.1S,1,1970,3,3.10425
3,03.DW.1S,1,1970,4,0.194199
3,03.DW.1S,1,1971,1,0.679079
3,03.DW.1S,1,1971,2,20.0497
3,03.DW.1S,1,1971,3,14.9308
3,03.DW.1S,1,1971,4,0.0970748
3,03.DW.1S,1,1972,1,0.193952
3,03.DW.1S,1,1972,2,75.3117
3,03.DW.1S,1,1972,3,21.1165
3,03.DW.1S,1,1972,4,0
3,03.DW.1S,1,1973,1,0.0968385
3,03.DW.1S,1,1973,2,3.86727
3,03.DW.1S,1,1973,3,0
3,03.DW.1S,1,1973,4,0
3,03.DW.1S,1,1974,1,0.0966676
3,03.DW.1S,1,1974,2,23.4464
3,03.DW.1S,1,1974,3,7.24108
3,03.DW.1S,1,1974,4,0
3,03.DW.1S,1,1975,1,0
3,03.DW.1S,1,1975,2,0
3,03.DW.1S,1,1975,3,0.289067
3,03.DW.1S,1,1975,4,0
3,03.DW.1S,1,1976,1,0
3,03.DW.1S,1,1976,2,0.961276
3,03.DW.1S,1,1976,3,4.52217
3,03.DW.1S,1,1976,4,0.0963492
3,03.DW.1S,1,1977,1,0
3,03.DW.1S,1,1977,2,0
3,03.DW.1S,1,1977,3,0
3,03.DW.1S,1,1977,4,0
3,03.DW.1S,1,1978,1,0.768975
3,03.DW.1S,1,1978,2,6.24055
3,03.DW.1S,1,1978,3,0
3,03.DW.1S,1,1978,4,0
3,03.DW.1S,1,1979,1,0
3,03.DW.1S,1,1979,2,0
3,03.DW.1S,1,1979,3,0.192481
3,03.DW.1S,1,1979,4,0.0963888
3,03.DW.1S,1,1980,1,0
3,03.DW.1S,1,1980,2,0.962904
3,03.DW.1S,1,1980,3,0
3,03.DW.1S,1,1980,4,0.289792
3,03.DW.1S,1,1981,1,0.48295
3,03.DW.1S,1,1981,2,5.59774
3,03.DW.1S,1,1981,3,0.0966352
3,03.DW.1S,1,1981,4,0
3,03.DW.1S,1,1982,1,0
3,03.DW.1S,1,1982,2,1.25586
3,03.DW.1S,1,1982,3,0.580142
3,03.DW.1S,1,1982,4,0
3,03.DW.1S,1,1983,1,0
3,03.DW.1S,1,1983,2,1.44821
3,03.DW.1S,1,1983,3,0.193165
3,03.DW.1S,1,1983,4,0
3,03.DW.1S,1,1984,1,0
3,03.DW.1S,1,1984,2,1.15531
3,03.DW.1S,1,1984,3,1.63687
3,03.DW.1S,1,1984,4,0
3,03.DW.1S,1,1985,1,0
3,03.DW.1S,1,1985,2,0
3,03.DW.1S,1,1985,3,0.575438
3,03.DW.1S,1,1985,4,0
3,03.DW.1S,1,1986,1,0
3,03.DW.1S,1,1986,2,11.6631
3,03.DW.1S,1,1986,3,0.669817
3,03.DW.1S,1,1986,4,0
3,03.DW.1S,1,1987,1,0
3,03.DW.1S,1,1987,2,16.7534
3,03.DW.1S,1,1987,3,1.24683
3,03.DW.1S,1,1987,4,0
3,03.DW.1S,1,1988,1,0
3,03.DW.1S,1,1988,2,29.1699
3,03.DW.1S,1,1988,3,0.288116
3,03.DW.1S,1,1988,4,0
3,03.DW.1S,1,1989,1,0
3,03.DW.1S,1,1989,2,102.863
3,03.DW.1S,1,1989,3,4.00117
3,03.DW.1S,1,1989,4,0
3,03.DW.1S,1,1990,1,0.283583
3,03.DW.1S,1,1990,2,109.481
3,03.DW.1S,1,1990,3,0
3,03.DW.1S,1,1990,4,0
3,03.DW.1S,1,1991,1,0
3,03.DW.1S,1,1991,2,25.304
3,03.DW.1S,1,1991,3,0.900049
3,03.DW.1S,1,1991,4,0
3,03.DW.1S,1,1992,1,0
3,03.DW.1S,1,1992,2,18.7847
3,03.DW.1S,1,1992,3,0.354634
3,03.DW.1S,1,1992,4,0
3,03.DW.1S,1,1993,1,0
3,03.DW.1S,1,1993,2,18.6807
3,03.DW.1S,1,1993,3,0.178482
3,03.DW.1S,1,1993,4,0
3,03.DW.1S,1,1994,1,0
3,03.DW.1S,1,1994,2,2.87404
3,03.DW.1S,1,1994,3,3.51539
3,03.DW.1S,1,1994,4,0
3,03.DW.1S,1,1995,1,0
3,03.DW.1S,1,1995,2,4.08581
3,03.DW.1S,1,1995,3,0
3,03.DW.1S,1,1995,4,0
3,03.DW.1S,1,1996,1,0
3,03.DW.1S,1,1996,2,14.0022
3,03.DW.1S,1,1996,3,6.27233
3,03.DW.1S,1,1996,4,0
3,03.DW.1S,1,1997,1,0.477697
3,03.DW.1S,1,1997,2,108.448
3,03.DW.1S,1,1997,3,4.09872
3,03.DW.1S,1,1997,4,0
3,03.DW.1S,1,1998,1,0
3,03.DW.1S,1,1998,2,155.696
3,03.DW.1S,1,1998,3,0.598554
3,03.DW.1S,1,1998,4,0
3,03.DW.1S,1,1999,1,0
3,03.DW.1S,1,1999,2,198.334
3,03.DW.1S,1,1999,3,10.9073
3,03.DW.1S,1,1999,4,0
3,03.DW.1S,1,2000,1,0
3,03.DW.1S,1,2000,2,175.853
3,03.DW.1S,1,2000,3,1.49937
3,03.DW.1S,1,2000,4,0
3,03.DW.1S,1,2001,1,0.201972
3,03.DW.1S,1,2001,2,179.968
3,03.DW.1S,1,2001,3,9.52273
3,03.DW.1S,1,2001,4,0
3,03.DW.1S,1,2002,1,0
3,03.DW.1S,1,2002,2,124.482
3,03.DW.1S,1,2002,3,0.298313
3,03.DW.1S,1,2002,4,0
3,03.DW.1S,1,2003,1,0
3,03.DW.1S,1,2003,2,57.052
3,03.DW.1S,1,2003,3,0
3,03.DW.1S,1,2003,4,0
3,03.DW.1S,1,2004,1,0
3,03.DW.1S,1,2004,2,41.7749
3,03.DW.1S,1,2004,3,0
3,03.DW.1S,1,2004,4,0
3,03.DW.1S,1,2005,1,0.0947346
3,03.DW.1S,1,2005,2,31.1607
3,03.DW.1S,1,2005,3,0
3,03.DW.1S,1,2005,4,0
3,03.DW.1S,1,2006,1,0
3,03.DW.1S,1,2006,2,12.1868
3,03.DW.1S,1,2006,3,1.69617
3,03.DW.1S,1,2006,4,0
3,03.DW.1S,1,2007,1,0
3,03.DW.1S,1,2007,2,16.9125
3,03.DW.1S,1,2007,3,0
3,03.DW.1S,1,2007,4,0
3,03.DW.1S,1,2008,1,0
3,03.DW.1S,1,2008,2,13.4641
3,03.DW.1S,1,2008,3,0
3,03.DW.1S,1,2008,4,0
3,03.DW.1S,1,2009,1,0
3,03.DW.1S,1,2009,2,7.10345
3,03.DW.1S,1,2009,3,0
3,03.DW.1S,1,2009,4,0
3,03.DW.1S,1,2010,1,1.756
3,03.DW.1S,1,2010,2,26.9121
3,03.DW.1S,1,2010,3,0
3,03.DW.1S,1,2010,4,0
3,03.DW.1S,1,2011,1,0.412175
3,03.DW.1S,1,2011,2,47.2546
3,03.DW.1S,1,2011,3,0
3,03.DW.1S,1,2011,4,0
3,03.DW.1S,1,2012,1,4.33231
3,03.DW.1S,1,2012,2,55.0038
3,03.DW.1S,1,2012,3,0
3,03.DW.1S,1,2012,4,0
3,03.DW.1S,1,2013,1,0.428324
3,03.DW.1S,1,2013,2,71.6096
3,03.DW.1S,1,2013,3,0
3,03.DW.1S,1,2013,4,0
3,03.DW.1S,1,2014,1,0.176311
3,03.DW.1S,1,2014,2,62.4713
3,03.DW.1S,1,2014,3,0
3,03.DW.1S,1,2014,4,0
3,03.DW.1S,1,2015,1,1.10183
3,03.DW.1S,1,2015,2,101.948
3,03.DW.1S,1,2015,3,0
3,03.DW.1S,1,2015,4,0
3,03.DW.1S,1,2016,1,3.58008
3,03.DW.1S,1,2016,2,139.423
3,03.DW.1S,1,2016,3,0
3,03.DW.1S,1,2016,4,0
3,03.DW.1S,1,2017,1,4.82806
3,03.DW.1S,1,2017,2,92.1507
3,03.DW.1S,1,2017,3,0
3,03.DW.1S,1,2017,4,0
3,03.DW.1S,1,2018,1,1.44479
3,03.DW.1S,1,2018,2,75.5565
3,03.DW.1S,1,2018,3,0
3,03.DW.1S,1,2018,4,0
3,03.DW.1S,1,2019,1,0.515391
3,03.DW.1S,1,2019,2,58.9348
3,03.DW.1S,1,2019,3,0
3,03.DW.1S,1,2019,4,0
3,03.DW.1S,1,2020,1,0
3,03.DW.1S,1,2020,2,69.8398
3,03.DW.1S,1,2020,3,0.756085
3,03.DW.1S,1,2020,4,0
3,03.DW.1S,1,2021,1,0.27441
3,03.DW.1S,1,2021,2,108.065
3,03.DW.1S,1,2021,3,0
3,03.DW.1S,1,2021,4,0
3,03.DW.1S,1,2022,1,0
3,03.DW.1S,1,2022,2,25.4568
3,03.DW.1S,1,2022,3,0
3,03.DW.1S,1,2022,4,0
3,03.DW.1S,1,2023,1,0
3,03.DW.1S,1,2023,2,56.9014
3,03.DW.1S,1,2023,3,0
3,03.DW.1S,1,2023,4,0
4,04.AU.1N,1,1952,1,0
4,04.AU.1N,1,1952,2,0
4,04.AU.1N,1,1952,3,0
4,04.AU.1N,1,1952,4,0
4,04.AU.1N,1,1953,1,0
4,04.AU.1N,1,1953,2,0
4,04.AU.1N,1,1953,3,0
4,04.AU.1N,1,1953,4,0
4,04.AU.1N,1,1954,1,0
4,04.AU.1N,1,1954,2,0
4,04.AU.1N,1,1954,3,0
4,04.AU.1N,1,1954,4,0
4,04.AU.1N,1,1955,1,0
4,04.AU.1N,1,1955,2,0
4,04.AU.1N,1,1955,3,0
4,04.AU.1N,1,1955,4,0
4,04.AU.1N,1,1956,1,0
4,04.AU.1N,1,1956,2,0
4,04.AU.1N,1,1956,3,0
4,04.AU.1N,1,1956,4,0
4,04.AU.1N,1,1957,1,0
4,04.AU.1N,1,1957,2,0
4,04.AU.1N,1,1957,3,0
4,04.AU.1N,1,1957,4,0
4,04.AU.1N,1,1958,1,0
4,04.AU.1N,1,1958,2,0
4,04.AU.1N,1,1958,3,0
4,04.AU.1N,1,1958,4,0
4,04.AU.1N,1,1959,1,0
4,04.AU.1N,1,1959,2,0
4,04.AU.1N,1,1959,3,0
4,04.AU.1N,1,1959,4,0
4,04.AU.1N,1,1960,1,0
4,04.AU.1N,1,1960,2,0
4,04.AU.1N,1,1960,3,0
4,04.AU.1N,1,1960,4,0
4,04.AU.1N,1,1961,1,0
4,04.AU.1N,1,1961,2,0
4,04.AU.1N,1,1961,3,0
4,04.AU.1N,1,1961,4,0
4,04.AU.1N,1,1962,1,0
4,04.AU.1N,1,1962,2,0
4,04.AU.1N,1,1962,3,0
4,04.AU.1N,1,1962,4,0
4,04.AU.1N,1,1963,1,0
4,04.AU.1N,1,1963,2,0
4,04.AU.1N,1,1963,3,0
4,04.AU.1N,1,1963,4,0
4,04.AU.1N,1,1964,1,0
4,04.AU.1N,1,1964,2,0
4,04.AU.1N,1,1964,3,0
4,04.AU.1N,1,1964,4,0
4,04.AU.1N,1,1965,1,0
4,04.AU.1N,1,1965,2,0
4,04.AU.1N,1,1965,3,0
4,04.AU.1N,1,1965,4,0
4,04.AU.1N,1,1966,1,0
4,04.AU.1N,1,1966,2,0
4,04.AU.1N,1,1966,3,0
4,04.AU.1N,1,1966,4,0
4,04.AU.1N,1,1967,1,0
4,04.AU.1N,1,1967,2,0
4,04.AU.1N,1,1967,3,0
4,04.AU.1N,1,1967,4,0
4,04.AU.1N,1,1968,1,0
4,04.AU.1N,1,1968,2,0
4,04.AU.1N,1,1968,3,0
4,04.AU.1N,1,1968,4,0
4,04.AU.1N,1,1969,1,0
4,04.AU.1N,1,1969,2,0
4,04.AU.1N,1,1969,3,0
4,04.AU.1N,1,1969,4,0
4,04.AU.1N,1,1970,1,0
4,04.AU.1N,1,1970,2,0
4,04.AU.1N,1,1970,3,0
4,04.AU.1N,1,1970,4,0
4,04.AU.1N,1,1971,1,0
4,04.AU.1N,1,1971,2,0
4,04.AU.1N,1,1971,3,0
4,04.AU.1N,1,1971,4,0
4,04.AU.1N,1,1972,1,0
4,04.AU.1N,1,1972,2,0
4,04.AU.1N,1,1972,3,0
4,04.AU.1N,1,1972,4,0
4,04.AU.1N,1,1973,1,0
4,04.AU.1N,1,1973,2,0
4,04.AU.1N,1,1973,3,0
4,04.AU.1N,1,1973,4,0
4,04.AU.1N,1,1974,1,0
4,04.AU.1N,1,1974,2,0
4,04.AU.1N,1,1974,3,0
4,04.AU.1N,1,1974,4,0
4,04.AU.1N,1,1975,1,0
4,04.AU.1N,1,1975,2,0
4,04.AU.1N,1,1975,3,0
4,04.AU.1N,1,1975,4,0
4,04.AU.1N,1,1976,1,0
4,04.AU.1N,1,1976,2,0
4,04.AU.1N,1,1976,3,0
4,04.AU.1N,1,1976,4,0
4,04.AU.1N,1,1977,1,0
4,04.AU.1N,1,1977,2,0
4,04.AU.1N,1,1977,3,0
4,04.AU.1N,1,1977,4,0
4,04.AU.1N,1,1978,1,0
4,04.AU.1N,1,1978,2,0
4,04.AU.1N,1,1978,3,0
4,04.AU.1N,1,1978,4,0
4,04.AU.1N,1,1979,1,0
4,04.AU.1N,1,1979,2,0
4,04.AU.1N,1,1979,3,0
4,04.AU.1N,1,1979,4,0
4,04.AU.1N,1,1980,1,0
4,04.AU.1N,1,1980,2,0
4,04.AU.1N,1,1980,3,0
4,04.AU.1N,1,1980,4,0
4,04.AU.1N,1,1981,1,0
4,04.AU.1N,1,1981,2,0
4,04.AU.1N,1,1981,3,0
4,04.AU.1N,1,1981,4,0
4,04.AU.1N,1,1982,1,0
4,04.AU.1N,1,1982,2,0
4,04.AU.1N,1,1982,3,0
4,04.AU.1N,1,1982,4,0
4,04.AU.1N,1,1983,1,0
4,04.AU.1N,1,1983,2,0
4,04.AU.1N,1,1983,3,0
4,04.AU.1N,1,1983,4,0
4,04.AU.1N,1,1984,1,0
4,04.AU.1N,1,1984,2,0
4,04.AU.1N,1,1984,3,0
4,04.AU.1N,1,1984,4,0
4,04.AU.1N,1,1985,1,0
4,04.AU.1N,1,1985,2,0
4,04.AU.1N,1,1985,3,0
4,04.AU.1N,1,1985,4,0
4,04.AU.1N,1,1986,1,0
4,04.AU.1N,1,1986,2,0
4,04.AU.1N,1,1986,3,0
4,04.AU.1N,1,1986,4,0
4,04.AU.1N,1,1987,1,0
4,04.AU.1N,1,1987,2,0
4,04.AU.1N,1,1987,3,0
4,04.AU.1N,1,1987,4,0
4,04.AU.1N,1,1988,1,0
4,04.AU.1N,1,1988,2,0
4,04.AU.1N,1,1988,3,0
4,04.AU.1N,1,1988,4,0
4,04.AU.1N,1,1989,1,0
4,04.AU.1N,1,1989,2,0
4,04.AU.1N,1,1989,3,0
4,04.AU.1N,1,1989,4,0
4,04.AU.1N,1,1990,1,0
4,04.AU.1N,1,1990,2,0
4,04.AU.1N,1,1990,3,0.473056
4,04.AU.1N,1,1990,4,0.700588
4,04.AU.1N,1,1991,1,0
4,04.AU.1N,1,1991,2,0
4,04.AU.1N,1,1991,3,0.335756
4,04.AU.1N,1,1991,4,0
4,04.AU.1N,1,1992,1,0
4,04.AU.1N,1,1992,2,0.395007
4,04.AU.1N,1,1992,3,1.25491
4,04.AU.1N,1,1992,4,0
4,04.AU.1N,1,1993,1,0.231967
4,04.AU.1N,1,1993,2,6.99552
4,04.AU.1N,1,1993,3,2.69642
4,04.AU.1N,1,1993,4,0
4,04.AU.1N,1,1994,1,0.414193
4,04.AU.1N,1,1994,2,2.25791
4,04.AU.1N,1,1994,3,0.895464
4,04.AU.1N,1,1994,4,0.65871
4,04.AU.1N,1,1995,1,1.37923
4,04.AU.1N,1,1995,2,2.64187
4,04.AU.1N,1,1995,3,3.79729
4,04.AU.1N,1,1995,4,1.75924
4,04.AU.1N,1,1996,1,2.26461
4,04.AU.1N,1,1996,2,14.545
4,04.AU.1N,1,1996,3,33.5744
4,04.AU.1N,1,1996,4,3.24914
4,04.AU.1N,1,1997,1,3.42951
4,04.AU.1N,1,1997,2,9.12543
4,04.AU.1N,1,1997,3,16.8787
4,04.AU.1N,1,1997,4,4.07842
4,04.AU.1N,1,1998,1,5.88059
4,04.AU.1N,1,1998,2,22.0475
4,04.AU.1N,1,1998,3,55.0708
4,04.AU.1N,1,1998,4,9.80258
4,04.AU.1N,1,1999,1,9.13034
4,04.AU.1N,1,1999,2,62.8355
4,04.AU.1N,1,1999,3,26.1891
4,04.AU.1N,1,1999,4,36.3047
4,04.AU.1N,1,2000,1,21.5782
4,04.AU.1N,1,2000,2,31.55
4,04.AU.1N,1,2000,3,30.3513
4,04.AU.1N,1,2000,4,25.3361
4,04.AU.1N,1,2001,1,14.3551
4,04.AU.1N,1,2001,2,48.3152
4,04.AU.1N,1,2001,3,29.9358
4,04.AU.1N,1,2001,4,34.8416
4,04.AU.1N,1,2002,1,15.3379
4,04.AU.1N,1,2002,2,32.5998
4,04.AU.1N,1,2002,3,14.6995
4,04.AU.1N,1,2002,4,19.2813
4,04.AU.1N,1,2003,1,11.8371
4,04.AU.1N,1,2003,2,32.7697
4,04.AU.1N,1,2003,3,18.4508
4,04.AU.1N,1,2003,4,25.917
4,04.AU.1N,1,2004,1,7.42724
4,04.AU.1N,1,2004,2,16.6529
4,04.AU.1N,1,2004,3,10.3978
4,04.AU.1N,1,2004,4,8.69161
4,04.AU.1N,1,2005,1,2.0966
4,04.AU.1N,1,2005,2,38.6502
4,04.AU.1N,1,2005,3,10.8144
4,04.AU.1N,1,2005,4,5.49853
4,04.AU.1N,1,2006,1,2.46857
4,04.AU.1N,1,2006,2,5.88409
4,04.AU.1N,1,2006,3,9.34949
4,04.AU.1N,1,2006,4,13.4816
4,04.AU.1N,1,2007,1,6.22066
4,04.AU.1N,1,2007,2,4.87891
4,04.AU.1N,1,2007,3,4.12346
4,04.AU.1N,1,2007,4,4.30459
4,04.AU.1N,1,2008,1,8.28718
4,04.AU.1N,1,2008,2,11.9194
4,04.AU.1N,1,2008,3,6.60802
4,04.AU.1N,1,2008,4,7.78161
4,04.AU.1N,1,2009,1,7.77951
4,04.AU.1N,1,2009,2,21.3711
4,04.AU.1N,1,2009,3,21.2391
4,04.AU.1N,1,2009,4,9.44539
4,04.AU.1N,1,2010,1,10.1444
4,04.AU.1N,1,2010,2,17.4737
4,04.AU.1N,1,2010,3,5.36586
4,04.AU.1N,1,2010,4,1.78907
4,04.AU.1N,1,2011,1,1.30288
4,04.AU.1N,1,2011,2,11.5482
4,04.AU.1N,1,2011,3,15.0367
4,04.AU.1N,1,2011,4,20.622
4,04.AU.1N,1,2012,1,8.07872
4,04.AU.1N,1,2012,2,23.0143
4,04.AU.1N,1,2012,3,18.8914
4,04.AU.1N,1,2012,4,18.9861
4,04.AU.1N,1,2013,1,11.5074
4,04.AU.1N,1,2013,2,23.095
4,04.AU.1N,1,2013,3,2.43715
4,04.AU.1N,1,2013,4,27.7479
4,04.AU.1N,1,2014,1,9.08159
4,04.AU.1N,1,2014,2,14.9564
4,04.AU.1N,1,2014,3,5.93545
4,04.AU.1N,1,2014,4,12.5446
4,04.AU.1N,1,2015,1,12.2754
4,04.AU.1N,1,2015,2,5.16584
4,04.AU.1N,1,2015,3,13.6972
4,04.AU.1N,1,2015,4,1.00216
4,04.AU.1N,1,2016,1,3.7701
4,04.AU.1N,1,2016,2,3.10452
4,04.AU.1N,1,2016,3,14.464
4,04.AU.1N,1,2016,4,13.1434
4,04.AU.1N,1,2017,1,12.1086
4,04.AU.1N,1,2017,2,18.8643
4,04.AU.1N,1,2017,3,9.95542
4,04.AU.1N,1,2017,4,14.7699
4,04.AU.1N,1,2018,1,22.8399
4,04.AU.1N,1,2018,2,5.08366
4,04.AU.1N,1,2018,3,34.6874
4,04.AU.1N,1,2018,4,1.78938
4,04.AU.1N,1,2019,1,21.0461
4,04.AU.1N,1,2019,2,10.2204
4,04.AU.1N,1,2019,3,24.5016
4,04.AU.1N,1,2019,4,25.6281
4,04.AU.1N,1,2020,1,5.89525
4,04.AU.1N,1,2020,2,5.68207
4,04.AU.1N,1,2020,3,2.87296
4,04.AU.1N,1,2020,4,7.70424
4,04.AU.1N,1,2021,1,2.79677
4,04.AU.1N,1,2021,2,15.4346
4,04.AU.1N,1,2021,3,2.00718
4,04.AU.1N,1,2021,4,12.6678
4,04.AU.1N,1,2022,1,13.4789
4,04.AU.1N,1,2022,2,6.76396
4,04.AU.1N,1,2022,3,3.62054
4,04.AU.1N,1,2022,4,8.20872
4,04.AU.1N,1,2023,1,4.08643
4,04.AU.1N,1,2023,2,2.2423
4,04.AU.1N,1,2023,3,8.74205
4,04.AU.1N,1,2023,4,8.84482
5,05.AU.1C,1,1952,1,0
5,05.AU.1C,1,1952,2,0
5,05.AU.1C,1,1952,3,0
5,05.AU.1C,1,1952,4,0
5,05.AU.1C,1,1953,1,0
5,05.AU.1C,1,1953,2,0
5,05.AU.1C,1,1953,3,0
5,05.AU.1C,1,1953,4,0
5,05.AU.1C,1,1954,1,0
5,05.AU.1C,1,1954,2,0
5,05.AU.1C,1,1954,3,0
5,05.AU.1C,1,1954,4,0
5,05.AU.1C,1,1955,1,0
5,05.AU.1C,1,1955,2,0
5,05.AU.1C,1,1955,3,0
5,05.AU.1C,1,1955,4,0
5,05.AU.1C,1,1956,1,0
5,05.AU.1C,1,1956,2,0
5,05.AU.1C,1,1956,3,0
5,05.AU.1C,1,1956,4,0
5,05.AU.1C,1,1957,1,0
5,05.AU.1C,1,1957,2,0
5,05.AU.1C,1,1957,3,0
5,05.AU.1C,1,1957,4,0
5,05.AU.1C,1,1958,1,0
5,05.AU.1C,1,1958,2,0
5,05.AU.1C,1,1958,3,0
5,05.AU.1C,1,1958,4,0
5,05.AU.1C,1,1959,1,0
5,05.AU.1C,1,1959,2,0
5,05.AU.1C,1,1959,3,0
5,05.AU.1C,1,1959,4,0
5,05.AU.1C,1,1960,1,0
5,05.AU.1C,1,1960,2,0
5,05.AU.1C,1,1960,3,0
5,05.AU.1C,1,1960,4,0
5,05.AU.1C,1,1961,1,0
5,05.AU.1C,1,1961,2,0
5,05.AU.1C,1,1961,3,0
5,05.AU.1C,1,1961,4,0
5,05.AU.1C,1,1962,1,0
5,05.AU.1C,1,1962,2,0
5,05.AU.1C,1,1962,3,0
5,05.AU.1C,1,1962,4,0
5,05.AU.1C,1,1963,1,0
5,05.AU.1C,1,1963,2,0
5,05.AU.1C,1,1963,3,0
5,05.AU.1C,1,1963,4,0
5,05.AU.1C,1,1964,1,0
5,05.AU.1C,1,1964,2,0
5,05.AU.1C,1,1964,3,0
5,05.AU.1C,1,1964,4,0
5,05.AU.1C,1,1965,1,0
5,05.AU.1C,1,1965,2,0
5,05.AU.1C,1,1965,3,0
5,05.AU.1C,1,1965,4,0
5,05.AU.1C,1,1966,1,0
5,05.AU.1C,1,1966,2,0
5,05.AU.1C,1,1966,3,0
5,05.AU.1C,1,1966,4,0
5,05.AU.1C,1,1967,1,0
5,05.AU.1C,1,1967,2,0
5,05.AU.1C,1,1967,3,0
5,05.AU.1C,1,1967,4,0
5,05.AU.1C,1,1968,1,0
5,05.AU.1C,1,1968,2,0
5,05.AU.1C,1,1968,3,0
5,05.AU.1C,1,1968,4,0
5,05.AU.1C,1,1969,1,0
5,05.AU.1C,1,1969,2,0
5,05.AU.1C,1,1969,3,0
5,05.AU.1C,1,1969,4,0
5,05.AU.1C,1,1970,1,0
5,05.AU.1C,1,1970,2,0
5,05.AU.1C,1,1970,3,0
5,05.AU.1C,1,1970,4,0
5,05.AU.1C,1,1971,1,0
5,05.AU.1C,1,1971,2,0
5,05.AU.1C,1,1971,3,0
5,05.AU.1C,1,1971,4,0
5,05.AU.1C,1,1972,1,0
5,05.AU.1C,1,1972,2,0
5,05.AU.1C,1,1972,3,0
5,05.AU.1C,1,1972,4,0
5,05.AU.1C,1,1973,1,0
5,05.AU.1C,1,1973,2,0
5,05.AU.1C,1,1973,3,0
5,05.AU.1C,1,1973,4,0
5,05.AU.1C,1,1974,1,0
5,05.AU.1C,1,1974,2,0
5,05.AU.1C,1,1974,3,0
5,05.AU.1C,1,1974,4,0
5,05.AU.1C,1,1975,1,0
5,05.AU.1C,1,1975,2,0
5,05.AU.1C,1,1975,3,0
5,05.AU.1C,1,1975,4,0
5,05.AU.1C,1,1976,1,0
5,05.AU.1C,1,1976,2,0
5,05.AU.1C,1,1976,3,0
5,05.AU.1C,1,1976,4,0
5,05.AU.1C,1,1977,1,0
5,05.AU.1C,1,1977,2,0
5,05.AU.1C,1,1977,3,0
5,05.AU.1C,1,1977,4,0
5,05.AU.1C,1,1978,1,0
5,05.AU.1C,1,1978,2,0
5,05.AU.1C,1,1978,3,0
5,05.AU.1C,1,1978,4,0
5,05.AU.1C,1,1979,1,0
5,05.AU.1C,1,1979,2,0
5,05.AU.1C,1,1979,3,0
5,05.AU.1C,1,1979,4,0
5,05.AU.1C,1,1980,1,0
5,05.AU.1C,1,1980,2,0
5,05.AU.1C,1,1980,3,0
5,05.AU.1C,1,1980,4,0
5,05.AU.1C,1,1981,1,0
5,05.AU.1C,1,1981,2,0
5,05.AU.1C,1,1981,3,0
5,05.AU.1C,1,1981,4,0
5,05.AU.1C,1,1982,1,0
5,05.AU.1C,1,1982,2,0
5,05.AU.1C,1,1982,3,0
5,05.AU.1C,1,1982,4,0
5,05.AU.1C,1,1983,1,0
5,05.AU.1C,1,1983,2,0
5,05.AU.1C,1,1983,3,0
5,05.AU.1C,1,1983,4,0
5,05.AU.1C,1,1984,1,0
5,05.AU.1C,1,1984,2,0
5,05.AU.1C,1,1984,3,0
5,05.AU.1C,1,1984,4,0
5,05.AU.1C,1,1985,1,0
5,05.AU.1C,1,1985,2,0
5,05.AU.1C,1,1985,3,0
5,05.AU.1C,1,1985,4,0
5,05.AU.1C,1,1986,1,0
5,05.AU.1C,1,1986,2,0
5,05.AU.1C,1,1986,3,0
5,05.AU.1C,1,1986,4,0.0655515
5,05.AU.1C,1,1987,1,4.98783
5,05.AU.1C,1,1987,2,26.0597
5,05.AU.1C,1,1987,3,15.9883
5,05.AU.1C,1,1987,4,1.91566
5,05.AU.1C,1,1988,1,2.04235
5,05.AU.1C,1,1988,2,9.4066
5,05.AU.1C,1,1988,3,20.1876
5,05.AU.1C,1,1988,4,1.833
5,05.AU.1C,1,1989,1,1.23565
5,05.AU.1C,1,1989,2,42.0653
5,05.AU.1C,1,1989,3,83.5
5,05.AU.1C,1,1989,4,1.60252
5,05.AU.1C,1,1990,1,1.65279
5,05.AU.1C,1,1990,2,22.579
5,05.AU.1C,1,1990,3,26.1792
5,05.AU.1C,1,1990,4,5.39535
5,05.AU.1C,1,1991,1,5.27185
5,05.AU.1C,1,1991,2,38.2356
5,05.AU.1C,1,1991,3,30.4672
5,05.AU.1C,1,1991,4,5.22244
5,05.AU.1C,1,1992,1,7.03307
5,05.AU.1C,1,1992,2,23.0779
5,05.AU.1C,1,1992,3,20.2803
5,05.AU.1C,1,1992,4,9.01926
5,05.AU.1C,1,1993,1,2.56629
5,05.AU.1C,1,1993,2,30.1074
5,05.AU.1C,1,1993,3,14.5584
5,05.AU.1C,1,1993,4,2.5399
5,05.AU.1C,1,1994,1,17.965
5,05.AU.1C,1,1994,2,37.3069
5,05.AU.1C,1,1994,3,46.3506
5,05.AU.1C,1,1994,4,8.57143
5,05.AU.1C,1,1995,1,18.7744
5,05.AU.1C,1,1995,2,29.3692
5,05.AU.1C,1,1995,3,33.8675
5,05.AU.1C,1,1995,4,10.3538
5,05.AU.1C,1,1996,1,27.0708
5,05.AU.1C,1,1996,2,91.6788
5,05.AU.1C,1,1996,3,231.144
5,05.AU.1C,1,1996,4,267.177
5,05.AU.1C,1,1997,1,405.229
5,05.AU.1C,1,1997,2,381.591
5,05.AU.1C,1,1997,3,567.915
5,05.AU.1C,1,1997,4,590.476
5,05.AU.1C,1,1998,1,632.272
5,05.AU.1C,1,1998,2,582.264
5,05.AU.1C,1,1998,3,578.096
5,05.AU.1C,1,1998,4,691.475
5,05.AU.1C,1,1999,1,578.837
5,05.AU.1C,1,1999,2,422.539
5,05.AU.1C,1,1999,3,843.139
5,05.AU.1C,1,1999,4,774.626
5,05.AU.1C,1,2000,1,777.129
5,05.AU.1C,1,2000,2,559.818
5,05.AU.1C,1,2000,3,635.825
5,05.AU.1C,1,2000,4,646.185
5,05.AU.1C,1,2001,1,548.246
5,05.AU.1C,1,2001,2,471.678
5,05.AU.1C,1,2001,3,607.13
5,05.AU.1C,1,2001,4,735.543
5,05.AU.1C,1,2002,1,815.84
5,05.AU.1C,1,2002,2,385.206
5,05.AU.1C,1,2002,3,520.99
5,05.AU.1C,1,2002,4,683.984
5,05.AU.1C,1,2003,1,746.354
5,05.AU.1C,1,2003,2,392.081
5,05.AU.1C,1,2003,3,497.183
5,05.AU.1C,1,2003,4,408.997
5,05.AU.1C,1,2004,1,448.117
5,05.AU.1C,1,2004,2,486.789
5,05.AU.1C,1,2004,3,488.053
5,05.AU.1C,1,2004,4,396.896
5,05.AU.1C,1,2005,1,530.279
5,05.AU.1C,1,2005,2,282.196
5,05.AU.1C,1,2005,3,403.052
5,05.AU.1C,1,2005,4,472.422
5,05.AU.1C,1,2006,1,452.415
5,05.AU.1C,1,2006,2,257.752
5,05.AU.1C,1,2006,3,125.087
5,05.AU.1C,1,2006,4,305.672
5,05.AU.1C,1,2007,1,414.541
5,05.AU.1C,1,2007,2,283.59
5,05.AU.1C,1,2007,3,190.188
5,05.AU.1C,1,2007,4,293.792
5,05.AU.1C,1,2008,1,339.297
5,05.AU.1C,1,2008,2,247.523
5,05.AU.1C,1,2008,3,323.016
5,05.AU.1C,1,2008,4,376.291
5,05.AU.1C,1,2009,1,231.493
5,05.AU.1C,1,2009,2,215.496
5,05.AU.1C,1,2009,3,328.346
5,05.AU.1C,1,2009,4,354.21
5,05.AU.1C,1,2010,1,216.91
5,05.AU.1C,1,2010,2,174.554
5,05.AU.1C,1,2010,3,360.332
5,05.AU.1C,1,2010,4,348.111
5,05.AU.1C,1,2011,1,177.578
5,05.AU.1C,1,2011,2,126.624
5,05.AU.1C,1,2011,3,308.728
5,05.AU.1C,1,2011,4,391.774
5,05.AU.1C,1,2012,1,294.419
5,05.AU.1C,1,2012,2,194.206
5,05.AU.1C,1,2012,3,364.235
5,05.AU.1C,1,2012,4,317.582
5,05.AU.1C,1,2013,1,197.415
5,05.AU.1C,1,2013,2,201.176
5,05.AU.1C,1,2013,3,363.064
5,05.AU.1C,1,2013,4,296.371
5,05.AU.1C,1,2014,1,410.14
5,05.AU.1C,1,2014,2,222.75
5,05.AU.1C,1,2014,3,319.692
5,05.AU.1C,1,2014,4,339.442
5,05.AU.1C,1,2015,1,265.042
5,05.AU.1C,1,2015,2,228.579
5,05.AU.1C,1,2015,3,355.259
5,05.AU.1C,1,2015,4,375.939
5,05.AU.1C,1,2016,1,367.253
5,05.AU.1C,1,2016,2,200.717
5,05.AU.1C,1,2016,3,325.805
5,05.AU.1C,1,2016,4,339.788
5,05.AU.1C,1,2017,1,340.55
5,05.AU.1C,1,2017,2,287.283
5,05.AU.1C,1,2017,3,363.661
5,05.AU.1C,1,2017,4,408.269
5,05.AU.1C,1,2018,1,276.608
5,05.AU.1C,1,2018,2,277.43
5,05.AU.1C,1,2018,3,287.336
5,05.AU.1C,1,2018,4,309.828
5,05.AU.1C,1,2019,1,212.69
5,05.AU.1C,1,2019,2,499.511
5,05.AU.1C,1,2019,3,245.954
5,05.AU.1C,1,2019,4,269.095
5,05.AU.1C,1,2020,1,262.842
5,05.AU.1C,1,2020,2,110.013
5,05.AU.1C,1,2020,3,193.279
5,05.AU.1C,1,2020,4,174.978
5,05.AU.1C,1,2021,1,161.488
5,05.AU.1C,1,2021,2,138.478
5,05.AU.1C,1,2021,3,225.391
5,05.AU.1C,1,2021,4,177.105
5,05.AU.1C,1,2022,1,227.471
5,05.AU.1C,1,2022,2,238.765
5,05.AU.1C,1,2022,3,242.408
5,05.AU.1C,1,2022,4,254.597
5,05.AU.1C,1,2023,1,448.478
5,05.AU.1C,1,2023,2,245.655
5,05.AU.1C,1,2023,3,497.354
5,05.AU.1C,1,2023,4,220.595
6,06.AU.1S,1,1952,1,0
6,06.AU.1S,1,1952,2,0
6,06.AU.1S,1,1952,3,0
6,06.AU.1S,1,1952,4,0
6,06.AU.1S,1,1953,1,0
6,06.AU.1S,1,1953,2,0
6,06.AU.1S,1,1953,3,0
6,06.AU.1S,1,1953,4,0
6,06.AU.1S,1,1954,1,0
6,06.AU.1S,1,1954,2,0
6,06.AU.1S,1,1954,3,0
6,06.AU.1S,1,1954,4,0
6,06.AU.1S,1,1955,1,0
6,06.AU.1S,1,1955,2,0
6,06.AU.1S,1,1955,3,0
6,06.AU.1S,1,1955,4,0
6,06.AU.1S,1,1956,1,0
6,06.AU.1S,1,1956,2,0
6,06.AU.1S,1,1956,3,0
6,06.AU.1S,1,1956,4,0
6,06.AU.1S,1,1957,1,0
6,06.AU.1S,1,1957,2,0
6,06.AU.1S,1,1957,3,0
6,06.AU.1S,1,1957,4,0
6,06.AU.1S,1,1958,1,0
6,06.AU.1S,1,1958,2,0
6,06.AU.1S,1,1958,3,0
6,06.AU.1S,1,1958,4,0
6,06.AU.1S,1,1959,1,0
6,06.AU.1S,1,1959,2,0
6,06.AU.1S,1,1959,3,0
6,06.AU.1S,1,1959,4,0
6,06.AU.1S,1,1960,1,0
6,06.AU.1S,1,1960,2,0
6,06.AU.1S,1,1960,3,0
6,06.AU.1S,1,1960,4,0
6,06.AU.1S,1,1961,1,0
6,06.AU.1S,1,1961,2,0
6,06.AU.1S,1,1961,3,0
6,06.AU.1S,1,1961,4,0
6,06.AU.1S,1,1962,1,0
6,06.AU.1S,1,1962,2,0
6,06.AU.1S,1,1962,3,0
6,06.AU.1S,1,1962,4,0
6,06.AU.1S,1,1963,1,0
6,06.AU.1S,1,1963,2,0
6,06.AU.1S,1,1963,3,0
6,06.AU.1S,1,1963,4,0
6,06.AU.1S,1,1964,1,0
6,06.AU.1S,1,1964,2,0
6,06.AU.1S,1,1964,3,0
6,06.AU.1S,1,1964,4,0
6,06.AU.1S,1,1965,1,0
6,06.AU.1S,1,1965,2,0
6,06.AU.1S,1,1965,3,0
6,06.AU.1S,1,1965,4,0
6,06.AU.1S,1,1966,1,0
6,06.AU.1S,1,1966,2,0
6,06.AU.1S,1,1966,3,0
6,06.AU.1S,1,1966,4,0
6,06.AU.1S,1,1967,1,0
6,06.AU.1S,1,1967,2,0
6,06.AU.1S,1,1967,3,0
6,06.AU.1S,1,1967,4,0
6,06.AU.1S,1,1968,1,0
6,06.AU.1S,1,1968,2,0
6,06.AU.1S,1,1968,3,0
6,06.AU.1S,1,1968,4,0
6,06.AU.1S,1,1969,1,0
6,06.AU.1S,1,1969,2,0
6,06.AU.1S,1,1969,3,0
6,06.AU.1S,1,1969,4,0
6,06.AU.1S,1,1970,1,0
6,06.AU.1S,1,1970,2,0
6,06.AU.1S,1,1970,3,0
6,06.AU.1S,1,1970,4,0
6,06.AU.1S,1,1971,1,0
6,06.AU.1S,1,1971,2,0
6,06.AU.1S,1,1971,3,0
6,06.AU.1S,1,1971,4,0
6,06.AU.1S,1,1972,1,0
6,06.AU.1S,1,1972,2,0
6,06.AU.1S,1,1972,3,0
6,06.AU.1S,1,1972,4,0
6,06.AU.1S,1,1973,1,0
6,06.AU.1S,1,1973,2,0
6,06.AU.1S,1,1973,3,0
6,06.AU.1S,1,1973,4,0
6,06.AU.1S,1,1974,1,0
6,06.AU.1S,1,1974,2,0
6,06.AU.1S,1,1974,3,0
6,06.AU.1S,1,1974,4,0
6,06.AU.1S,1,1975,1,0
6,06.AU.1S,1,1975,2,0
6,06.AU.1S,1,1975,3,0
6,06.AU.1S,1,1975,4,0
6,06.AU.1S,1,1976,1,0
6,06.AU.1S,1,1976,2,0
6,06.AU.1S,1,1976,3,0
6,06.AU.1S,1,1976,4,0
6,06.AU.1S,1,1977,1,0
6,06.AU.1S,1,1977,2,0
6,06.AU.1S,1,1977,3,0
6,06.AU.1S,1,1977,4,0
6,06.AU.1S,1,1978,1,0
6,06.AU.1S,1,1978,2,0
6,06.AU.1S,1,1978,3,0
6,06.AU.1S,1,1978,4,0
6,06.AU.1S,1,1979,1,0
6,06.AU.1S,1,1979,2,0
6,06.AU.1S,1,1979,3,0
6,06.AU.1S,1,1979,4,0
6,06.AU.1S,1,1980,1,0
6,06.AU.1S,1,1980,2,0
6,06.AU.1S,1,1980,3,0
6,06.AU.1S,1,1980,4,0
6,06.AU.1S,1,1981,1,0
6,06.AU.1S,1,1981,2,0
6,06.AU.1S,1,1981,3,0
6,06.AU.1S,1,1981,4,0
6,06.AU.1S,1,1982,1,0
6,06.AU.1S,1,1982,2,0
6,06.AU.1S,1,1982,3,0
6,06.AU.1S,1,1982,4,0
6,06.AU.1S,1,1983,1,0
6,06.AU.1S,1,1983,2,0
6,06.AU.1S,1,1983,3,0
6,06.AU.1S,1,1983,4,0
6,06.AU.1S,1,1984,1,0
6,06.AU.1S,1,1984,2,0
6,06.AU.1S,1,1984,3,0
6,06.AU.1S,1,1984,4,0
6,06.AU.1S,1,1985,1,0
6,06.AU.1S,1,1985,2,0
6,06.AU.1S,1,1985,3,0
6,06.AU.1S,1,1985,4,0
6,06.AU.1S,1,1986,1,0
6,06.AU.1S,1,1986,2,0
6,06.AU.1S,1,1986,3,0
6,06.AU.1S,1,1986,4,0
6,06.AU.1S,1,1987,1,0
6,06.AU.1S,1,1987,2,0
6,06.AU.1S,1,1987,3,0
6,06.AU.1S,1,1987,4,0
6,06.AU.1S,1,1988,1,0
6,06.AU.1S,1,1988,2,0
6,06.AU.1S,1,1988,3,0
6,06.AU.1S,1,1988,4,0
6,06.AU.1S,1,1989,1,0
6,06.AU.1S,1,1989,2,2.19467
6,06.AU.1S,1,1989,3,0
6,06.AU.1S,1,1989,4,0
6,06.AU.1S,1,1990,1,0
6,06.AU.1S,1,1990,2,3.65561
6,06.AU.1S,1,1990,3,0.0931758
6,06.AU.1S,1,1990,4,0
6,06.AU.1S,1,1991,1,0
6,06.AU.1S,1,1991,2,25.304
6,06.AU.1S,1,1991,3,2.88016
6,06.AU.1S,1,1991,4,0
6,06.AU.1S,1,1992,1,0.177908
6,06.AU.1S,1,1992,2,65.7465
6,06.AU.1S,1,1992,3,2.03915
6,06.AU.1S,1,1992,4,0
6,06.AU.1S,1,1993,1,0
6,06.AU.1S,1,1993,2,65.4716
6,06.AU.1S,1,1993,3,0.981652
6,06.AU.1S,1,1993,4,0
6,06.AU.1S,1,1994,1,0
6,06.AU.1S,1,1994,2,2.78423
6,06.AU.1S,1,1994,3,7.75188
6,06.AU.1S,1,1994,4,0
6,06.AU.1S,1,1995,1,0
6,06.AU.1S,1,1995,2,3.63184
6,06.AU.1S,1,1995,3,0.273514
6,06.AU.1S,1,1995,4,0
6,06.AU.1S,1,1996,1,0
6,06.AU.1S,1,1996,2,0.185459
6,06.AU.1S,1,1996,3,0.374467
6,06.AU.1S,1,1996,4,0
6,06.AU.1S,1,1997,1,0
6,06.AU.1S,1,1997,2,2.21913
6,06.AU.1S,1,1997,3,0
6,06.AU.1S,1,1997,4,0.492909
6,06.AU.1S,1,1998,1,0.0991966
6,06.AU.1S,1,1998,2,2.78561
6,06.AU.1S,1,1998,3,1.39663
6,06.AU.1S,1,1998,4,0
6,06.AU.1S,1,1999,1,0.797104
6,06.AU.1S,1,1999,2,2.88016
6,06.AU.1S,1,1999,3,0.297473
6,06.AU.1S,1,1999,4,0
6,06.AU.1S,1,2000,1,0
6,06.AU.1S,1,2000,2,0.0994646
6,06.AU.1S,1,2000,3,0
6,06.AU.1S,1,2000,4,0
6,06.AU.1S,1,2001,1,0
6,06.AU.1S,1,2001,2,0
6,06.AU.1S,1,2001,3,0
6,06.AU.1S,1,2001,4,0
6,06.AU.1S,1,2002,1,0.605392
6,06.AU.1S,1,2002,2,0
6,06.AU.1S,1,2002,3,0
6,06.AU.1S,1,2002,4,0
6,06.AU.1S,1,2003,1,0
6,06.AU.1S,1,2003,2,0
6,06.AU.1S,1,2003,3,0
6,06.AU.1S,1,2003,4,0
6,06.AU.1S,1,2004,1,0
6,06.AU.1S,1,2004,2,0
6,06.AU.1S,1,2004,3,0
6,06.AU.1S,1,2004,4,0
6,06.AU.1S,1,2005,1,0
6,06.AU.1S,1,2005,2,0
6,06.AU.1S,1,2005,3,0
6,06.AU.1S,1,2005,4,0
6,06.AU.1S,1,2006,1,1.09816
6,06.AU.1S,1,2006,2,0
6,06.AU.1S,1,2006,3,0
6,06.AU.1S,1,2006,4,0
6,06.AU.1S,1,2007,1,0
6,06.AU.1S,1,2007,2,0
6,06.AU.1S,1,2007,3,0
6,06.AU.1S,1,2007,4,0
6,06.AU.1S,1,2008,1,0
6,06.AU.1S,1,2008,2,0
6,06.AU.1S,1,2008,3,0
6,06.AU.1S,1,2008,4,0
6,06.AU.1S,1,2009,1,0
6,06.AU.1S,1,2009,2,0
6,06.AU.1S,1,2009,3,0
6,06.AU.1S,1,2009,4,0
6,06.AU.1S,1,2010,1,0
6,06.AU.1S,1,2010,2,0
6,06.AU.1S,1,2010,3,0
6,06.AU.1S,1,2010,4,0
6,06.AU.1S,1,2011,1,0
6,06.AU.1S,1,2011,2,0
6,06.AU.1S,1,2011,3,0
6,06.AU.1S,1,2011,4,0
6,06.AU.1S,1,2012,1,0
6,06.AU.1S,1,2012,2,0
6,06.AU.1S,1,2012,3,0
6,06.AU.1S,1,2012,4,0
6,06.AU.1S,1,2013,1,0
6,06.AU.1S,1,2013,2,0
6,06.AU.1S,1,2013,3,0
6,06.AU.1S,1,2013,4,0
6,06.AU.1S,1,2014,1,0
6,06.AU.1S,1,2014,2,0
6,06.AU.1S,1,2014,3,0
6,06.AU.1S,1,2014,4,0
6,06.AU.1S,1,2015,1,0
6,06.AU.1S,1,2015,2,0
6,06.AU.1S,1,2015,3,0
6,06.AU.1S,1,2015,4,0
6,06.AU.1S,1,2016,1,0
6,06.AU.1S,1,2016,2,4.49751
6,06.AU.1S,1,2016,3,0.493881
6,06.AU.1S,1,2016,4,0.299299
6,06.AU.1S,1,2017,1,0.301754
6,06.AU.1S,1,2017,2,1.01265
6,06.AU.1S,1,2017,3,0.204077
6,06.AU.1S,1,2017,4,0
6,06.AU.1S,1,2018,1,0
6,06.AU.1S,1,2018,2,0
6,06.AU.1S,1,2018,3,0
6,06.AU.1S,1,2018,4,0
6,06.AU.1S,1,2019,1,0
6,06.AU.1S,1,2019,2,1.83852
6,06.AU.1S,1,2019,3,0
6,06.AU.1S,1,2019,4,0
6,06.AU.1S,1,2020,1,0
6,06.AU.1S,1,2020,2,0.288992
6,06.AU.1S,1,2020,3,0
6,06.AU.1S,1,2020,4,0
6,06.AU.1S,1,2021,1,0
6,06.AU.1S,1,2021,2,0.993909
6,06.AU.1S,1,2021,3,0
6,06.AU.1S,1,2021,4,0.0895724
6,06.AU.1S,1,2022,1,0
6,06.AU.1S,1,2022,2,4.30256
6,06.AU.1S,1,2022,3,0
6,06.AU.1S,1,2022,4,0
6,06.AU.1S,1,2023,1,0
6,06.AU.1S,1,2023,2,0
6,06.AU.1S,1,2023,3,0
6,06.AU.1S,1,2023,4,0.994177
7,07.EU.1C,1,1952,1,0
7,07.EU.1C,1,1952,2,0
7,07.EU.1C,1,1952,3,0
7,07.EU.1C,1,1952,4,0
7,07.EU.1C,1,1953,1,0
7,07.EU.1C,1,1953,2,0
7,07.EU.1C,1,1953,3,0
7,07.EU.1C,1,1953,4,0
7,07.EU.1C,1,1954,1,0
7,07.EU.1C,1,1954,2,0
7,07.EU.1C,1,1954,3,0
7,07.EU.1C,1,1954,4,0
7,07.EU.1C,1,1955,1,0
7,07.EU.1C,1,1955,2,0
7,07.EU.1C,1,1955,3,0
7,07.EU.1C,1,1955,4,0
7,07.EU.1C,1,1956,1,0
7,07.EU.1C,1,1956,2,0
7,07.EU.1C,1,1956,3,0
7,07.EU.1C,1,1956,4,0
7,07.EU.1C,1,1957,1,0
7,07.EU.1C,1,1957,2,0
7,07.EU.1C,1,1957,3,0
7,07.EU.1C,1,1957,4,0
7,07.EU.1C,1,1958,1,0
7,07.EU.1C,1,1958,2,0
7,07.EU.1C,1,1958,3,0
7,07.EU.1C,1,1958,4,0
7,07.EU.1C,1,1959,1,0
7,07.EU.1C,1,1959,2,0
7,07.EU.1C,1,1959,3,0
7,07.EU.1C,1,1959,4,0
7,07.EU.1C,1,1960,1,0
7,07.EU.1C,1,1960,2,0
7,07.EU.1C,1,1960,3,0
7,07.EU.1C,1,1960,4,0
7,07.EU.1C,1,1961,1,0
7,07.EU.1C,1,1961,2,0
7,07.EU.1C,1,1961,3,0
7,07.EU.1C,1,1961,4,0
7,07.EU.1C,1,1962,1,0
7,07.EU.1C,1,1962,2,0
7,07.EU.1C,1,1962,3,0
7,07.EU.1C,1,1962,4,0
7,07.EU.1C,1,1963,1,0
7,07.EU.1C,1,1963,2,0
7,07.EU.1C,1,1963,3,0
7,07.EU.1C,1,1963,4,0
7,07.EU.1C,1,1964,1,0
7,07.EU.1C,1,1964,2,0
7,07.EU.1C,1,1964,3,0
7,07.EU.1C,1,1964,4,0
7,07.EU.1C,1,1965,1,0
7,07.EU.1C,1,1965,2,0
7,07.EU.1C,1,1965,3,0
7,07.EU.1C,1,1965,4,0
7,07.EU.1C,1,1966,1,0
7,07.EU.1C,1,1966,2,0
7,07.EU.1C,1,1966,3,0
7,07.EU.1C,1,1966,4,0
7,07.EU.1C,1,1967,1,0
7,07.EU.1C,1,1967,2,0
7,07.EU.1C,1,1967,3,0
7,07.EU.1C,1,1967,4,0
7,07.EU.1C,1,1968,1,0
7,07.EU.1C,1,1968,2,0
7,07.EU.1C,1,1968,3,0
7,07.EU.1C,1,1968,4,0
7,07.EU.1C,1,1969,1,0
7,07.EU.1C,1,1969,2,0
7,07.EU.1C,1,1969,3,0
7,07.EU.1C,1,1969,4,0
7,07.EU.1C,1,1970,1,0
7,07.EU.1C,1,1970,2,0
7,07.EU.1C,1,1970,3,0
7,07.EU.1C,1,1970,4,0
7,07.EU.1C,1,1971,1,0
7,07.EU.1C,1,1971,2,0
7,07.EU.1C,1,1971,3,0
7,07.EU.1C,1,1971,4,0
7,07.EU.1C,1,1972,1,0
7,07.EU.1C,1,1972,2,0
7,07.EU.1C,1,1972,3,0
7,07.EU.1C,1,1972,4,0
7,07.EU.1C,1,1973,1,0
7,07.EU.1C,1,1973,2,0
7,07.EU.1C,1,1973,3,0
7,07.EU.1C,1,1973,4,0
7,07.EU.1C,1,1974,1,0
7,07.EU.1C,1,1974,2,0
7,07.EU.1C,1,1974,3,0
7,07.EU.1C,1,1974,4,0
7,07.EU.1C,1,1975,1,0
7,07.EU.1C,1,1975,2,0
7,07.EU.1C,1,1975,3,0
7,07.EU.1C,1,1975,4,0
7,07.EU.1C,1,1976,1,0
7,07.EU.1C,1,1976,2,0
7,07.EU.1C,1,1976,3,0
7,07.EU.1C,1,1976,4,0
7,07.EU.1C,1,1977,1,0
7,07.EU.1C,1,1977,2,0
7,07.EU.1C,1,1977,3,0
7,07.EU.1C,1,1977,4,0
7,07.EU.1C,1,1978,1,0
7,07.EU.1C,1,1978,2,0
7,07.EU.1C,1,1978,3,0
7,07.EU.1C,1,1978,4,0
7,07.EU.1C,1,1979,1,0
7,07.EU.1C,1,1979,2,0
7,07.EU.1C,1,1979,3,0
7,07.EU.1C,1,1979,4,0
7,07.EU.1C,1,1980,1,0
7,07.EU.1C,1,1980,2,0
7,07.EU.1C,1,1980,3,0
7,07.EU.1C,1,1980,4,0
7,07.EU.1C,1,1981,1,0
7,07.EU.1C,1,1981,2,0
7,07.EU.1C,1,1981,3,0
7,07.EU.1C,1,1981,4,0
7,07.EU.1C,1,1982,1,0
7,07.EU.1C,1,1982,2,0
7,07.EU.1C,1,1982,3,0
7,07.EU.1C,1,1982,4,0
7,07.EU.1C,1,1983,1,0
7,07.EU.1C,1,1983,2,0
7,07.EU.1C,1,1983,3,0
7,07.EU.1C,1,1983,4,0
7,07.EU.1C,1,1984,1,0
7,07.EU.1C,1,1984,2,0
7,07.EU.1C,1,1984,3,0
7,07.EU.1C,1,1984,4,0
7,07.EU.1C,1,1985,1,0
7,07.EU.1C,1,1985,2,0
7,07.EU.1C,1,1985,3,0
7,07.EU.1C,1,1985,4,0
7,07.EU.1C,1,1986,1,0
7,07.EU.1C,1,1986,2,0
7,07.EU.1C,1,1986,3,0
7,07.EU.1C,1,1986,4,0
7,07.EU.1C,1,1987,1,0
7,07.EU.1C,1,1987,2,0
7,07.EU.1C,1,1987,3,0
7,07.EU.1C,1,1987,4,0
7,07.EU.1C,1,1988,1,0
7,07.EU.1C,1,1988,2,0
7,07.EU.1C,1,1988,3,0
7,07.EU.1C,1,1988,4,0
7,07.EU.1C,1,1989,1,0
7,07.EU.1C,1,1989,2,0
7,07.EU.1C,1,1989,3,0
7,07.EU.1C,1,1989,4,0
7,07.EU.1C,1,1990,1,0
7,07.EU.1C,1,1990,2,0
7,07.EU.1C,1,1990,3,0
7,07.EU.1C,1,1990,4,0
7,07.EU.1C,1,1991,1,0
7,07.EU.1C,1,1991,2,0
7,07.EU.1C,1,1991,3,0
7,07.EU.1C,1,1991,4,0
7,07.EU.1C,1,1992,1,0
7,07.EU.1C,1,1992,2,0
7,07.EU.1C,1,1992,3,0
7,07.EU.1C,1,1992,4,0
7,07.EU.1C,1,1993,1,0
7,07.EU.1C,1,1993,2,0
7,07.EU.1C,1,1993,3,0
7,07.EU.1C,1,1993,4,0
7,07.EU.1C,1,1994,1,0
7,07.EU.1C,1,1994,2,0
7,07.EU.1C,1,1994,3,0
7,07.EU.1C,1,1994,4,0
7,07.EU.1C,1,1995,1,0
7,07.EU.1C,1,1995,2,0
7,07.EU.1C,1,1995,3,0
7,07.EU.1C,1,1995,4,0
7,07.EU.1C,1,1996,1,0
7,07.EU.1C,1,1996,2,0
7,07.EU.1C,1,1996,3,0
7,07.EU.1C,1,1996,4,0
7,07.EU.1C,1,1997,1,0
7,07.EU.1C,1,1997,2,0
7,07.EU.1C,1,1997,3,0
7,07.EU.1C,1,1997,4,0
7,07.EU.1C,1,1998,1,0
7,07.EU.1C,1,1998,2,0
7,07.EU.1C,1,1998,3,0
7,07.EU.1C,1,1998,4,0
7,07.EU.1C,1,1999,1,0
7,07.EU.1C,1,1999,2,0
7,07.EU.1C,1,1999,3,0
7,07.EU.1C,1,1999,4,0
7,07.EU.1C,1,2000,1,0
7,07.EU.1C,1,2000,2,0
7,07.EU.1C,1,2000,3,0
7,07.EU.1C,1,2000,4,0
7,07.EU.1C,1,2001,1,0
7,07.EU.1C,1,2001,2,0
7,07.EU.1C,1,2001,3,0
7,07.EU.1C,1,2001,4,0
7,07.EU.1C,1,2002,1,0
7,07.EU.1C,1,2002,2,0
7,07.EU.1C,1,2002,3,0
7,07.EU.1C,1,2002,4,0
7,07.EU.1C,1,2003,1,0
7,07.EU.1C,1,2003,2,0
7,07.EU.1C,1,2003,3,0
7,07.EU.1C,1,2003,4,0
7,07.EU.1C,1,2004,1,0
7,07.EU.1C,1,2004,2,0
7,07.EU.1C,1,2004,3,15.441
7,07.EU.1C,1,2004,4,14.858
7,07.EU.1C,1,2005,1,0
7,07.EU.1C,1,2005,2,0
7,07.EU.1C,1,2005,3,0
7,07.EU.1C,1,2005,4,0
7,07.EU.1C,1,2006,1,0
7,07.EU.1C,1,2006,2,0
7,07.EU.1C,1,2006,3,0
7,07.EU.1C,1,2006,4,0
7,07.EU.1C,1,2007,1,0
7,07.EU.1C,1,2007,2,0.345
7,07.EU.1C,1,2007,3,0
7,07.EU.1C,1,2007,4,0
7,07.EU.1C,1,2008,1,0
7,07.EU.1C,1,2008,2,0
7,07.EU.1C,1,2008,3,0.557
7,07.EU.1C,1,2008,4,0
7,07.EU.1C,1,2009,1,0
7,07.EU.1C,1,2009,2,0
7,07.EU.1C,1,2009,3,0
7,07.EU.1C,1,2009,4,0
7,07.EU.1C,1,2010,1,0
7,07.EU.1C,1,2010,2,0
7,07.EU.1C,1,2010,3,0
7,07.EU.1C,1,2010,4,0
7,07.EU.1C,1,2011,1,0
7,07.EU.1C,1,2011,2,0
7,07.EU.1C,1,2011,3,0
7,07.EU.1C,1,2011,4,0
7,07.EU.1C,1,2012,1,0
7,07.EU.1C,1,2012,2,0
7,07.EU.1C,1,2012,3,0
7,07.EU.1C,1,2012,4,0
7,07.EU.1C,1,2013,1,0
7,07.EU.1C,1,2013,2,0
7,07.EU.1C,1,2013,3,0
7,07.EU.1C,1,2013,4,35.939
7,07.EU.1C,1,2014,1,14.888
7,07.EU.1C,1,2014,2,0
7,07.EU.1C,1,2014,3,0
7,07.EU.1C,1,2014,4,0
7,07.EU.1C,1,2015,1,0
7,07.EU.1C,1,2015,2,0
7,07.EU.1C,1,2015,3,0
7,07.EU.1C,1,2015,4,0
7,07.EU.1C,1,2016,1,0
7,07.EU.1C,1,2016,2,8.102
7,07.EU.1C,1,2016,3,0
7,07.EU.1C,1,2016,4,0
7,07.EU.1C,1,2017,1,45.321
7,07.EU.1C,1,2017,2,0
7,07.EU.1C,1,2017,3,0
7,07.EU.1C,1,2017,4,5.772
7,07.EU.1C,1,2018,1,59.721
7,07.EU.1C,1,2018,2,34.319
7,07.EU.1C,1,2018,3,6.361
7,07.EU.1C,1,2018,4,0
7,07.EU.1C,1,2019,1,65.793
7,07.EU.1C,1,2019,2,89.077
7,07.EU.1C,1,2019,3,8.606
7,07.EU.1C,1,2019,4,0
7,07.EU.1C,1,2020,1,27.3
7,07.EU.1C,1,2020,2,0
7,07.EU.1C,1,2020,3,0
7,07.EU.1C,1,2020,4,0
7,07.EU.1C,1,2021,1,43.837
7,07.EU.1C,1,2021,2,42.647
7,07.EU.1C,1,2021,3,0
7,07.EU.1C,1,2021,4,0
7,07.EU.1C,1,2022,1,2.777
7,07.EU.1C,1,2022,2,24.721
7,07.EU.1C,1,2022,3,0
7,07.EU.1C,1,2022,4,0
7,07.EU.1C,1,2023,1,98.088
7,07.EU.1C,1,2023,2,88.95
7,07.EU.1C,1,2023,3,3.874
7,07.EU.1C,1,2023,4,4.192
8,08.PICT.1N,1,1952,1,0
8,08.PICT.1N,1,1952,2,0
8,08.PICT.1N,1,1952,3,0
8,08.PICT.1N,1,1952,4,0
8,08.PICT.1N,1,1953,1,0
8,08.PICT.1N,1,1953,2,0
8,08.PICT.1N,1,1953,3,0
8,08.PICT.1N,1,1953,4,0
8,08.PICT.1N,1,1954,1,0
8,08.PICT.1N,1,1954,2,0
8,08.PICT.1N,1,1954,3,0
8,08.PICT.1N,1,1954,4,0
8,08.PICT.1N,1,1955,1,0
8,08.PICT.1N,1,1955,2,0
8,08.PICT.1N,1,1955,3,0
8,08.PICT.1N,1,1955,4,0
8,08.PICT.1N,1,1956,1,0
8,08.PICT.1N,1,1956,2,0
8,08.PICT.1N,1,1956,3,0
8,08.PICT.1N,1,1956,4,0
8,08.PICT.1N,1,1957,1,0
8,08.PICT.1N,1,1957,2,0
8,08.PICT.1N,1,1957,3,0
8,08.PICT.1N,1,1957,4,0
8,08.PICT.1N,1,1958,1,0
8,08.PICT.1N,1,1958,2,0
8,08.PICT.1N,1,1958,3,0
8,08.PICT.1N,1,1958,4,0
8,08.PICT.1N,1,1959,1,0
8,08.PICT.1N,1,1959,2,0
8,08.PICT.1N,1,1959,3,0
8,08.PICT.1N,1,1959,4,0
8,08.PICT.1N,1,1960,1,0
8,08.PICT.1N,1,1960,2,0
8,08.PICT.1N,1,1960,3,0
8,08.PICT.1N,1,1960,4,0
8,08.PICT.1N,1,1961,1,0
8,08.PICT.1N,1,1961,2,0
8,08.PICT.1N,1,1961,3,0
8,08.PICT.1N,1,1961,4,0
8,08.PICT.1N,1,1962,1,0
8,08.PICT.1N,1,1962,2,0
8,08.PICT.1N,1,1962,3,0
8,08.PICT.1N,1,1962,4,0
8,08.PICT.1N,1,1963,1,0
8,08.PICT.1N,1,1963,2,0
8,08.PICT.1N,1,1963,3,0
8,08.PICT.1N,1,1963,4,0
8,08.PICT.1N,1,1964,1,0
8,08.PICT.1N,1,1964,2,0
8,08.PICT.1N,1,1964,3,0
8,08.PICT.1N,1,1964,4,0
8,08.PICT.1N,1,1965,1,0
8,08.PICT.1N,1,1965,2,0
8,08.PICT.1N,1,1965,3,0
8,08.PICT.1N,1,1965,4,0
8,08.PICT.1N,1,1966,1,0
8,08.PICT.1N,1,1966,2,0
8,08.PICT.1N,1,1966,3,0
8,08.PICT.1N,1,1966,4,0
8,08.PICT.1N,1,1967,1,0
8,08.PICT.1N,1,1967,2,0
8,08.PICT.1N,1,1967,3,0
8,08.PICT.1N,1,1967,4,0
8,08.PICT.1N,1,1968,1,0
8,08.PICT.1N,1,1968,2,0
8,08.PICT.1N,1,1968,3,0
8,08.PICT.1N,1,1968,4,0
8,08.PICT.1N,1,1969,1,0
8,08.PICT.1N,1,1969,2,0
8,08.PICT.1N,1,1969,3,0
8,08.PICT.1N,1,1969,4,0
8,08.PICT.1N,1,1970,1,0
8,08.PICT.1N,1,1970,2,0
8,08.PICT.1N,1,1970,3,0
8,08.PICT.1N,1,1970,4,0
8,08.PICT.1N,1,1971,1,0
8,08.PICT.1N,1,1971,2,0
8,08.PICT.1N,1,1971,3,0
8,08.PICT.1N,1,1971,4,0
8,08.PICT.1N,1,1972,1,0
8,08.PICT.1N,1,1972,2,0
8,08.PICT.1N,1,1972,3,0
8,08.PICT.1N,1,1972,4,0
8,08.PICT.1N,1,1973,1,0
8,08.PICT.1N,1,1973,2,0
8,08.PICT.1N,1,1973,3,0
8,08.PICT.1N,1,1973,4,0
8,08.PICT.1N,1,1974,1,0
8,08.PICT.1N,1,1974,2,0
8,08.PICT.1N,1,1974,3,0
8,08.PICT.1N,1,1974,4,0
8,08.PICT.1N,1,1975,1,0
8,08.PICT.1N,1,1975,2,0
8,08.PICT.1N,1,1975,3,0
8,08.PICT.1N,1,1975,4,0
8,08.PICT.1N,1,1976,1,0
8,08.PICT.1N,1,1976,2,0
8,08.PICT.1N,1,1976,3,0
8,08.PICT.1N,1,1976,4,0
8,08.PICT.1N,1,1977,1,0
8,08.PICT.1N,1,1977,2,0
8,08.PICT.1N,1,1977,3,0
8,08.PICT.1N,1,1977,4,0
8,08.PICT.1N,1,1978,1,0
8,08.PICT.1N,1,1978,2,0
8,08.PICT.1N,1,1978,3,0
8,08.PICT.1N,1,1978,4,0
8,08.PICT.1N,1,1979,1,0
8,08.PICT.1N,1,1979,2,0
8,08.PICT.1N,1,1979,3,0
8,08.PICT.1N,1,1979,4,0
8,08.PICT.1N,1,1980,1,0
8,08.PICT.1N,1,1980,2,0
8,08.PICT.1N,1,1980,3,0
8,08.PICT.1N,1,1980,4,0
8,08.PICT.1N,1,1981,1,0
8,08.PICT.1N,1,1981,2,0
8,08.PICT.1N,1,1981,3,0
8,08.PICT.1N,1,1981,4,0
8,08.PICT.1N,1,1982,1,0
8,08.PICT.1N,1,1982,2,0
8,08.PICT.1N,1,1982,3,0
8,08.PICT.1N,1,1982,4,0
8,08.PICT.1N,1,1983,1,0
8,08.PICT.1N,1,1983,2,0
8,08.PICT.1N,1,1983,3,0
8,08.PICT.1N,1,1983,4,1.79582
8,08.PICT.1N,1,1984,1,0
8,08.PICT.1N,1,1984,2,0
8,08.PICT.1N,1,1984,3,0.537976
8,08.PICT.1N,1,1984,4,0
8,08.PICT.1N,1,1985,1,0
8,08.PICT.1N,1,1985,2,0.480574
8,08.PICT.1N,1,1985,3,0.0534724
8,08.PICT.1N,1,1985,4,1.66659
8,08.PICT.1N,1,1986,1,0
8,08.PICT.1N,1,1986,2,0
8,08.PICT.1N,1,1986,3,0.269174
8,08.PICT.1N,1,1986,4,1.03124
8,08.PICT.1N,1,1987,1,2.28838
8,08.PICT.1N,1,1987,2,0.432519
8,08.PICT.1N,1,1987,3,0.596309
8,08.PICT.1N,1,1987,4,3.76098
8,08.PICT.1N,1,1988,1,0.490541
8,08.PICT.1N,1,1988,2,0.107582
8,08.PICT.1N,1,1988,3,0.429476
8,08.PICT.1N,1,1988,4,0.376416
8,08.PICT.1N,1,1989,1,0.107158
8,08.PICT.1N,1,1989,2,0.263407
8,08.PICT.1N,1,1989,3,0.367256
8,08.PICT.1N,1,1989,4,0.0524781
8,08.PICT.1N,1,1990,1,0.207931
8,08.PICT.1N,1,1990,2,0.20172
8,08.PICT.1N,1,1990,3,0.298481
8,08.PICT.1N,1,1990,4,0
8,08.PICT.1N,1,1991,1,0.293199
8,08.PICT.1N,1,1991,2,0.62764
8,08.PICT.1N,1,1991,3,1.3082
8,08.PICT.1N,1,1991,4,0
8,08.PICT.1N,1,1992,1,0.0990673
8,08.PICT.1N,1,1992,2,0.841343
8,08.PICT.1N,1,1992,3,0.300028
8,08.PICT.1N,1,1992,4,0.658699
8,08.PICT.1N,1,1993,1,1.22655
8,08.PICT.1N,1,1993,2,1.12128
8,08.PICT.1N,1,1993,3,0
8,08.PICT.1N,1,1993,4,0.415499
8,08.PICT.1N,1,1994,1,0.0522565
8,08.PICT.1N,1,1994,2,0
8,08.PICT.1N,1,1994,3,1.45979
8,08.PICT.1N,1,1994,4,4.04441
8,08.PICT.1N,1,1995,1,0.687145
8,08.PICT.1N,1,1995,2,0.846514
8,08.PICT.1N,1,1995,3,0
8,08.PICT.1N,1,1995,4,1.19475
8,08.PICT.1N,1,1996,1,0.827432
8,08.PICT.1N,1,1996,2,1.11607
8,08.PICT.1N,1,1996,3,1.25047
8,08.PICT.1N,1,1996,4,0
8,08.PICT.1N,1,1997,1,0.117706
8,08.PICT.1N,1,1997,2,0.52896
8,08.PICT.1N,1,1997,3,0.649435
8,08.PICT.1N,1,1997,4,0.533202
8,08.PICT.1N,1,1998,1,1.35319
8,08.PICT.1N,1,1998,2,2.17936
8,08.PICT.1N,1,1998,3,11.1385
8,08.PICT.1N,1,1998,4,6.20592
8,08.PICT.1N,1,1999,1,16.7867
8,08.PICT.1N,1,1999,2,0.549122
8,08.PICT.1N,1,1999,3,1.70824
8,08.PICT.1N,1,1999,4,12.319
8,08.PICT.1N,1,2000,1,31.7341
8,08.PICT.1N,1,2000,2,28.7621
8,08.PICT.1N,1,2000,3,11.481
8,08.PICT.1N,1,2000,4,19.8283
8,08.PICT.1N,1,2001,1,18.4753
8,08.PICT.1N,1,2001,2,9.56133
8,08.PICT.1N,1,2001,3,8.97442
8,08.PICT.1N,1,2001,4,10.5339
8,08.PICT.1N,1,2002,1,12.3328
8,08.PICT.1N,1,2002,2,9.5896
8,08.PICT.1N,1,2002,3,18.3717
8,08.PICT.1N,1,2002,4,7.66593
8,08.PICT.1N,1,2003,1,8.50196
8,08.PICT.1N,1,2003,2,9.80223
8,08.PICT.1N,1,2003,3,5.68752
8,08.PICT.1N,1,2003,4,5.3553
8,08.PICT.1N,1,2004,1,5.13673
8,08.PICT.1N,1,2004,2,6.11242
8,08.PICT.1N,1,2004,3,4.05442
8,08.PICT.1N,1,2004,4,6.37738
8,08.PICT.1N,1,2005,1,11.2396
8,08.PICT.1N,1,2005,2,3.76968
8,08.PICT.1N,1,2005,3,2.91453
8,08.PICT.1N,1,2005,4,3.58572
8,08.PICT.1N,1,2006,1,2.63432
8,08.PICT.1N,1,2006,2,1.765
8,08.PICT.1N,1,2006,3,2.11422
8,08.PICT.1N,1,2006,4,4.11927
8,08.PICT.1N,1,2007,1,3.88372
8,08.PICT.1N,1,2007,2,8.66329
8,08.PICT.1N,1,2007,3,3.74349
8,08.PICT.1N,1,2007,4,3.82565
8,08.PICT.1N,1,2008,1,5.07684
8,08.PICT.1N,1,2008,2,5.42692
8,08.PICT.1N,1,2008,3,7.08805
8,08.PICT.1N,1,2008,4,11.6603
8,08.PICT.1N,1,2009,1,10.9477
8,08.PICT.1N,1,2009,2,16.1056
8,08.PICT.1N,1,2009,3,16.9361
8,08.PICT.1N,1,2009,4,14.5203
8,08.PICT.1N,1,2010,1,6.7552
8,08.PICT.1N,1,2010,2,12.1426
8,08.PICT.1N,1,2010,3,16.6049
8,08.PICT.1N,1,2010,4,18.2619
8,08.PICT.1N,1,2011,1,21.8819
8,08.PICT.1N,1,2011,2,23.6125
8,08.PICT.1N,1,2011,3,52.9496
8,08.PICT.1N,1,2011,4,39.5304
8,08.PICT.1N,1,2012,1,24.7556
8,08.PICT.1N,1,2012,2,31.7423
8,08.PICT.1N,1,2012,3,28.5928
8,08.PICT.1N,1,2012,4,45.1905
8,08.PICT.1N,1,2013,1,14.5838
8,08.PICT.1N,1,2013,2,11.154
8,08.PICT.1N,1,2013,3,13.4529
8,08.PICT.1N,1,2013,4,34.9078
8,08.PICT.1N,1,2014,1,56.5261
8,08.PICT.1N,1,2014,2,47.526
8,08.PICT.1N,1,2014,3,13.4308
8,08.PICT.1N,1,2014,4,28.045
8,08.PICT.1N,1,2015,1,16.3144
8,08.PICT.1N,1,2015,2,25.2196
8,08.PICT.1N,1,2015,3,25.0151
8,08.PICT.1N,1,2015,4,37.4055
8,08.PICT.1N,1,2016,1,10.6828
8,08.PICT.1N,1,2016,2,0.724287
8,08.PICT.1N,1,2016,3,1.51869
8,08.PICT.1N,1,2016,4,3.00515
8,08.PICT.1N,1,2017,1,2.89458
8,08.PICT.1N,1,2017,2,2.56268
8,08.PICT.1N,1,2017,3,3.41185
8,08.PICT.1N,1,2017,4,2.79944
8,08.PICT.1N,1,2018,1,22.3218
8,08.PICT.1N,1,2018,2,45.1629
8,08.PICT.1N,1,2018,3,52.8424
8,08.PICT.1N,1,2018,4,45.9313
8,08.PICT.1N,1,2019,1,18.3351
8,08.PICT.1N,1,2019,2,19.8909
8,08.PICT.1N,1,2019,3,14.6719
8,08.PICT.1N,1,2019,4,14.3511
8,08.PICT.1N,1,2020,1,7.01539
8,08.PICT.1N,1,2020,2,5.3709
8,08.PICT.1N,1,2020,3,4.42772
8,08.PICT.1N,1,2020,4,10.641
8,08.PICT.1N,1,2021,1,7.61906
8,08.PICT.1N,1,2021,2,6.49709
8,08.PICT.1N,1,2021,3,10.7014
8,08.PICT.1N,1,2021,4,8.95293
8,08.PICT.1N,1,2022,1,11.8653
8,08.PICT.1N,1,2022,2,12.1276
8,08.PICT.1N,1,2022,3,14.8034
8,08.PICT.1N,1,2022,4,18.8005
8,08.PICT.1N,1,2023,1,14.17
8,08.PICT.1N,1,2023,2,15.9606
8,08.PICT.1N,1,2023,3,21.674
8,08.PICT.1N,1,2023,4,14.614
9,09.PICT.1C,1,1952,1,0
9,09.PICT.1C,1,1952,2,0
9,09.PICT.1C,1,1952,3,0
9,09.PICT.1C,1,1952,4,0
9,09.PICT.1C,1,1953,1,0
9,09.PICT.1C,1,1953,2,0
9,09.PICT.1C,1,1953,3,0
9,09.PICT.1C,1,1953,4,0
9,09.PICT.1C,1,1954,1,0
9,09.PICT.1C,1,1954,2,0
9,09.PICT.1C,1,1954,3,0
9,09.PICT.1C,1,1954,4,0
9,09.PICT.1C,1,1955,1,0
9,09.PICT.1C,1,1955,2,0
9,09.PICT.1C,1,1955,3,0
9,09.PICT.1C,1,1955,4,0
9,09.PICT.1C,1,1956,1,0
9,09.PICT.1C,1,1956,2,0
9,09.PICT.1C,1,1956,3,0
9,09.PICT.1C,1,1956,4,0
9,09.PICT.1C,1,1957,1,0
9,09.PICT.1C,1,1957,2,0
9,09.PICT.1C,1,1957,3,0
9,09.PICT.1C,1,1957,4,0
9,09.PICT.1C,1,1958,1,0
9,09.PICT.1C,1,1958,2,0
9,09.PICT.1C,1,1958,3,0
9,09.PICT.1C,1,1958,4,0
9,09.PICT.1C,1,1959,1,0
9,09.PICT.1C,1,1959,2,0
9,09.PICT.1C,1,1959,3,0
9,09.PICT.1C,1,1959,4,0
9,09.PICT.1C,1,1960,1,0
9,09.PICT.1C,1,1960,2,0
9,09.PICT.1C,1,1960,3,0
9,09.PICT.1C,1,1960,4,0
9,09.PICT.1C,1,1961,1,0
9,09.PICT.1C,1,1961,2,0
9,09.PICT.1C,1,1961,3,0
9,09.PICT.1C,1,1961,4,0
9,09.PICT.1C,1,1962,1,0
9,09.PICT.1C,1,1962,2,0
9,09.PICT.1C,1,1962,3,0
9,09.PICT.1C,1,1962,4,0
9,09.PICT.1C,1,1963,1,0
9,09.PICT.1C,1,1963,2,0
9,09.PICT.1C,1,1963,3,0
9,09.PICT.1C,1,1963,4,0
9,09.PICT.1C,1,1964,1,0
9,09.PICT.1C,1,1964,2,0
9,09.PICT.1C,1,1964,3,0
9,09.PICT.1C,1,1964,4,0
9,09.PICT.1C,1,1965,1,0
9,09.PICT.1C,1,1965,2,0
9,09.PICT.1C,1,1965,3,0
9,09.PICT.1C,1,1965,4,0
9,09.PICT.1C,1,1966,1,0
9,09.PICT.1C,1,1966,2,0
9,09.PICT.1C,1,1966,3,0
9,09.PICT.1C,1,1966,4,0
9,09.PICT.1C,1,1967,1,0
9,09.PICT.1C,1,1967,2,0
9,09.PICT.1C,1,1967,3,0
9,09.PICT.1C,1,1967,4,0
9,09.PICT.1C,1,1968,1,0
9,09.PICT.1C,1,1968,2,0
9,09.PICT.1C,1,1968,3,0
9,09.PICT.1C,1,1968,4,0
9,09.PICT.1C,1,1969,1,0
9,09.PICT.1C,1,1969,2,0
9,09.PICT.1C,1,1969,3,0
9,09.PICT.1C,1,1969,4,0
9,09.PICT.1C,1,1970,1,0
9,09.PICT.1C,1,1970,2,0
9,09.PICT.1C,1,1970,3,0
9,09.PICT.1C,1,1970,4,0
9,09.PICT.1C,1,1971,1,0
9,09.PICT.1C,1,1971,2,0
9,09.PICT.1C,1,1971,3,0
9,09.PICT.1C,1,1971,4,0
9,09.PICT.1C,1,1972,1,0
9,09.PICT.1C,1,1972,2,0
9,09.PICT.1C,1,1972,3,0
9,09.PICT.1C,1,1972,4,0
9,09.PICT.1C,1,1973,1,0
9,09.PICT.1C,1,1973,2,0
9,09.PICT.1C,1,1973,3,0
9,09.PICT.1C,1,1973,4,0
9,09.PICT.1C,1,1974,1,0
9,09.PICT.1C,1,1974,2,0
9,09.PICT.1C,1,1974,3,0
9,09.PICT.1C,1,1974,4,0
9,09.PICT.1C,1,1975,1,0
9,09.PICT.1C,1,1975,2,0
9,09.PICT.1C,1,1975,3,0
9,09.PICT.1C,1,1975,4,0
9,09.PICT.1C,1,1976,1,0
9,09.PICT.1C,1,1976,2,0
9,09.PICT.1C,1,1976,3,0
9,09.PICT.1C,1,1976,4,0
9,09.PICT.1C,1,1977,1,0
9,09.PICT.1C,1,1977,2,0
9,09.PICT.1C,1,1977,3,0
9,09.PICT.1C,1,1977,4,0
9,09.PICT.1C,1,1978,1,0
9,09.PICT.1C,1,1978,2,0
9,09.PICT.1C,1,1978,3,0
9,09.PICT.1C,1,1978,4,0
9,09.PICT.1C,1,1979,1,0
9,09.PICT.1C,1,1979,2,0
9,09.PICT.1C,1,1979,3,0
9,09.PICT.1C,1,1979,4,0
9,09.PICT.1C,1,1980,1,0
9,09.PICT.1C,1,1980,2,0
9,09.PICT.1C,1,1980,3,0
9,09.PICT.1C,1,1980,4,0
9,09.PICT.1C,1,1981,1,0
9,09.PICT.1C,1,1981,2,0
9,09.PICT.1C,1,1981,3,0
9,09.PICT.1C,1,1981,4,0
9,09.PICT.1C,1,1982,1,0
9,09.PICT.1C,1,1982,2,0
9,09.PICT.1C,1,1982,3,0
9,09.PICT.1C,1,1982,4,0
9,09.PICT.1C,1,1983,1,0
9,09.PICT.1C,1,1983,2,0
9,09.PICT.1C,1,1983,3,0
9,09.PICT.1C,1,1983,4,0.923973
9,09.PICT.1C,1,1984,1,0
9,09.PICT.1C,1,1984,2,1.51349
9,09.PICT.1C,1,1984,3,5.20385
9,09.PICT.1C,1,1984,4,0.328392
9,09.PICT.1C,1,1985,1,0.457328
9,09.PICT.1C,1,1985,2,0.325689
9,09.PICT.1C,1,1985,3,1.89011
9,09.PICT.1C,1,1985,4,1.23719
9,09.PICT.1C,1,1986,1,2.27589
9,09.PICT.1C,1,1986,2,1.17207
9,09.PICT.1C,1,1986,3,4.51262
9,09.PICT.1C,1,1986,4,4.91636
9,09.PICT.1C,1,1987,1,0.590664
9,09.PICT.1C,1,1987,2,4.47489
9,09.PICT.1C,1,1987,3,2.11415
9,09.PICT.1C,1,1987,4,1.12297
9,09.PICT.1C,1,1988,1,1.51529
9,09.PICT.1C,1,1988,2,0
9,09.PICT.1C,1,1988,3,0.197273
9,09.PICT.1C,1,1988,4,1.11289
9,09.PICT.1C,1,1989,1,0
9,09.PICT.1C,1,1989,2,0.77659
9,09.PICT.1C,1,1989,3,0.258114
9,09.PICT.1C,1,1989,4,3.46145
9,09.PICT.1C,1,1990,1,0.127137
9,09.PICT.1C,1,1990,2,2.83814
9,09.PICT.1C,1,1990,3,3.87377
9,09.PICT.1C,1,1990,4,4.23044
9,09.PICT.1C,1,1991,1,0.299537
9,09.PICT.1C,1,1991,2,0.589146
9,09.PICT.1C,1,1991,3,1.52336
9,09.PICT.1C,1,1991,4,3.16867
9,09.PICT.1C,1,1992,1,0.236406
9,09.PICT.1C,1,1992,2,0.239149
9,09.PICT.1C,1,1992,3,0.544844
9,09.PICT.1C,1,1992,4,3.22987
9,09.PICT.1C,1,1993,1,1.22204
9,09.PICT.1C,1,1993,2,4.72153
9,09.PICT.1C,1,1993,3,0
9,09.PICT.1C,1,1993,4,0.123897
9,09.PICT.1C,1,1994,1,0
9,09.PICT.1C,1,1994,2,0
9,09.PICT.1C,1,1994,3,0.62891
9,09.PICT.1C,1,1994,4,0.315126
9,09.PICT.1C,1,1995,1,1.82704
9,09.PICT.1C,1,1995,2,1.32635
9,09.PICT.1C,1,1995,3,1.33687
9,09.PICT.1C,1,1995,4,1.99359
9,09.PICT.1C,1,1996,1,1.43163
9,09.PICT.1C,1,1996,2,0.330255
9,09.PICT.1C,1,1996,3,0.470762
9,09.PICT.1C,1,1996,4,8.0776
9,09.PICT.1C,1,1997,1,1.94956
9,09.PICT.1C,1,1997,2,0.848765
9,09.PICT.1C,1,1997,3,4.57996
9,09.PICT.1C,1,1997,4,0.573417
9,09.PICT.1C,1,1998,1,0.49875
9,09.PICT.1C,1,1998,2,0.282584
9,09.PICT.1C,1,1998,3,2.23932
9,09.PICT.1C,1,1998,4,6.5448
9,09.PICT.1C,1,1999,1,1.82513
9,09.PICT.1C,1,1999,2,1.53335
9,09.PICT.1C,1,1999,3,0.863872
9,09.PICT.1C,1,1999,4,2.47207
9,09.PICT.1C,1,2000,1,1.48694
9,09.PICT.1C,1,2000,2,2.53839
9,09.PICT.1C,1,2000,3,1.81028
9,09.PICT.1C,1,2000,4,1.12368
9,09.PICT.1C,1,2001,1,0.493091
9,09.PICT.1C,1,2001,2,2.25145
9,09.PICT.1C,1,2001,3,2.65397
9,09.PICT.1C,1,2001,4,1.77816
9,09.PICT.1C,1,2002,1,0.730563
9,09.PICT.1C,1,2002,2,0.453259
9,09.PICT.1C,1,2002,3,2.42588
9,09.PICT.1C,1,2002,4,0.253703
9,09.PICT.1C,1,2003,1,0.38034
9,09.PICT.1C,1,2003,2,0.700032
9,09.PICT.1C,1,2003,3,1.27942
9,09.PICT.1C,1,2003,4,6.51942
9,09.PICT.1C,1,2004,1,1.20803
9,09.PICT.1C,1,2004,2,2.46684
9,09.PICT.1C,1,2004,3,0.881416
9,09.PICT.1C,1,2004,4,1.93152
9,09.PICT.1C,1,2005,1,0.737865
9,09.PICT.1C,1,2005,2,0.486545
9,09.PICT.1C,1,2005,3,1.26689
9,09.PICT.1C,1,2005,4,1.19178
9,09.PICT.1C,1,2006,1,0.587628
9,09.PICT.1C,1,2006,2,2.0332
9,09.PICT.1C,1,2006,3,0.690135
9,09.PICT.1C,1,2006,4,0.508982
9,09.PICT.1C,1,2007,1,1.05396
9,09.PICT.1C,1,2007,2,8.61191
9,09.PICT.1C,1,2007,3,1.70399
9,09.PICT.1C,1,2007,4,0.389128
9,09.PICT.1C,1,2008,1,0.678933
9,09.PICT.1C,1,2008,2,1.38442
9,09.PICT.1C,1,2008,3,1.98923
9,09.PICT.1C,1,2008,4,2.04633
9,09.PICT.1C,1,2009,1,0.92574
9,09.PICT.1C,1,2009,2,1.03081
9,09.PICT.1C,1,2009,3,1.3086
9,09.PICT.1C,1,2009,4,0.169263
9,09.PICT.1C,1,2010,1,0.727698
9,09.PICT.1C,1,2010,2,1.61883
9,09.PICT.1C,1,2010,3,0.167883
9,09.PICT.1C,1,2010,4,0.728383
9,09.PICT.1C,1,2011,1,0.953514
9,09.PICT.1C,1,2011,2,0.620432
9,09.PICT.1C,1,2011,3,0.627613
9,09.PICT.1C,1,2011,4,1.84935
9,09.PICT.1C,1,2012,1,0.995847
9,09.PICT.1C,1,2012,2,2.0812
9,09.PICT.1C,1,2012,3,1.75055
9,09.PICT.1C,1,2012,4,0.670262
9,09.PICT.1C,1,2013,1,1.5313
9,09.PICT.1C,1,2013,2,1.97171
9,09.PICT.1C,1,2013,3,0.621472
9,09.PICT.1C,1,2013,4,1.06428
9,09.PICT.1C,1,2014,1,1.76432
9,09.PICT.1C,1,2014,2,2.2275
9,09.PICT.1C,1,2014,3,1.94106
9,09.PICT.1C,1,2014,4,0.793243
9,09.PICT.1C,1,2015,1,1.82928
9,09.PICT.1C,1,2015,2,4.51462
9,09.PICT.1C,1,2015,3,2.83697
9,09.PICT.1C,1,2015,4,5.4484
9,09.PICT.1C,1,2016,1,2.0834
9,09.PICT.1C,1,2016,2,1.58101
9,09.PICT.1C,1,2016,3,2.09173
9,09.PICT.1C,1,2016,4,1.37889
9,09.PICT.1C,1,2017,1,1.31684
9,09.PICT.1C,1,2017,2,3.24697
9,09.PICT.1C,1,2017,3,1.33699
9,09.PICT.1C,1,2017,4,1.55715
9,09.PICT.1C,1,2018,1,0.808796
9,09.PICT.1C,1,2018,2,2.4751
9,09.PICT.1C,1,2018,3,0.937591
9,09.PICT.1C,1,2018,4,1.851
9,09.PICT.1C,1,2019,1,0.561002
9,09.PICT.1C,1,2019,2,1.03418
9,09.PICT.1C,1,2019,3,2.9633
9,09.PICT.1C,1,2019,4,2.71944
9,09.PICT.1C,1,2020,1,1.48289
9,09.PICT.1C,1,2020,2,6.06228
9,09.PICT.1C,1,2020,3,4.52725
9,09.PICT.1C,1,2020,4,2.34677
9,09.PICT.1C,1,2021,1,1.19494
9,09.PICT.1C,1,2021,2,2.79811
9,09.PICT.1C,1,2021,3,4.5703
9,09.PICT.1C,1,2021,4,0.765668
9,09.PICT.1C,1,2022,1,1.20259
9,09.PICT.1C,1,2022,2,2.14827
9,09.PICT.1C,1,2022,3,1.49596
9,09.PICT.1C,1,2022,4,1.1246
9,09.PICT.1C,1,2023,1,0.620473
9,09.PICT.1C,1,2023,2,2.82998
9,09.PICT.1C,1,2023,3,4.76697
9,09.PICT.1C,1,2023,4,2.29912
10,10.DW.2N,2,1952,1,0
10,10.DW.2N,2,1952,2,0
10,10.DW.2N,2,1952,3,0.284795
10,10.DW.2N,2,1952,4,0
10,10.DW.2N,2,1953,1,0.431435
10,10.DW.2N,2,1953,2,0.141913
10,10.DW.2N,2,1953,3,0.427188
10,10.DW.2N,2,1953,4,0.430798
10,10.DW.2N,2,1954,1,1.24635
10,10.DW.2N,2,1954,2,3.50046
10,10.DW.2N,2,1954,3,3.98685
10,10.DW.2N,2,1954,4,9.33253
10,10.DW.2N,2,1955,1,9.34481
10,10.DW.2N,2,1955,2,66.0545
10,10.DW.2N,2,1955,3,9.77148
10,10.DW.2N,2,1955,4,18.6505
10,10.DW.2N,2,1956,1,6.89527
10,10.DW.2N,2,1956,2,11.7172
10,10.DW.2N,2,1956,3,25.4537
10,10.DW.2N,2,1956,4,11.5639
10,10.DW.2N,2,1957,1,13.8266
10,10.DW.2N,2,1957,2,7.97793
10,10.DW.2N,2,1957,3,26.382
10,10.DW.2N,2,1957,4,30.2808
10,10.DW.2N,2,1958,1,8.89617
10,10.DW.2N,2,1958,2,17.0374
10,10.DW.2N,2,1958,3,49.5287
10,10.DW.2N,2,1958,4,18.4761
10,10.DW.2N,2,1959,1,92.268
10,10.DW.2N,2,1959,2,25.9436
10,10.DW.2N,2,1959,3,13.2016
10,10.DW.2N,2,1959,4,27.4766
10,10.DW.2N,2,1960,1,5.49335
10,10.DW.2N,2,1960,2,15.3184
10,10.DW.2N,2,1960,3,15.6038
10,10.DW.2N,2,1960,4,28.0806
10,10.DW.2N,2,1961,1,20.9128
10,10.DW.2N,2,1961,2,18.2327
10,10.DW.2N,2,1961,3,17.5807
10,10.DW.2N,2,1961,4,68.5126
10,10.DW.2N,2,1962,1,29.1045
10,10.DW.2N,2,1962,2,9.745
10,10.DW.2N,2,1962,3,23.7126
10,10.DW.2N,2,1962,4,48.1615
10,10.DW.2N,2,1963,1,56.965
10,10.DW.2N,2,1963,2,36.5299
10,10.DW.2N,2,1963,3,42.4615
10,10.DW.2N,2,1963,4,97.4966
10,10.DW.2N,2,1964,1,36.8682
10,10.DW.2N,2,1964,2,20.1889
10,10.DW.2N,2,1964,3,16.8578
10,10.DW.2N,2,1964,4,24.8591
10,10.DW.2N,2,1965,1,32.1467
10,10.DW.2N,2,1965,2,37.3689
10,10.DW.2N,2,1965,3,29.9874
10,10.DW.2N,2,1965,4,34.8607
10,10.DW.2N,2,1966,1,52.3694
10,10.DW.2N,2,1966,2,47.5778
10,10.DW.2N,2,1966,3,20.2993
10,10.DW.2N,2,1966,4,49.8343
10,10.DW.2N,2,1967,1,27.2651
10,10.DW.2N,2,1967,2,25.1112
10,10.DW.2N,2,1967,3,19.433
10,10.DW.2N,2,1967,4,104.391
10,10.DW.2N,2,1968,1,68.0115
10,10.DW.2N,2,1968,2,36.6481
10,10.DW.2N,2,1968,3,6.03289
10,10.DW.2N,2,1968,4,19.3442
10,10.DW.2N,2,1969,1,34.7039
10,10.DW.2N,2,1969,2,35.3676
10,10.DW.2N,2,1969,3,5.79491
10,10.DW.2N,2,1969,4,17.9124
10,10.DW.2N,2,1970,1,22.2292
10,10.DW.2N,2,1970,2,14.6107
10,10.DW.2N,2,1970,3,18.2918
10,10.DW.2N,2,1970,4,21.5419
10,10.DW.2N,2,1971,1,25.4852
10,10.DW.2N,2,1971,2,15.2684
10,10.DW.2N,2,1971,3,14.1323
10,10.DW.2N,2,1971,4,18.4808
10,10.DW.2N,2,1972,1,22.986
10,10.DW.2N,2,1972,2,10.2805
10,10.DW.2N,2,1972,3,35.4447
10,10.DW.2N,2,1972,4,21.7395
10,10.DW.2N,2,1973,1,17.1188
10,10.DW.2N,2,1973,2,14.501
10,10.DW.2N,2,1973,3,12.8553
10,10.DW.2N,2,1973,4,20.8527
10,10.DW.2N,2,1974,1,44.6359
10,10.DW.2N,2,1974,2,11.4578
10,10.DW.2N,2,1974,3,46.0301
10,10.DW.2N,2,1974,4,42.4834
10,10.DW.2N,2,1975,1,52.1251
10,10.DW.2N,2,1975,2,29.5005
10,10.DW.2N,2,1975,3,49.3051
10,10.DW.2N,2,1975,4,155.052
10,10.DW.2N,2,1976,1,76.537
10,10.DW.2N,2,1976,2,38.1546
10,10.DW.2N,2,1976,3,128.244
10,10.DW.2N,2,1976,4,113.545
10,10.DW.2N,2,1977,1,52.1286
10,10.DW.2N,2,1977,2,30.3946
10,10.DW.2N,2,1977,3,76.7432
10,10.DW.2N,2,1977,4,73.2286
10,10.DW.2N,2,1978,1,74.8395
10,10.DW.2N,2,1978,2,17.2124
10,10.DW.2N,2,1978,3,44.7518
10,10.DW.2N,2,1978,4,97.2953
10,10.DW.2N,2,1979,1,75.5329
10,10.DW.2N,2,1979,2,39.8878
10,10.DW.2N,2,1979,3,58.3877
10,10.DW.2N,2,1979,4,205.406
10,10.DW.2N,2,1980,1,96.2468
10,10.DW.2N,2,1980,2,52.2163
10,10.DW.2N,2,1980,3,151.729
10,10.DW.2N,2,1980,4,97.1302
10,10.DW.2N,2,1981,1,73.4294
10,10.DW.2N,2,1981,2,41.2273
10,10.DW.2N,2,1981,3,66.0549
10,10.DW.2N,2,1981,4,206.219
10,10.DW.2N,2,1982,1,65.663
10,10.DW.2N,2,1982,2,83.5104
10,10.DW.2N,2,1982,3,85.7639
10,10.DW.2N,2,1982,4,67.2258
10,10.DW.2N,2,1983,1,42.7101
10,10.DW.2N,2,1983,2,14.1204
10,10.DW.2N,2,1983,3,42.0681
10,10.DW.2N,2,1983,4,114.943
10,10.DW.2N,2,1984,1,63.7893
10,10.DW.2N,2,1984,2,43.3625
10,10.DW.2N,2,1984,3,74.6254
10,10.DW.2N,2,1984,4,122.754
10,10.DW.2N,2,1985,1,116.99
10,10.DW.2N,2,1985,2,75.7093
10,10.DW.2N,2,1985,3,100.217
10,10.DW.2N,2,1985,4,206.802
10,10.DW.2N,2,1986,1,88.5377
10,10.DW.2N,2,1986,2,39.9896
10,10.DW.2N,2,1986,3,102.747
10,10.DW.2N,2,1986,4,147.259
10,10.DW.2N,2,1987,1,50.6988
10,10.DW.2N,2,1987,2,35.8141
10,10.DW.2N,2,1987,3,146.402
10,10.DW.2N,2,1987,4,164.914
10,10.DW.2N,2,1988,1,142.912
10,10.DW.2N,2,1988,2,120.294
10,10.DW.2N,2,1988,3,218.173
10,10.DW.2N,2,1988,4,345.577
10,10.DW.2N,2,1989,1,252.167
10,10.DW.2N,2,1989,2,70.9019
10,10.DW.2N,2,1989,3,112.936
10,10.DW.2N,2,1989,4,205.76
10,10.DW.2N,2,1990,1,73.38
10,10.DW.2N,2,1990,2,80.8005
10,10.DW.2N,2,1990,3,166.1
10,10.DW.2N,2,1990,4,222.004
10,10.DW.2N,2,1991,1,73.3453
10,10.DW.2N,2,1991,2,68.5373
10,10.DW.2N,2,1991,3,146.05
10,10.DW.2N,2,1991,4,171.385
10,10.DW.2N,2,1992,1,41.8052
10,10.DW.2N,2,1992,2,53.4842
10,10.DW.2N,2,1992,3,198.249
10,10.DW.2N,2,1992,4,283.725
10,10.DW.2N,2,1993,1,128.176
10,10.DW.2N,2,1993,2,75.8576
10,10.DW.2N,2,1993,3,208.533
10,10.DW.2N,2,1993,4,230.399
10,10.DW.2N,2,1994,1,120.312
10,10.DW.2N,2,1994,2,135.492
10,10.DW.2N,2,1994,3,300.936
10,10.DW.2N,2,1994,4,296.818
10,10.DW.2N,2,1995,1,71.4949
10,10.DW.2N,2,1995,2,61.2138
10,10.DW.2N,2,1995,3,224.509
10,10.DW.2N,2,1995,4,298.169
10,10.DW.2N,2,1996,1,150.796
10,10.DW.2N,2,1996,2,150.033
10,10.DW.2N,2,1996,3,238.497
10,10.DW.2N,2,1996,4,198.395
10,10.DW.2N,2,1997,1,97.7362
10,10.DW.2N,2,1997,2,109.726
10,10.DW.2N,2,1997,3,216.581
10,10.DW.2N,2,1997,4,177.878
10,10.DW.2N,2,1998,1,55.1113
10,10.DW.2N,2,1998,2,153.826
10,10.DW.2N,2,1998,3,357.506
10,10.DW.2N,2,1998,4,476.611
10,10.DW.2N,2,1999,1,229.977
10,10.DW.2N,2,1999,2,271.426
10,10.DW.2N,2,1999,3,421.891
10,10.DW.2N,2,1999,4,414.213
10,10.DW.2N,2,2000,1,710.677
10,10.DW.2N,2,2000,2,379.429
10,10.DW.2N,2,2000,3,405.441
10,10.DW.2N,2,2000,4,249.134
10,10.DW.2N,2,2001,1,720.247
10,10.DW.2N,2,2001,2,363.241
10,10.DW.2N,2,2001,3,410.748
10,10.DW.2N,2,2001,4,382.893
10,10.DW.2N,2,2002,1,333.533
10,10.DW.2N,2,2002,2,366.678
10,10.DW.2N,2,2002,3,665.088
10,10.DW.2N,2,2002,4,909.336
10,10.DW.2N,2,2003,1,486.585
10,10.DW.2N,2,2003,2,401.065
10,10.DW.2N,2,2003,3,687.726
10,10.DW.2N,2,2003,4,448.089
10,10.DW.2N,2,2004,1,666.486
10,10.DW.2N,2,2004,2,416.264
10,10.DW.2N,2,2004,3,773.729
10,10.DW.2N,2,2004,4,799.101
10,10.DW.2N,2,2005,1,424.957
10,10.DW.2N,2,2005,2,258.992
10,10.DW.2N,2,2005,3,445.866
10,10.DW.2N,2,2005,4,427.073
10,10.DW.2N,2,2006,1,356.801
10,10.DW.2N,2,2006,2,370.4
10,10.DW.2N,2,2006,3,629.639
10,10.DW.2N,2,2006,4,799.906
10,10.DW.2N,2,2007,1,484.469
10,10.DW.2N,2,2007,2,367.521
10,10.DW.2N,2,2007,3,537.63
10,10.DW.2N,2,2007,4,559.01
10,10.DW.2N,2,2008,1,651.117
10,10.DW.2N,2,2008,2,412.358
10,10.DW.2N,2,2008,3,735.722
10,10.DW.2N,2,2008,4,942.013
10,10.DW.2N,2,2009,1,577.427
10,10.DW.2N,2,2009,2,541.513
10,10.DW.2N,2,2009,3,773.168
10,10.DW.2N,2,2009,4,1120.49
10,10.DW.2N,2,2010,1,517.837
10,10.DW.2N,2,2010,2,292.775
10,10.DW.2N,2,2010,3,534.174
10,10.DW.2N,2,2010,4,819.924
10,10.DW.2N,2,2011,1,575.665
10,10.DW.2N,2,2011,2,450.169
10,10.DW.2N,2,2011,3,774.079
10,10.DW.2N,2,2011,4,1249.36
10,10.DW.2N,2,2012,1,729.596
10,10.DW.2N,2,2012,2,652.467
10,10.DW.2N,2,2012,3,690.067
10,10.DW.2N,2,2012,4,1051.56
10,10.DW.2N,2,2013,1,613.217
10,10.DW.2N,2,2013,2,461.573
10,10.DW.2N,2,2013,3,901.179
10,10.DW.2N,2,2013,4,1231.08
10,10.DW.2N,2,2014,1,788.654
10,10.DW.2N,2,2014,2,605.415
10,10.DW.2N,2,2014,3,1026.79
10,10.DW.2N,2,2014,4,1366.33
10,10.DW.2N,2,2015,1,578.683
10,10.DW.2N,2,2015,2,598.205
10,10.DW.2N,2,2015,3,1304.71
10,10.DW.2N,2,2015,4,1179.06
10,10.DW.2N,2,2016,1,347.089
10,10.DW.2N,2,2016,2,319.065
10,10.DW.2N,2,2016,3,873.219
10,10.DW.2N,2,2016,4,1270.12
10,10.DW.2N,2,2017,1,478.581
10,10.DW.2N,2,2017,2,283.385
10,10.DW.2N,2,2017,3,761.368
10,10.DW.2N,2,2017,4,1220.84
10,10.DW.2N,2,2018,1,609.498
10,10.DW.2N,2,2018,2,332.606
10,10.DW.2N,2,2018,3,981.513
10,10.DW.2N,2,2018,4,1037.93
10,10.DW.2N,2,2019,1,353.166
10,10.DW.2N,2,2019,2,153.151
10,10.DW.2N,2,2019,3,563.967
10,10.DW.2N,2,2019,4,864.662
10,10.DW.2N,2,2020,1,308.215
10,10.DW.2N,2,2020,2,167.509
10,10.DW.2N,2,2020,3,379.817
10,10.DW.2N,2,2020,4,587.221
10,10.DW.2N,2,2021,1,285.433
10,10.DW.2N,2,2021,2,157.915
10,10.DW.2N,2,2021,3,330.68
10,10.DW.2N,2,2021,4,677.741
10,10.DW.2N,2,2022,1,202.896
10,10.DW.2N,2,2022,2,189.436
10,10.DW.2N,2,2022,3,452.491
10,10.DW.2N,2,2022,4,769.39
10,10.DW.2N,2,2023,1,324.063
10,10.DW.2N,2,2023,2,188.454
10,10.DW.2N,2,2023,3,389.951
10,10.DW.2N,2,2023,4,544.969
11,11.DW.2C,2,1952,1,0
11,11.DW.2C,2,1952,2,0
11,11.DW.2C,2,1952,3,0
11,11.DW.2C,2,1952,4,0
11,11.DW.2C,2,1953,1,0
11,11.DW.2C,2,1953,2,0
11,11.DW.2C,2,1953,3,0
11,11.DW.2C,2,1953,4,0
11,11.DW.2C,2,1954,1,0
11,11.DW.2C,2,1954,2,0
11,11.DW.2C,2,1954,3,31.0641
11,11.DW.2C,2,1954,4,45.9631
11,11.DW.2C,2,1955,1,67.7908
11,11.DW.2C,2,1955,2,1.43347
11,11.DW.2C,2,1955,3,120.976
11,11.DW.2C,2,1955,4,77.3318
11,11.DW.2C,2,1956,1,0.398191
11,11.DW.2C,2,1956,2,1.43295
11,11.DW.2C,2,1956,3,101.898
11,11.DW.2C,2,1956,4,160.161
11,11.DW.2C,2,1957,1,0
11,11.DW.2C,2,1957,2,0.159123
11,11.DW.2C,2,1957,3,38.1891
11,11.DW.2C,2,1957,4,30.7905
11,11.DW.2C,2,1958,1,4.77356
11,11.DW.2C,2,1958,2,0.795293
11,11.DW.2C,2,1958,3,112.854
11,11.DW.2C,2,1958,4,67.2032
11,11.DW.2C,2,1959,1,4.69236
11,11.DW.2C,2,1959,2,8.66615
11,11.DW.2C,2,1959,3,230.947
11,11.DW.2C,2,1959,4,45.5485
11,11.DW.2C,2,1960,1,0.715362
11,11.DW.2C,2,1960,2,7.54785
11,11.DW.2C,2,1960,3,205.522
11,11.DW.2C,2,1960,4,4.13078
11,11.DW.2C,2,1961,1,0
11,11.DW.2C,2,1961,2,28.3473
11,11.DW.2C,2,1961,3,293.607
11,11.DW.2C,2,1961,4,52.1589
11,11.DW.2C,2,1962,1,0.555716
11,11.DW.2C,2,1962,2,4.12625
11,11.DW.2C,2,1962,3,54.9065
11,11.DW.2C,2,1962,4,21.186
11,11.DW.2C,2,1963,1,4.84048
11,11.DW.2C,2,1963,2,69.6479
11,11.DW.2C,2,1963,3,52.8322
11,11.DW.2C,2,1963,4,81.7152
11,11.DW.2C,2,1964,1,6.98173
11,11.DW.2C,2,1964,2,17.7651
11,11.DW.2C,2,1964,3,35.8474
11,11.DW.2C,2,1964,4,17.7658
11,11.DW.2C,2,1965,1,0.872449
11,11.DW.2C,2,1965,2,16.1747
11,11.DW.2C,2,1965,3,70.3313
11,11.DW.2C,2,1965,4,37.7452
11,11.DW.2C,2,1966,1,1.18952
11,11.DW.2C,2,1966,2,65.4024
11,11.DW.2C,2,1966,3,219.662
11,11.DW.2C,2,1966,4,38.2083
11,11.DW.2C,2,1967,1,6.2624
11,11.DW.2C,2,1967,2,127.486
11,11.DW.2C,2,1967,3,207.394
11,11.DW.2C,2,1967,4,28.4395
11,11.DW.2C,2,1968,1,5.62483
11,11.DW.2C,2,1968,2,62.0781
11,11.DW.2C,2,1968,3,140.672
11,11.DW.2C,2,1968,4,8.07411
11,11.DW.2C,2,1969,1,35.7784
11,11.DW.2C,2,1969,2,58.8478
11,11.DW.2C,2,1969,3,287.148
11,11.DW.2C,2,1969,4,9.01245
11,11.DW.2C,2,1970,1,29.0156
11,11.DW.2C,2,1970,2,59.2707
11,11.DW.2C,2,1970,3,147.539
11,11.DW.2C,2,1970,4,23.9491
11,11.DW.2C,2,1971,1,113.049
11,11.DW.2C,2,1971,2,111.738
11,11.DW.2C,2,1971,3,255.182
11,11.DW.2C,2,1971,4,45.6956
11,11.DW.2C,2,1972,1,59.5199
11,11.DW.2C,2,1972,2,100.241
11,11.DW.2C,2,1972,3,367.461
11,11.DW.2C,2,1972,4,17.974
11,11.DW.2C,2,1973,1,21.0536
11,11.DW.2C,2,1973,2,188.577
11,11.DW.2C,2,1973,3,118.507
11,11.DW.2C,2,1973,4,4.57438
11,11.DW.2C,2,1974,1,64.1382
11,11.DW.2C,2,1974,2,197.649
11,11.DW.2C,2,1974,3,160.437
11,11.DW.2C,2,1974,4,19.0153
11,11.DW.2C,2,1975,1,67.7159
11,11.DW.2C,2,1975,2,134.135
11,11.DW.2C,2,1975,3,87.5958
11,11.DW.2C,2,1975,4,4.8949
11,11.DW.2C,2,1976,1,63.578
11,11.DW.2C,2,1976,2,225.633
11,11.DW.2C,2,1976,3,215.211
11,11.DW.2C,2,1976,4,27.2457
11,11.DW.2C,2,1977,1,41.3128
11,11.DW.2C,2,1977,2,166.705
11,11.DW.2C,2,1977,3,50.1529
11,11.DW.2C,2,1977,4,10.8238
11,11.DW.2C,2,1978,1,13.9089
11,11.DW.2C,2,1978,2,22.9947
11,11.DW.2C,2,1978,3,47.5836
11,11.DW.2C,2,1978,4,8.85642
11,11.DW.2C,2,1979,1,3.55985
11,11.DW.2C,2,1979,2,210.943
11,11.DW.2C,2,1979,3,313.393
11,11.DW.2C,2,1979,4,10.1288
11,11.DW.2C,2,1980,1,16.3085
11,11.DW.2C,2,1980,2,154.72
11,11.DW.2C,2,1980,3,289.255
11,11.DW.2C,2,1980,4,40.7678
11,11.DW.2C,2,1981,1,106.016
11,11.DW.2C,2,1981,2,402.425
11,11.DW.2C,2,1981,3,351.027
11,11.DW.2C,2,1981,4,46.4129
11,11.DW.2C,2,1982,1,147
11,11.DW.2C,2,1982,2,385.979
11,11.DW.2C,2,1982,3,273.798
11,11.DW.2C,2,1982,4,38.6887
11,11.DW.2C,2,1983,1,68.3603
11,11.DW.2C,2,1983,2,232.125
11,11.DW.2C,2,1983,3,214.905
11,11.DW.2C,2,1983,4,0.945868
11,11.DW.2C,2,1984,1,40.5125
11,11.DW.2C,2,1984,2,186.251
11,11.DW.2C,2,1984,3,201.486
11,11.DW.2C,2,1984,4,18.5646
11,11.DW.2C,2,1985,1,19.334
11,11.DW.2C,2,1985,2,172.992
11,11.DW.2C,2,1985,3,213.678
11,11.DW.2C,2,1985,4,3.677
11,11.DW.2C,2,1986,1,119.603
11,11.DW.2C,2,1986,2,459.124
11,11.DW.2C,2,1986,3,272.465
11,11.DW.2C,2,1986,4,23.5293
11,11.DW.2C,2,1987,1,145.702
11,11.DW.2C,2,1987,2,399.888
11,11.DW.2C,2,1987,3,266.704
11,11.DW.2C,2,1987,4,4.32752
11,11.DW.2C,2,1988,1,18.7539
11,11.DW.2C,2,1988,2,727.743
11,11.DW.2C,2,1988,3,216.065
11,11.DW.2C,2,1988,4,4.64411
11,11.DW.2C,2,1989,1,29.7885
11,11.DW.2C,2,1989,2,269.002
11,11.DW.2C,2,1989,3,137.596
11,11.DW.2C,2,1989,4,11.7489
11,11.DW.2C,2,1990,1,20.0697
11,11.DW.2C,2,1990,2,70.5897
11,11.DW.2C,2,1990,3,475.639
11,11.DW.2C,2,1990,4,34.4818
11,11.DW.2C,2,1991,1,15.1071
11,11.DW.2C,2,1991,2,197.525
11,11.DW.2C,2,1991,3,235.009
11,11.DW.2C,2,1991,4,9.38142
11,11.DW.2C,2,1992,1,77.6999
11,11.DW.2C,2,1992,2,304.92
11,11.DW.2C,2,1992,3,106.997
11,11.DW.2C,2,1992,4,18.9855
11,11.DW.2C,2,1993,1,34.5981
11,11.DW.2C,2,1993,2,114.164
11,11.DW.2C,2,1993,3,43.0753
11,11.DW.2C,2,1993,4,2.74709
11,11.DW.2C,2,1994,1,49.4454
11,11.DW.2C,2,1994,2,307.434
11,11.DW.2C,2,1994,3,68.0888
11,11.DW.2C,2,1994,4,20.8958
11,11.DW.2C,2,1995,1,82.8471
11,11.DW.2C,2,1995,2,84.542
11,11.DW.2C,2,1995,3,56.4222
11,11.DW.2C,2,1995,4,2.29074
11,11.DW.2C,2,1996,1,11.6722
11,11.DW.2C,2,1996,2,137.896
11,11.DW.2C,2,1996,3,118.413
11,11.DW.2C,2,1996,4,2.36793
11,11.DW.2C,2,1997,1,32.4491
11,11.DW.2C,2,1997,2,218.891
11,11.DW.2C,2,1997,3,60.345
11,11.DW.2C,2,1997,4,4.97482
11,11.DW.2C,2,1998,1,11.7047
11,11.DW.2C,2,1998,2,110.251
11,11.DW.2C,2,1998,3,270.691
11,11.DW.2C,2,1998,4,1.67753
11,11.DW.2C,2,1999,1,9.17529
11,11.DW.2C,2,1999,2,51.549
11,11.DW.2C,2,1999,3,86.5453
11,11.DW.2C,2,1999,4,8.33243
11,11.DW.2C,2,2000,1,36.7952
11,11.DW.2C,2,2000,2,135.07
11,11.DW.2C,2,2000,3,21.9503
11,11.DW.2C,2,2000,4,7.12366
11,11.DW.2C,2,2001,1,19.0425
11,11.DW.2C,2,2001,2,121.637
11,11.DW.2C,2,2001,3,105.906
11,11.DW.2C,2,2001,4,15.352
11,11.DW.2C,2,2002,1,48.1196
11,11.DW.2C,2,2002,2,101.414
11,11.DW.2C,2,2002,3,179.192
11,11.DW.2C,2,2002,4,31.0101
11,11.DW.2C,2,2003,1,84.7563
11,11.DW.2C,2,2003,2,296.282
11,11.DW.2C,2,2003,3,579.388
11,11.DW.2C,2,2003,4,31.6325
11,11.DW.2C,2,2004,1,19.4296
11,11.DW.2C,2,2004,2,268.069
11,11.DW.2C,2,2004,3,301.122
11,11.DW.2C,2,2004,4,8.05235
11,11.DW.2C,2,2005,1,5.76537
11,11.DW.2C,2,2005,2,86.7552
11,11.DW.2C,2,2005,3,148.065
11,11.DW.2C,2,2005,4,9.60782
11,11.DW.2C,2,2006,1,74.6998
11,11.DW.2C,2,2006,2,129.883
11,11.DW.2C,2,2006,3,197.651
11,11.DW.2C,2,2006,4,113.17
11,11.DW.2C,2,2007,1,122.143
11,11.DW.2C,2,2007,2,66.1014
11,11.DW.2C,2,2007,3,112.687
11,11.DW.2C,2,2007,4,11.8328
11,11.DW.2C,2,2008,1,5.53407
11,11.DW.2C,2,2008,2,29.8056
11,11.DW.2C,2,2008,3,91.728
11,11.DW.2C,2,2008,4,18.4779
11,11.DW.2C,2,2009,1,25.4641
11,11.DW.2C,2,2009,2,75.7811
11,11.DW.2C,2,2009,3,130.445
11,11.DW.2C,2,2009,4,6.84477
11,11.DW.2C,2,2010,1,79.9934
11,11.DW.2C,2,2010,2,120.459
11,11.DW.2C,2,2010,3,203.898
11,11.DW.2C,2,2010,4,45.3855
11,11.DW.2C,2,2011,1,6.35687
11,11.DW.2C,2,2011,2,71.9034
11,11.DW.2C,2,2011,3,107.166
11,11.DW.2C,2,2011,4,80.9349
11,11.DW.2C,2,2012,1,22.761
11,11.DW.2C,2,2012,2,68.0948
11,11.DW.2C,2,2012,3,157.091
11,11.DW.2C,2,2012,4,23.8841
11,11.DW.2C,2,2013,1,29.546
11,11.DW.2C,2,2013,2,76.3395
11,11.DW.2C,2,2013,3,152.072
11,11.DW.2C,2,2013,4,39.5065
11,11.DW.2C,2,2014,1,40.4911
11,11.DW.2C,2,2014,2,100.55
11,11.DW.2C,2,2014,3,134.59
11,11.DW.2C,2,2014,4,15.1922
11,11.DW.2C,2,2015,1,2.37985
11,11.DW.2C,2,2015,2,82.1683
11,11.DW.2C,2,2015,3,110.576
11,11.DW.2C,2,2015,4,7.58134
11,11.DW.2C,2,2016,1,7.6851
11,11.DW.2C,2,2016,2,76.8054
11,11.DW.2C,2,2016,3,133.664
11,11.DW.2C,2,2016,4,14.9008
11,11.DW.2C,2,2017,1,10.2566
11,11.DW.2C,2,2017,2,76.4068
11,11.DW.2C,2,2017,3,179.469
11,11.DW.2C,2,2017,4,11.8809
11,11.DW.2C,2,2018,1,3.96955
11,11.DW.2C,2,2018,2,125.031
11,11.DW.2C,2,2018,3,242.067
11,11.DW.2C,2,2018,4,7.58739
11,11.DW.2C,2,2019,1,10.7495
11,11.DW.2C,2,2019,2,141.432
11,11.DW.2C,2,2019,3,180.03
11,11.DW.2C,2,2019,4,32.953
11,11.DW.2C,2,2020,1,8.75256
11,11.DW.2C,2,2020,2,141.114
11,11.DW.2C,2,2020,3,222.172
11,11.DW.2C,2,2020,4,13.0732
11,11.DW.2C,2,2021,1,3.15733
11,11.DW.2C,2,2021,2,81.1218
11,11.DW.2C,2,2021,3,112.067
11,11.DW.2C,2,2021,4,2.45476
11,11.DW.2C,2,2022,1,1.94183
11,11.DW.2C,2,2022,2,56.7423
11,11.DW.2C,2,2022,3,113.212
11,11.DW.2C,2,2022,4,3.41654
11,11.DW.2C,2,2023,1,11.6854
11,11.DW.2C,2,2023,2,81.7973
11,11.DW.2C,2,2023,3,93.0198
11,11.DW.2C,2,2023,4,13.9409
12,12.DW.2S,2,1952,1,0
12,12.DW.2S,2,1952,2,0
12,12.DW.2S,2,1952,3,0
12,12.DW.2S,2,1952,4,0
12,12.DW.2S,2,1953,1,0
12,12.DW.2S,2,1953,2,0
12,12.DW.2S,2,1953,3,0
12,12.DW.2S,2,1953,4,0
12,12.DW.2S,2,1954,1,0
12,12.DW.2S,2,1954,2,0
12,12.DW.2S,2,1954,3,0
12,12.DW.2S,2,1954,4,0
12,12.DW.2S,2,1955,1,0
12,12.DW.2S,2,1955,2,0
12,12.DW.2S,2,1955,3,0
12,12.DW.2S,2,1955,4,0
12,12.DW.2S,2,1956,1,0
12,12.DW.2S,2,1956,2,0
12,12.DW.2S,2,1956,3,0
12,12.DW.2S,2,1956,4,0
12,12.DW.2S,2,1957,1,0
12,12.DW.2S,2,1957,2,0
12,12.DW.2S,2,1957,3,0
12,12.DW.2S,2,1957,4,0
12,12.DW.2S,2,1958,1,0
12,12.DW.2S,2,1958,2,0
12,12.DW.2S,2,1958,3,0
12,12.DW.2S,2,1958,4,0
12,12.DW.2S,2,1959,1,0
12,12.DW.2S,2,1959,2,0
12,12.DW.2S,2,1959,3,0
12,12.DW.2S,2,1959,4,0
12,12.DW.2S,2,1960,1,0
12,12.DW.2S,2,1960,2,0
12,12.DW.2S,2,1960,3,0
12,12.DW.2S,2,1960,4,0
12,12.DW.2S,2,1961,1,0
12,12.DW.2S,2,1961,2,0
12,12.DW.2S,2,1961,3,0
12,12.DW.2S,2,1961,4,0
12,12.DW.2S,2,1962,1,0
12,12.DW.2S,2,1962,2,42.2398
12,12.DW.2S,2,1962,3,0
12,12.DW.2S,2,1962,4,0
12,12.DW.2S,2,1963,1,0
12,12.DW.2S,2,1963,2,2.57271
12,12.DW.2S,2,1963,3,0
12,12.DW.2S,2,1963,4,0
12,12.DW.2S,2,1964,1,0.302699
12,12.DW.2S,2,1964,2,6.50601
12,12.DW.2S,2,1964,3,0.151345
12,12.DW.2S,2,1964,4,0
12,12.DW.2S,2,1965,1,0
12,12.DW.2S,2,1965,2,8.77197
12,12.DW.2S,2,1965,3,0
12,12.DW.2S,2,1965,4,0.151359
12,12.DW.2S,2,1966,1,0
12,12.DW.2S,2,1966,2,17.6906
12,12.DW.2S,2,1966,3,0
12,12.DW.2S,2,1966,4,0
12,12.DW.2S,2,1967,1,0
12,12.DW.2S,2,1967,2,47.6126
12,12.DW.2S,2,1967,3,0
12,12.DW.2S,2,1967,4,0
12,12.DW.2S,2,1968,1,0
12,12.DW.2S,2,1968,2,92.6208
12,12.DW.2S,2,1968,3,2.11561
12,12.DW.2S,2,1968,4,0
12,12.DW.2S,2,1969,1,0.604201
12,12.DW.2S,2,1969,2,219.329
12,12.DW.2S,2,1969,3,4.3772
12,12.DW.2S,2,1969,4,0
12,12.DW.2S,2,1970,1,4.07354
12,12.DW.2S,2,1970,2,96.9635
12,12.DW.2S,2,1970,3,4.07211
12,12.DW.2S,2,1970,4,0
12,12.DW.2S,2,1971,1,3.16607
12,12.DW.2S,2,1971,2,539.082
12,12.DW.2S,2,1971,3,0
12,12.DW.2S,2,1971,4,0
12,12.DW.2S,2,1972,1,7.97383
12,12.DW.2S,2,1972,2,429.552
12,12.DW.2S,2,1972,3,2.85468
12,12.DW.2S,2,1972,4,0.300662
12,12.DW.2S,2,1973,1,0.150223
12,12.DW.2S,2,1973,2,23.88
12,12.DW.2S,2,1973,3,0.150248
12,12.DW.2S,2,1973,4,0
12,12.DW.2S,2,1974,1,6.91072
12,12.DW.2S,2,1974,2,63.8334
12,12.DW.2S,2,1974,3,0
12,12.DW.2S,2,1974,4,0
12,12.DW.2S,2,1975,1,19.984
12,12.DW.2S,2,1975,2,64.7451
12,12.DW.2S,2,1975,3,0
12,12.DW.2S,2,1975,4,0
12,12.DW.2S,2,1976,1,25.5547
12,12.DW.2S,2,1976,2,118.419
12,12.DW.2S,2,1976,3,0
12,12.DW.2S,2,1976,4,0
12,12.DW.2S,2,1977,1,13.3838
12,12.DW.2S,2,1977,2,22.5537
12,12.DW.2S,2,1977,3,0
12,12.DW.2S,2,1977,4,0
12,12.DW.2S,2,1978,1,6.01815
12,12.DW.2S,2,1978,2,0
12,12.DW.2S,2,1978,3,0
12,12.DW.2S,2,1978,4,0
12,12.DW.2S,2,1979,1,7.0754
12,12.DW.2S,2,1979,2,72.3979
12,12.DW.2S,2,1979,3,0
12,12.DW.2S,2,1979,4,0
12,12.DW.2S,2,1980,1,9.34037
12,12.DW.2S,2,1980,2,137.658
12,12.DW.2S,2,1980,3,0.753367
12,12.DW.2S,2,1980,4,0
12,12.DW.2S,2,1981,1,9.49524
12,12.DW.2S,2,1981,2,259.401
12,12.DW.2S,2,1981,3,0.150652
12,12.DW.2S,2,1981,4,0
12,12.DW.2S,2,1982,1,1.0549
12,12.DW.2S,2,1982,2,124.138
12,12.DW.2S,2,1982,3,0.452095
12,12.DW.2S,2,1982,4,0
12,12.DW.2S,2,1983,1,0
12,12.DW.2S,2,1983,2,50.3065
12,12.DW.2S,2,1983,3,0
12,12.DW.2S,2,1983,4,0
12,12.DW.2S,2,1984,1,0.301204
12,12.DW.2S,2,1984,2,136.202
12,12.DW.2S,2,1984,3,0
12,12.DW.2S,2,1984,4,0
12,12.DW.2S,2,1985,1,0.45127
12,12.DW.2S,2,1985,2,30.3707
12,12.DW.2S,2,1985,3,0
12,12.DW.2S,2,1985,4,0
12,12.DW.2S,2,1986,1,1.20233
12,12.DW.2S,2,1986,2,44.3113
12,12.DW.2S,2,1986,3,0
12,12.DW.2S,2,1986,4,0
12,12.DW.2S,2,1987,1,0.150132
12,12.DW.2S,2,1987,2,18.007
12,12.DW.2S,2,1987,3,0
12,12.DW.2S,2,1987,4,0
12,12.DW.2S,2,1988,1,0
12,12.DW.2S,2,1988,2,29.708
12,12.DW.2S,2,1988,3,0
12,12.DW.2S,2,1988,4,0
12,12.DW.2S,2,1989,1,0
12,12.DW.2S,2,1989,2,32.711
12,12.DW.2S,2,1989,3,0
12,12.DW.2S,2,1989,4,0
12,12.DW.2S,2,1990,1,0.149729
12,12.DW.2S,2,1990,2,9.71179
12,12.DW.2S,2,1990,3,0
12,12.DW.2S,2,1990,4,0
12,12.DW.2S,2,1991,1,0
12,12.DW.2S,2,1991,2,12.1438
12,12.DW.2S,2,1991,3,0
12,12.DW.2S,2,1991,4,0
12,12.DW.2S,2,1992,1,112.777
12,12.DW.2S,2,1992,2,3.6512
12,12.DW.2S,2,1992,3,5.3881
12,12.DW.2S,2,1992,4,0
12,12.DW.2S,2,1993,1,3.18486
12,12.DW.2S,2,1993,2,2.02087
12,12.DW.2S,2,1993,3,0
12,12.DW.2S,2,1993,4,0
12,12.DW.2S,2,1994,1,0
12,12.DW.2S,2,1994,2,0
12,12.DW.2S,2,1994,3,0
12,12.DW.2S,2,1994,4,0
12,12.DW.2S,2,1995,1,0
12,12.DW.2S,2,1995,2,0
12,12.DW.2S,2,1995,3,0
12,12.DW.2S,2,1995,4,0
12,12.DW.2S,2,1996,1,2.02168
12,12.DW.2S,2,1996,2,0
12,12.DW.2S,2,1996,3,0
12,12.DW.2S,2,1996,4,0
12,12.DW.2S,2,1997,1,0
12,12.DW.2S,2,1997,2,0
12,12.DW.2S,2,1997,3,0
12,12.DW.2S,2,1997,4,0
12,12.DW.2S,2,1998,1,0
12,12.DW.2S,2,1998,2,1.34218
12,12.DW.2S,2,1998,3,0
12,12.DW.2S,2,1998,4,0
12,12.DW.2S,2,1999,1,0
12,12.DW.2S,2,1999,2,0
12,12.DW.2S,2,1999,3,4.11512
12,12.DW.2S,2,1999,4,0
12,12.DW.2S,2,2000,1,23.4883
12,12.DW.2S,2,2000,2,0
12,12.DW.2S,2,2000,3,1.85445
12,12.DW.2S,2,2000,4,0
12,12.DW.2S,2,2001,1,0.931899
12,12.DW.2S,2,2001,2,1.55636
12,12.DW.2S,2,2001,3,0
12,12.DW.2S,2,2001,4,1.56417
12,12.DW.2S,2,2002,1,0
12,12.DW.2S,2,2002,2,24.9085
12,12.DW.2S,2,2002,3,0.470623
12,12.DW.2S,2,2002,4,0
12,12.DW.2S,2,2003,1,73.6895
12,12.DW.2S,2,2003,2,50.9932
12,12.DW.2S,2,2003,3,0
12,12.DW.2S,2,2003,4,0
12,12.DW.2S,2,2004,1,5.31986
12,12.DW.2S,2,2004,2,59.6202
12,12.DW.2S,2,2004,3,0
12,12.DW.2S,2,2004,4,0
12,12.DW.2S,2,2005,1,0.930783
12,12.DW.2S,2,2005,2,6.02293
12,12.DW.2S,2,2005,3,0
12,12.DW.2S,2,2005,4,0
12,12.DW.2S,2,2006,1,1.52334
12,12.DW.2S,2,2006,2,6.35589
12,12.DW.2S,2,2006,3,0
12,12.DW.2S,2,2006,4,0
12,12.DW.2S,2,2007,1,0
12,12.DW.2S,2,2007,2,0
12,12.DW.2S,2,2007,3,0
12,12.DW.2S,2,2007,4,0
12,12.DW.2S,2,2008,1,0
12,12.DW.2S,2,2008,2,0
12,12.DW.2S,2,2008,3,0
12,12.DW.2S,2,2008,4,0
12,12.DW.2S,2,2009,1,0
12,12.DW.2S,2,2009,2,2.64213
12,12.DW.2S,2,2009,3,0
12,12.DW.2S,2,2009,4,0
12,12.DW.2S,2,2010,1,0
12,12.DW.2S,2,2010,2,0
12,12.DW.2S,2,2010,3,0
12,12.DW.2S,2,2010,4,0
12,12.DW.2S,2,2011,1,0
12,12.DW.2S,2,2011,2,0
12,12.DW.2S,2,2011,3,0
12,12.DW.2S,2,2011,4,0
12,12.DW.2S,2,2012,1,1.99328
12,12.DW.2S,2,2012,2,0
12,12.DW.2S,2,2012,3,0
12,12.DW.2S,2,2012,4,0
12,12.DW.2S,2,2013,1,0
12,12.DW.2S,2,2013,2,0.266303
12,12.DW.2S,2,2013,3,0
12,12.DW.2S,2,2013,4,0.134105
12,12.DW.2S,2,2014,1,0
12,12.DW.2S,2,2014,2,0
12,12.DW.2S,2,2014,3,0
12,12.DW.2S,2,2014,4,0.410629
12,12.DW.2S,2,2015,1,0
12,12.DW.2S,2,2015,2,0
12,12.DW.2S,2,2015,3,0
12,12.DW.2S,2,2015,4,0
12,12.DW.2S,2,2016,1,0
12,12.DW.2S,2,2016,2,0
12,12.DW.2S,2,2016,3,0
12,12.DW.2S,2,2016,4,0
12,12.DW.2S,2,2017,1,0
12,12.DW.2S,2,2017,2,0
12,12.DW.2S,2,2017,3,0
12,12.DW.2S,2,2017,4,0
12,12.DW.2S,2,2018,1,0
12,12.DW.2S,2,2018,2,0
12,12.DW.2S,2,2018,3,0
12,12.DW.2S,2,2018,4,0
12,12.DW.2S,2,2019,1,0
12,12.DW.2S,2,2019,2,0.152842
12,12.DW.2S,2,2019,3,0
12,12.DW.2S,2,2019,4,0
12,12.DW.2S,2,2020,1,0
12,12.DW.2S,2,2020,2,0
12,12.DW.2S,2,2020,3,0
12,12.DW.2S,2,2020,4,0
12,12.DW.2S,2,2021,1,0
12,12.DW.2S,2,2021,2,3.10618
12,12.DW.2S,2,2021,3,0
12,12.DW.2S,2,2021,4,1.31208
12,12.DW.2S,2,2022,1,0.144552
12,12.DW.2S,2,2022,2,2.00647
12,12.DW.2S,2,2022,3,0
12,12.DW.2S,2,2022,4,0
12,12.DW.2S,2,2023,1,0
12,12.DW.2S,2,2023,2,4.77535
12,12.DW.2S,2,2023,3,0
12,12.DW.2S,2,2023,4,0
13,13.NZ.2C,2,1952,1,0
13,13.NZ.2C,2,1952,2,0
13,13.NZ.2C,2,1952,3,0
13,13.NZ.2C,2,1952,4,0
13,13.NZ.2C,2,1953,1,0
13,13.NZ.2C,2,1953,2,0
13,13.NZ.2C,2,1953,3,0
13,13.NZ.2C,2,1953,4,0
13,13.NZ.2C,2,1954,1,0
13,13.NZ.2C,2,1954,2,0
13,13.NZ.2C,2,1954,3,0
13,13.NZ.2C,2,1954,4,0
13,13.NZ.2C,2,1955,1,0
13,13.NZ.2C,2,1955,2,0
13,13.NZ.2C,2,1955,3,0
13,13.NZ.2C,2,1955,4,0
13,13.NZ.2C,2,1956,1,0
13,13.NZ.2C,2,1956,2,0
13,13.NZ.2C,2,1956,3,0
13,13.NZ.2C,2,1956,4,0
13,13.NZ.2C,2,1957,1,0
13,13.NZ.2C,2,1957,2,0
13,13.NZ.2C,2,1957,3,0
13,13.NZ.2C,2,1957,4,0
13,13.NZ.2C,2,1958,1,0
13,13.NZ.2C,2,1958,2,0
13,13.NZ.2C,2,1958,3,0
13,13.NZ.2C,2,1958,4,0
13,13.NZ.2C,2,1959,1,0
13,13.NZ.2C,2,1959,2,0
13,13.NZ.2C,2,1959,3,0
13,13.NZ.2C,2,1959,4,0
13,13.NZ.2C,2,1960,1,0
13,13.NZ.2C,2,1960,2,0
13,13.NZ.2C,2,1960,3,0
13,13.NZ.2C,2,1960,4,0
13,13.NZ.2C,2,1961,1,0
13,13.NZ.2C,2,1961,2,0
13,13.NZ.2C,2,1961,3,0
13,13.NZ.2C,2,1961,4,0
13,13.NZ.2C,2,1962,1,0
13,13.NZ.2C,2,1962,2,0
13,13.NZ.2C,2,1962,3,0
13,13.NZ.2C,2,1962,4,0
13,13.NZ.2C,2,1963,1,0
13,13.NZ.2C,2,1963,2,0
13,13.NZ.2C,2,1963,3,0
13,13.NZ.2C,2,1963,4,0
13,13.NZ.2C,2,1964,1,0
13,13.NZ.2C,2,1964,2,0
13,13.NZ.2C,2,1964,3,0
13,13.NZ.2C,2,1964,4,0
13,13.NZ.2C,2,1965,1,0
13,13.NZ.2C,2,1965,2,0
13,13.NZ.2C,2,1965,3,0
13,13.NZ.2C,2,1965,4,0
13,13.NZ.2C,2,1966,1,0
13,13.NZ.2C,2,1966,2,0
13,13.NZ.2C,2,1966,3,0
13,13.NZ.2C,2,1966,4,0
13,13.NZ.2C,2,1967,1,0
13,13.NZ.2C,2,1967,2,0
13,13.NZ.2C,2,1967,3,0
13,13.NZ.2C,2,1967,4,0
13,13.NZ.2C,2,1968,1,0
13,13.NZ.2C,2,1968,2,0
13,13.NZ.2C,2,1968,3,0
13,13.NZ.2C,2,1968,4,0
13,13.NZ.2C,2,1969,1,0
13,13.NZ.2C,2,1969,2,0
13,13.NZ.2C,2,1969,3,0
13,13.NZ.2C,2,1969,4,0
13,13.NZ.2C,2,1970,1,0
13,13.NZ.2C,2,1970,2,0
13,13.NZ.2C,2,1970,3,0
13,13.NZ.2C,2,1970,4,0
13,13.NZ.2C,2,1971,1,0
13,13.NZ.2C,2,1971,2,0
13,13.NZ.2C,2,1971,3,0
13,13.NZ.2C,2,1971,4,0
13,13.NZ.2C,2,1972,1,0
13,13.NZ.2C,2,1972,2,0
13,13.NZ.2C,2,1972,3,0
13,13.NZ.2C,2,1972,4,0
13,13.NZ.2C,2,1973,1,0
13,13.NZ.2C,2,1973,2,0
13,13.NZ.2C,2,1973,3,0
13,13.NZ.2C,2,1973,4,0
13,13.NZ.2C,2,1974,1,0
13,13.NZ.2C,2,1974,2,0
13,13.NZ.2C,2,1974,3,0
13,13.NZ.2C,2,1974,4,0
13,13.NZ.2C,2,1975,1,0
13,13.NZ.2C,2,1975,2,0
13,13.NZ.2C,2,1975,3,0
13,13.NZ.2C,2,1975,4,0
13,13.NZ.2C,2,1976,1,0
13,13.NZ.2C,2,1976,2,0
13,13.NZ.2C,2,1976,3,0
13,13.NZ.2C,2,1976,4,0
13,13.NZ.2C,2,1977,1,0
13,13.NZ.2C,2,1977,2,0
13,13.NZ.2C,2,1977,3,0
13,13.NZ.2C,2,1977,4,0
13,13.NZ.2C,2,1978,1,0
13,13.NZ.2C,2,1978,2,0
13,13.NZ.2C,2,1978,3,0
13,13.NZ.2C,2,1978,4,0
13,13.NZ.2C,2,1979,1,0
13,13.NZ.2C,2,1979,2,0
13,13.NZ.2C,2,1979,3,0
13,13.NZ.2C,2,1979,4,0
13,13.NZ.2C,2,1980,1,0
13,13.NZ.2C,2,1980,2,0
13,13.NZ.2C,2,1980,3,0
13,13.NZ.2C,2,1980,4,0
13,13.NZ.2C,2,1981,1,0
13,13.NZ.2C,2,1981,2,0
13,13.NZ.2C,2,1981,3,0
13,13.NZ.2C,2,1981,4,0
13,13.NZ.2C,2,1982,1,0
13,13.NZ.2C,2,1982,2,0
13,13.NZ.2C,2,1982,3,0
13,13.NZ.2C,2,1982,4,0
13,13.NZ.2C,2,1983,1,0
13,13.NZ.2C,2,1983,2,0
13,13.NZ.2C,2,1983,3,0
13,13.NZ.2C,2,1983,4,0
13,13.NZ.2C,2,1984,1,0
13,13.NZ.2C,2,1984,2,0
13,13.NZ.2C,2,1984,3,0
13,13.NZ.2C,2,1984,4,0
13,13.NZ.2C,2,1985,1,0
13,13.NZ.2C,2,1985,2,0
13,13.NZ.2C,2,1985,3,0
13,13.NZ.2C,2,1985,4,0
13,13.NZ.2C,2,1986,1,0
13,13.NZ.2C,2,1986,2,0
13,13.NZ.2C,2,1986,3,0
13,13.NZ.2C,2,1986,4,0
13,13.NZ.2C,2,1987,1,0
13,13.NZ.2C,2,1987,2,0
13,13.NZ.2C,2,1987,3,0
13,13.NZ.2C,2,1987,4,0
13,13.NZ.2C,2,1988,1,0
13,13.NZ.2C,2,1988,2,0
13,13.NZ.2C,2,1988,3,0
13,13.NZ.2C,2,1988,4,0
13,13.NZ.2C,2,1989,1,0
13,13.NZ.2C,2,1989,2,0
13,13.NZ.2C,2,1989,3,0
13,13.NZ.2C,2,1989,4,0
13,13.NZ.2C,2,1990,1,0.599989
13,13.NZ.2C,2,1990,2,3.39099
13,13.NZ.2C,2,1990,3,1.12263
13,13.NZ.2C,2,1990,4,0
13,13.NZ.2C,2,1991,1,0.0568241
13,13.NZ.2C,2,1991,2,0.500087
13,13.NZ.2C,2,1991,3,5.28174
13,13.NZ.2C,2,1991,4,0.936029
13,13.NZ.2C,2,1992,1,13.9661
13,13.NZ.2C,2,1992,2,14.7493
13,13.NZ.2C,2,1992,3,2.33682
13,13.NZ.2C,2,1992,4,0
13,13.NZ.2C,2,1993,1,8.46377
13,13.NZ.2C,2,1993,2,22.3774
13,13.NZ.2C,2,1993,3,9.29966
13,13.NZ.2C,2,1993,4,7.23833
13,13.NZ.2C,2,1994,1,25.5562
13,13.NZ.2C,2,1994,2,34.4117
13,13.NZ.2C,2,1994,3,9.78121
13,13.NZ.2C,2,1994,4,3.71511
13,13.NZ.2C,2,1995,1,36.2113
13,13.NZ.2C,2,1995,2,19.5532
13,13.NZ.2C,2,1995,3,5.53199
13,13.NZ.2C,2,1995,4,9.78006
13,13.NZ.2C,2,1996,1,71.6441
13,13.NZ.2C,2,1996,2,59.9988
13,13.NZ.2C,2,1996,3,7.99573
13,13.NZ.2C,2,1996,4,8.15691
13,13.NZ.2C,2,1997,1,74.6547
13,13.NZ.2C,2,1997,2,84.1643
13,13.NZ.2C,2,1997,3,24.6848
13,13.NZ.2C,2,1997,4,5.01299
13,13.NZ.2C,2,1998,1,132.992
13,13.NZ.2C,2,1998,2,217.91
13,13.NZ.2C,2,1998,3,98.3718
13,13.NZ.2C,2,1998,4,32.8856
13,13.NZ.2C,2,1999,1,194.438
13,13.NZ.2C,2,1999,2,282.559
13,13.NZ.2C,2,1999,3,139.592
13,13.NZ.2C,2,1999,4,63.1516
13,13.NZ.2C,2,2000,1,219.189
13,13.NZ.2C,2,2000,2,308.165
13,13.NZ.2C,2,2000,3,94.6479
13,13.NZ.2C,2,2000,4,59.9481
13,13.NZ.2C,2,2001,1,357.65
13,13.NZ.2C,2,2001,2,488.572
13,13.NZ.2C,2,2001,3,287.818
13,13.NZ.2C,2,2001,4,109.963
13,13.NZ.2C,2,2002,1,350.368
13,13.NZ.2C,2,2002,2,385.728
13,13.NZ.2C,2,2002,3,175.524
13,13.NZ.2C,2,2002,4,57.1151
13,13.NZ.2C,2,2003,1,212.266
13,13.NZ.2C,2,2003,2,345.086
13,13.NZ.2C,2,2003,3,83.1348
13,13.NZ.2C,2,2003,4,15.564
13,13.NZ.2C,2,2004,1,165.454
13,13.NZ.2C,2,2004,2,349.983
13,13.NZ.2C,2,2004,3,100.051
13,13.NZ.2C,2,2004,4,10.5028
13,13.NZ.2C,2,2005,1,109.407
13,13.NZ.2C,2,2005,2,140.265
13,13.NZ.2C,2,2005,3,83.9654
13,13.NZ.2C,2,2005,4,14.285
13,13.NZ.2C,2,2006,1,143.921
13,13.NZ.2C,2,2006,2,352.581
13,13.NZ.2C,2,2006,3,177.613
13,13.NZ.2C,2,2006,4,36.8165
13,13.NZ.2C,2,2007,1,174.033
13,13.NZ.2C,2,2007,2,374.048
13,13.NZ.2C,2,2007,3,110.779
13,13.NZ.2C,2,2007,4,14.1677
13,13.NZ.2C,2,2008,1,208.685
13,13.NZ.2C,2,2008,2,203.514
13,13.NZ.2C,2,2008,3,69.6895
13,13.NZ.2C,2,2008,4,6.23005
13,13.NZ.2C,2,2009,1,143.108
13,13.NZ.2C,2,2009,2,224.758
13,13.NZ.2C,2,2009,3,78.9859
13,13.NZ.2C,2,2009,4,26.3892
13,13.NZ.2C,2,2010,1,248.738
13,13.NZ.2C,2,2010,2,282.076
13,13.NZ.2C,2,2010,3,58.8418
13,13.NZ.2C,2,2010,4,35.5163
13,13.NZ.2C,2,2011,1,368.808
13,13.NZ.2C,2,2011,2,398.036
13,13.NZ.2C,2,2011,3,189.794
13,13.NZ.2C,2,2011,4,48.323
13,13.NZ.2C,2,2012,1,360.217
13,13.NZ.2C,2,2012,2,214.356
13,13.NZ.2C,2,2012,3,168.847
13,13.NZ.2C,2,2012,4,55.0195
13,13.NZ.2C,2,2013,1,411.029
13,13.NZ.2C,2,2013,2,241.045
13,13.NZ.2C,2,2013,3,50.1095
13,13.NZ.2C,2,2013,4,9.92347
13,13.NZ.2C,2,2014,1,303.308
13,13.NZ.2C,2,2014,2,239.885
13,13.NZ.2C,2,2014,3,63.2784
13,13.NZ.2C,2,2014,4,46.8524
13,13.NZ.2C,2,2015,1,444.161
13,13.NZ.2C,2,2015,2,309.396
13,13.NZ.2C,2,2015,3,60.7157
13,13.NZ.2C,2,2015,4,20.7946
13,13.NZ.2C,2,2016,1,260.213
13,13.NZ.2C,2,2016,2,191.28
13,13.NZ.2C,2,2016,3,63.9013
13,13.NZ.2C,2,2016,4,6.34607
13,13.NZ.2C,2,2017,1,117.5
13,13.NZ.2C,2,2017,2,179.738
13,13.NZ.2C,2,2017,3,40.176
13,13.NZ.2C,2,2017,4,15.7741
13,13.NZ.2C,2,2018,1,214.03
13,13.NZ.2C,2,2018,2,184.04
13,13.NZ.2C,2,2018,3,42.1024
13,13.NZ.2C,2,2018,4,8.75775
13,13.NZ.2C,2,2019,1,35.7278
13,13.NZ.2C,2,2019,2,65.7041
13,13.NZ.2C,2,2019,3,34.5223
13,13.NZ.2C,2,2019,4,6.10836
13,13.NZ.2C,2,2020,1,67.4856
13,13.NZ.2C,2,2020,2,74.7953
13,13.NZ.2C,2,2020,3,20.3892
13,13.NZ.2C,2,2020,4,12.4203
13,13.NZ.2C,2,2021,1,78.8094
13,13.NZ.2C,2,2021,2,125.082
13,13.NZ.2C,2,2021,3,18.6507
13,13.NZ.2C,2,2021,4,1.22975
13,13.NZ.2C,2,2022,1,31.7786
13,13.NZ.2C,2,2022,2,58.3626
13,13.NZ.2C,2,2022,3,11.3114
13,13.NZ.2C,2,2022,4,14.1219
13,13.NZ.2C,2,2023,1,67.7666
13,13.NZ.2C,2,2023,2,84.4651
13,13.NZ.2C,2,2023,3,22.3775
13,13.NZ.2C,2,2023,4,2.74958
14,14.NZ.2S,2,1952,1,0
14,14.NZ.2S,2,1952,2,0
14,14.NZ.2S,2,1952,3,0
14,14.NZ.2S,2,1952,4,0
14,14.NZ.2S,2,1953,1,0
14,14.NZ.2S,2,1953,2,0
14,14.NZ.2S,2,1953,3,0
14,14.NZ.2S,2,1953,4,0
14,14.NZ.2S,2,1954,1,0
14,14.NZ.2S,2,1954,2,0
14,14.NZ.2S,2,1954,3,0
14,14.NZ.2S,2,1954,4,0
14,14.NZ.2S,2,1955,1,0
14,14.NZ.2S,2,1955,2,0
14,14.NZ.2S,2,1955,3,0
14,14.NZ.2S,2,1955,4,0
14,14.NZ.2S,2,1956,1,0
14,14.NZ.2S,2,1956,2,0
14,14.NZ.2S,2,1956,3,0
14,14.NZ.2S,2,1956,4,0
14,14.NZ.2S,2,1957,1,0
14,14.NZ.2S,2,1957,2,0
14,14.NZ.2S,2,1957,3,0
14,14.NZ.2S,2,1957,4,0
14,14.NZ.2S,2,1958,1,0
14,14.NZ.2S,2,1958,2,0
14,14.NZ.2S,2,1958,3,0
14,14.NZ.2S,2,1958,4,0
14,14.NZ.2S,2,1959,1,0
14,14.NZ.2S,2,1959,2,0
14,14.NZ.2S,2,1959,3,0
14,14.NZ.2S,2,1959,4,0
14,14.NZ.2S,2,1960,1,0
14,14.NZ.2S,2,1960,2,0
14,14.NZ.2S,2,1960,3,0
14,14.NZ.2S,2,1960,4,0
14,14.NZ.2S,2,1961,1,0
14,14.NZ.2S,2,1961,2,0
14,14.NZ.2S,2,1961,3,0
14,14.NZ.2S,2,1961,4,0
14,14.NZ.2S,2,1962,1,0
14,14.NZ.2S,2,1962,2,0
14,14.NZ.2S,2,1962,3,0
14,14.NZ.2S,2,1962,4,0
14,14.NZ.2S,2,1963,1,0
14,14.NZ.2S,2,1963,2,0
14,14.NZ.2S,2,1963,3,0
14,14.NZ.2S,2,1963,4,0
14,14.NZ.2S,2,1964,1,0
14,14.NZ.2S,2,1964,2,0
14,14.NZ.2S,2,1964,3,0
14,14.NZ.2S,2,1964,4,0
14,14.NZ.2S,2,1965,1,0
14,14.NZ.2S,2,1965,2,0
14,14.NZ.2S,2,1965,3,0
14,14.NZ.2S,2,1965,4,0
14,14.NZ.2S,2,1966,1,0
14,14.NZ.2S,2,1966,2,0
14,14.NZ.2S,2,1966,3,0
14,14.NZ.2S,2,1966,4,0
14,14.NZ.2S,2,1967,1,0
14,14.NZ.2S,2,1967,2,0
14,14.NZ.2S,2,1967,3,0
14,14.NZ.2S,2,1967,4,0
14,14.NZ.2S,2,1968,1,0
14,14.NZ.2S,2,1968,2,0
14,14.NZ.2S,2,1968,3,0
14,14.NZ.2S,2,1968,4,0
14,14.NZ.2S,2,1969,1,0
14,14.NZ.2S,2,1969,2,0
14,14.NZ.2S,2,1969,3,0
14,14.NZ.2S,2,1969,4,0
14,14.NZ.2S,2,1970,1,0
14,14.NZ.2S,2,1970,2,0
14,14.NZ.2S,2,1970,3,0
14,14.NZ.2S,2,1970,4,0
14,14.NZ.2S,2,1971,1,0
14,14.NZ.2S,2,1971,2,0
14,14.NZ.2S,2,1971,3,0
14,14.NZ.2S,2,1971,4,0
14,14.NZ.2S,2,1972,1,0
14,14.NZ.2S,2,1972,2,0
14,14.NZ.2S,2,1972,3,0
14,14.NZ.2S,2,1972,4,0
14,14.NZ.2S,2,1973,1,0
14,14.NZ.2S,2,1973,2,0
14,14.NZ.2S,2,1973,3,0
14,14.NZ.2S,2,1973,4,0
14,14.NZ.2S,2,1974,1,0
14,14.NZ.2S,2,1974,2,0
14,14.NZ.2S,2,1974,3,0
14,14.NZ.2S,2,1974,4,0
14,14.NZ.2S,2,1975,1,0
14,14.NZ.2S,2,1975,2,0
14,14.NZ.2S,2,1975,3,0
14,14.NZ.2S,2,1975,4,0
14,14.NZ.2S,2,1976,1,0
14,14.NZ.2S,2,1976,2,0
14,14.NZ.2S,2,1976,3,0
14,14.NZ.2S,2,1976,4,0
14,14.NZ.2S,2,1977,1,0
14,14.NZ.2S,2,1977,2,0
14,14.NZ.2S,2,1977,3,0
14,14.NZ.2S,2,1977,4,0
14,14.NZ.2S,2,1978,1,0
14,14.NZ.2S,2,1978,2,0
14,14.NZ.2S,2,1978,3,0
14,14.NZ.2S,2,1978,4,0
14,14.NZ.2S,2,1979,1,0
14,14.NZ.2S,2,1979,2,0
14,14.NZ.2S,2,1979,3,0
14,14.NZ.2S,2,1979,4,0
14,14.NZ.2S,2,1980,1,0
14,14.NZ.2S,2,1980,2,0
14,14.NZ.2S,2,1980,3,0
14,14.NZ.2S,2,1980,4,0
14,14.NZ.2S,2,1981,1,0
14,14.NZ.2S,2,1981,2,0
14,14.NZ.2S,2,1981,3,0
14,14.NZ.2S,2,1981,4,0
14,14.NZ.2S,2,1982,1,0
14,14.NZ.2S,2,1982,2,0
14,14.NZ.2S,2,1982,3,0
14,14.NZ.2S,2,1982,4,0
14,14.NZ.2S,2,1983,1,0
14,14.NZ.2S,2,1983,2,0
14,14.NZ.2S,2,1983,3,0
14,14.NZ.2S,2,1983,4,0
14,14.NZ.2S,2,1984,1,0
14,14.NZ.2S,2,1984,2,0
14,14.NZ.2S,2,1984,3,0
14,14.NZ.2S,2,1984,4,0
14,14.NZ.2S,2,1985,1,0
14,14.NZ.2S,2,1985,2,0
14,14.NZ.2S,2,1985,3,0
14,14.NZ.2S,2,1985,4,0
14,14.NZ.2S,2,1986,1,0
14,14.NZ.2S,2,1986,2,0
14,14.NZ.2S,2,1986,3,0
14,14.NZ.2S,2,1986,4,0
14,14.NZ.2S,2,1987,1,0
14,14.NZ.2S,2,1987,2,0
14,14.NZ.2S,2,1987,3,0
14,14.NZ.2S,2,1987,4,0
14,14.NZ.2S,2,1988,1,0
14,14.NZ.2S,2,1988,2,0
14,14.NZ.2S,2,1988,3,0
14,14.NZ.2S,2,1988,4,0
14,14.NZ.2S,2,1989,1,0
14,14.NZ.2S,2,1989,2,0
14,14.NZ.2S,2,1989,3,0
14,14.NZ.2S,2,1989,4,0
14,14.NZ.2S,2,1990,1,0
14,14.NZ.2S,2,1990,2,0
14,14.NZ.2S,2,1990,3,0
14,14.NZ.2S,2,1990,4,0
14,14.NZ.2S,2,1991,1,0
14,14.NZ.2S,2,1991,2,18.66
14,14.NZ.2S,2,1991,3,6.94188
14,14.NZ.2S,2,1991,4,0
14,14.NZ.2S,2,1992,1,0
14,14.NZ.2S,2,1992,2,7.44845
14,14.NZ.2S,2,1992,3,5.3881
14,14.NZ.2S,2,1992,4,0
14,14.NZ.2S,2,1993,1,0.868598
14,14.NZ.2S,2,1993,2,8.22781
14,14.NZ.2S,2,1993,3,0
14,14.NZ.2S,2,1993,4,0
14,14.NZ.2S,2,1994,1,0
14,14.NZ.2S,2,1994,2,1.1479
14,14.NZ.2S,2,1994,3,1.43504
14,14.NZ.2S,2,1994,4,0
14,14.NZ.2S,2,1995,1,0
14,14.NZ.2S,2,1995,2,22.6992
14,14.NZ.2S,2,1995,3,0
14,14.NZ.2S,2,1995,4,0
14,14.NZ.2S,2,1996,1,4.33217
14,14.NZ.2S,2,1996,2,14.1848
14,14.NZ.2S,2,1996,3,1.45199
14,14.NZ.2S,2,1996,4,0
14,14.NZ.2S,2,1997,1,0
14,14.NZ.2S,2,1997,2,17.4521
14,14.NZ.2S,2,1997,3,0
14,14.NZ.2S,2,1997,4,0
14,14.NZ.2S,2,1998,1,0
14,14.NZ.2S,2,1998,2,43.2482
14,14.NZ.2S,2,1998,3,0
14,14.NZ.2S,2,1998,4,0
14,14.NZ.2S,2,1999,1,1.20962
14,14.NZ.2S,2,1999,2,112.632
14,14.NZ.2S,2,1999,3,15.546
14,14.NZ.2S,2,1999,4,0
14,14.NZ.2S,2,2000,1,50.0469
14,14.NZ.2S,2,2000,2,101.04
14,14.NZ.2S,2,2000,3,2.4726
14,14.NZ.2S,2,2000,4,0.620149
14,14.NZ.2S,2,2001,1,148.948
14,14.NZ.2S,2,2001,2,152.679
14,14.NZ.2S,2,2001,3,0
14,14.NZ.2S,2,2001,4,0
14,14.NZ.2S,2,2002,1,129.15
14,14.NZ.2S,2,2002,2,151.018
14,14.NZ.2S,2,2002,3,0
14,14.NZ.2S,2,2002,4,0
14,14.NZ.2S,2,2003,1,182.731
14,14.NZ.2S,2,2003,2,196.284
14,14.NZ.2S,2,2003,3,0
14,14.NZ.2S,2,2003,4,0
14,14.NZ.2S,2,2004,1,102.016
14,14.NZ.2S,2,2004,2,157.01
14,14.NZ.2S,2,2004,3,8.25869
14,14.NZ.2S,2,2004,4,0
14,14.NZ.2S,2,2005,1,20.6324
14,14.NZ.2S,2,2005,2,64.8623
14,14.NZ.2S,2,2005,3,3.53873
14,14.NZ.2S,2,2005,4,0
14,14.NZ.2S,2,2006,1,7.1597
14,14.NZ.2S,2,2006,2,34.8061
14,14.NZ.2S,2,2006,3,1.3547
14,14.NZ.2S,2,2006,4,0
14,14.NZ.2S,2,2007,1,65.121
14,14.NZ.2S,2,2007,2,42.4839
14,14.NZ.2S,2,2007,3,0.292936
14,14.NZ.2S,2,2007,4,0
14,14.NZ.2S,2,2008,1,12.2556
14,14.NZ.2S,2,2008,2,23.8718
14,14.NZ.2S,2,2008,3,0.283951
14,14.NZ.2S,2,2008,4,0
14,14.NZ.2S,2,2009,1,20.8805
14,14.NZ.2S,2,2009,2,9.59512
14,14.NZ.2S,2,2009,3,0.967956
14,14.NZ.2S,2,2009,4,0
14,14.NZ.2S,2,2010,1,64.3119
14,14.NZ.2S,2,2010,2,17.9427
14,14.NZ.2S,2,2010,3,1.8937
14,14.NZ.2S,2,2010,4,0
14,14.NZ.2S,2,2011,1,38.8916
14,14.NZ.2S,2,2011,2,100.02
14,14.NZ.2S,2,2011,3,1.73167
14,14.NZ.2S,2,2011,4,0
14,14.NZ.2S,2,2012,1,70.2962
14,14.NZ.2S,2,2012,2,103.224
14,14.NZ.2S,2,2012,3,0.663594
14,14.NZ.2S,2,2012,4,0
14,14.NZ.2S,2,2013,1,115.897
14,14.NZ.2S,2,2013,2,163.91
14,14.NZ.2S,2,2013,3,5.20636
14,14.NZ.2S,2,2013,4,0
14,14.NZ.2S,2,2014,1,56.146
14,14.NZ.2S,2,2014,2,189.121
14,14.NZ.2S,2,2014,3,5.43558
14,14.NZ.2S,2,2014,4,0
14,14.NZ.2S,2,2015,1,248.227
14,14.NZ.2S,2,2015,2,161.373
14,14.NZ.2S,2,2015,3,3.62198
14,14.NZ.2S,2,2015,4,0
14,14.NZ.2S,2,2016,1,119.017
14,14.NZ.2S,2,2016,2,117.031
14,14.NZ.2S,2,2016,3,4.15994
14,14.NZ.2S,2,2016,4,0
14,14.NZ.2S,2,2017,1,21.5856
14,14.NZ.2S,2,2017,2,60.6048
14,14.NZ.2S,2,2017,3,5.32008
14,14.NZ.2S,2,2017,4,0
14,14.NZ.2S,2,2018,1,44.8438
14,14.NZ.2S,2,2018,2,88.766
14,14.NZ.2S,2,2018,3,4.69852
14,14.NZ.2S,2,2018,4,0
14,14.NZ.2S,2,2019,1,31.4949
14,14.NZ.2S,2,2019,2,61.5953
14,14.NZ.2S,2,2019,3,5.96382
14,14.NZ.2S,2,2019,4,0
14,14.NZ.2S,2,2020,1,41.3717
14,14.NZ.2S,2,2020,2,22.7831
14,14.NZ.2S,2,2020,3,1.05767
14,14.NZ.2S,2,2020,4,0
14,14.NZ.2S,2,2021,1,4.02737
14,14.NZ.2S,2,2021,2,22.4828
14,14.NZ.2S,2,2021,3,4.98943
14,14.NZ.2S,2,2021,4,0
14,14.NZ.2S,2,2022,1,20.2373
14,14.NZ.2S,2,2022,2,23.791
14,14.NZ.2S,2,2022,3,1.99456
14,14.NZ.2S,2,2022,4,0
14,14.NZ.2S,2,2023,1,11.4399
14,14.NZ.2S,2,2023,2,43.1186
14,14.NZ.2S,2,2023,3,4.89836
14,14.NZ.2S,2,2023,4,0
15,15.EU.2N,2,1952,1,0
15,15.EU.2N,2,1952,2,0
15,15.EU.2N,2,1952,3,0
15,15.EU.2N,2,1952,4,0
15,15.EU.2N,2,1953,1,0
15,15.EU.2N,2,1953,2,0
15,15.EU.2N,2,1953,3,0
15,15.EU.2N,2,1953,4,0
15,15.EU.2N,2,1954,1,0
15,15.EU.2N,2,1954,2,0
15,15.EU.2N,2,1954,3,0
15,15.EU.2N,2,1954,4,0
15,15.EU.2N,2,1955,1,0
15,15.EU.2N,2,1955,2,0
15,15.EU.2N,2,1955,3,0
15,15.EU.2N,2,1955,4,0
15,15.EU.2N,2,1956,1,0
15,15.EU.2N,2,1956,2,0
15,15.EU.2N,2,1956,3,0
15,15.EU.2N,2,1956,4,0
15,15.EU.2N,2,1957,1,0
15,15.EU.2N,2,1957,2,0
15,15.EU.2N,2,1957,3,0
15,15.EU.2N,2,1957,4,0
15,15.EU.2N,2,1958,1,0
15,15.EU.2N,2,1958,2,0
15,15.EU.2N,2,1958,3,0
15,15.EU.2N,2,1958,4,0
15,15.EU.2N,2,1959,1,0
15,15.EU.2N,2,1959,2,0
15,15.EU.2N,2,1959,3,0
15,15.EU.2N,2,1959,4,0
15,15.EU.2N,2,1960,1,0
15,15.EU.2N,2,1960,2,0
15,15.EU.2N,2,1960,3,0
15,15.EU.2N,2,1960,4,0
15,15.EU.2N,2,1961,1,0
15,15.EU.2N,2,1961,2,0
15,15.EU.2N,2,1961,3,0
15,15.EU.2N,2,1961,4,0
15,15.EU.2N,2,1962,1,0
15,15.EU.2N,2,1962,2,0
15,15.EU.2N,2,1962,3,0
15,15.EU.2N,2,1962,4,0
15,15.EU.2N,2,1963,1,0
15,15.EU.2N,2,1963,2,0
15,15.EU.2N,2,1963,3,0
15,15.EU.2N,2,1963,4,0
15,15.EU.2N,2,1964,1,0
15,15.EU.2N,2,1964,2,0
15,15.EU.2N,2,1964,3,0
15,15.EU.2N,2,1964,4,0
15,15.EU.2N,2,1965,1,0
15,15.EU.2N,2,1965,2,0
15,15.EU.2N,2,1965,3,0
15,15.EU.2N,2,1965,4,0
15,15.EU.2N,2,1966,1,0
15,15.EU.2N,2,1966,2,0
15,15.EU.2N,2,1966,3,0
15,15.EU.2N,2,1966,4,0
15,15.EU.2N,2,1967,1,0
15,15.EU.2N,2,1967,2,0
15,15.EU.2N,2,1967,3,0
15,15.EU.2N,2,1967,4,0
15,15.EU.2N,2,1968,1,0
15,15.EU.2N,2,1968,2,0
15,15.EU.2N,2,1968,3,0
15,15.EU.2N,2,1968,4,0
15,15.EU.2N,2,1969,1,0
15,15.EU.2N,2,1969,2,0
15,15.EU.2N,2,1969,3,0
15,15.EU.2N,2,1969,4,0
15,15.EU.2N,2,1970,1,0
15,15.EU.2N,2,1970,2,0
15,15.EU.2N,2,1970,3,0
15,15.EU.2N,2,1970,4,0
15,15.EU.2N,2,1971,1,0
15,15.EU.2N,2,1971,2,0
15,15.EU.2N,2,1971,3,0
15,15.EU.2N,2,1971,4,0
15,15.EU.2N,2,1972,1,0
15,15.EU.2N,2,1972,2,0
15,15.EU.2N,2,1972,3,0
15,15.EU.2N,2,1972,4,0
15,15.EU.2N,2,1973,1,0
15,15.EU.2N,2,1973,2,0
15,15.EU.2N,2,1973,3,0
15,15.EU.2N,2,1973,4,0
15,15.EU.2N,2,1974,1,0
15,15.EU.2N,2,1974,2,0
15,15.EU.2N,2,1974,3,0
15,15.EU.2N,2,1974,4,0
15,15.EU.2N,2,1975,1,0
15,15.EU.2N,2,1975,2,0
15,15.EU.2N,2,1975,3,0
15,15.EU.2N,2,1975,4,0
15,15.EU.2N,2,1976,1,0
15,15.EU.2N,2,1976,2,0
15,15.EU.2N,2,1976,3,0
15,15.EU.2N,2,1976,4,0
15,15.EU.2N,2,1977,1,0
15,15.EU.2N,2,1977,2,0
15,15.EU.2N,2,1977,3,0
15,15.EU.2N,2,1977,4,0
15,15.EU.2N,2,1978,1,0
15,15.EU.2N,2,1978,2,0
15,15.EU.2N,2,1978,3,0
15,15.EU.2N,2,1978,4,0
15,15.EU.2N,2,1979,1,0
15,15.EU.2N,2,1979,2,0
15,15.EU.2N,2,1979,3,0
15,15.EU.2N,2,1979,4,0
15,15.EU.2N,2,1980,1,0
15,15.EU.2N,2,1980,2,0
15,15.EU.2N,2,1980,3,0
15,15.EU.2N,2,1980,4,0
15,15.EU.2N,2,1981,1,0
15,15.EU.2N,2,1981,2,0
15,15.EU.2N,2,1981,3,0
15,15.EU.2N,2,1981,4,0
15,15.EU.2N,2,1982,1,0
15,15.EU.2N,2,1982,2,0
15,15.EU.2N,2,1982,3,0
15,15.EU.2N,2,1982,4,0
15,15.EU.2N,2,1983,1,0
15,15.EU.2N,2,1983,2,0
15,15.EU.2N,2,1983,3,0
15,15.EU.2N,2,1983,4,0
15,15.EU.2N,2,1984,1,0
15,15.EU.2N,2,1984,2,0
15,15.EU.2N,2,1984,3,0
15,15.EU.2N,2,1984,4,0
15,15.EU.2N,2,1985,1,0
15,15.EU.2N,2,1985,2,0
15,15.EU.2N,2,1985,3,0
15,15.EU.2N,2,1985,4,0
15,15.EU.2N,2,1986,1,0
15,15.EU.2N,2,1986,2,0
15,15.EU.2N,2,1986,3,0
15,15.EU.2N,2,1986,4,0
15,15.EU.2N,2,1987,1,0
15,15.EU.2N,2,1987,2,0
15,15.EU.2N,2,1987,3,0
15,15.EU.2N,2,1987,4,0
15,15.EU.2N,2,1988,1,0
15,15.EU.2N,2,1988,2,0
15,15.EU.2N,2,1988,3,0
15,15.EU.2N,2,1988,4,0
15,15.EU.2N,2,1989,1,0
15,15.EU.2N,2,1989,2,0
15,15.EU.2N,2,1989,3,0
15,15.EU.2N,2,1989,4,0
15,15.EU.2N,2,1990,1,0
15,15.EU.2N,2,1990,2,0
15,15.EU.2N,2,1990,3,0
15,15.EU.2N,2,1990,4,0
15,15.EU.2N,2,1991,1,0
15,15.EU.2N,2,1991,2,0
15,15.EU.2N,2,1991,3,0
15,15.EU.2N,2,1991,4,0
15,15.EU.2N,2,1992,1,0
15,15.EU.2N,2,1992,2,0
15,15.EU.2N,2,1992,3,0
15,15.EU.2N,2,1992,4,0
15,15.EU.2N,2,1993,1,0
15,15.EU.2N,2,1993,2,0
15,15.EU.2N,2,1993,3,0
15,15.EU.2N,2,1993,4,0
15,15.EU.2N,2,1994,1,0
15,15.EU.2N,2,1994,2,0
15,15.EU.2N,2,1994,3,0
15,15.EU.2N,2,1994,4,0
15,15.EU.2N,2,1995,1,0
15,15.EU.2N,2,1995,2,0
15,15.EU.2N,2,1995,3,0
15,15.EU.2N,2,1995,4,0
15,15.EU.2N,2,1996,1,0
15,15.EU.2N,2,1996,2,0
15,15.EU.2N,2,1996,3,0
15,15.EU.2N,2,1996,4,0
15,15.EU.2N,2,1997,1,0
15,15.EU.2N,2,1997,2,0
15,15.EU.2N,2,1997,3,0
15,15.EU.2N,2,1997,4,0
15,15.EU.2N,2,1998,1,0
15,15.EU.2N,2,1998,2,0
15,15.EU.2N,2,1998,3,0
15,15.EU.2N,2,1998,4,0
15,15.EU.2N,2,1999,1,0
15,15.EU.2N,2,1999,2,0
15,15.EU.2N,2,1999,3,0
15,15.EU.2N,2,1999,4,0
15,15.EU.2N,2,2000,1,0
15,15.EU.2N,2,2000,2,0
15,15.EU.2N,2,2000,3,0
15,15.EU.2N,2,2000,4,0
15,15.EU.2N,2,2001,1,0
15,15.EU.2N,2,2001,2,0
15,15.EU.2N,2,2001,3,0
15,15.EU.2N,2,2001,4,0
15,15.EU.2N,2,2002,1,0
15,15.EU.2N,2,2002,2,0
15,15.EU.2N,2,2002,3,0
15,15.EU.2N,2,2002,4,0
15,15.EU.2N,2,2003,1,0
15,15.EU.2N,2,2003,2,0
15,15.EU.2N,2,2003,3,0
15,15.EU.2N,2,2003,4,0
15,15.EU.2N,2,2004,1,0
15,15.EU.2N,2,2004,2,13.507
15,15.EU.2N,2,2004,3,4.442
15,15.EU.2N,2,2004,4,0
15,15.EU.2N,2,2005,1,0
15,15.EU.2N,2,2005,2,1.07
15,15.EU.2N,2,2005,3,0
15,15.EU.2N,2,2005,4,0
15,15.EU.2N,2,2006,1,0
15,15.EU.2N,2,2006,2,0
15,15.EU.2N,2,2006,3,0
15,15.EU.2N,2,2006,4,0
15,15.EU.2N,2,2007,1,0
15,15.EU.2N,2,2007,2,0
15,15.EU.2N,2,2007,3,3.972
15,15.EU.2N,2,2007,4,1.264
15,15.EU.2N,2,2008,1,0
15,15.EU.2N,2,2008,2,0
15,15.EU.2N,2,2008,3,0
15,15.EU.2N,2,2008,4,1.847
15,15.EU.2N,2,2009,1,0
15,15.EU.2N,2,2009,2,0
15,15.EU.2N,2,2009,3,0
15,15.EU.2N,2,2009,4,63.153
15,15.EU.2N,2,2010,1,1.912
15,15.EU.2N,2,2010,2,0
15,15.EU.2N,2,2010,3,0
15,15.EU.2N,2,2010,4,0
15,15.EU.2N,2,2011,1,0
15,15.EU.2N,2,2011,2,0
15,15.EU.2N,2,2011,3,0
15,15.EU.2N,2,2011,4,0
15,15.EU.2N,2,2012,1,0
15,15.EU.2N,2,2012,2,0
15,15.EU.2N,2,2012,3,0
15,15.EU.2N,2,2012,4,0
15,15.EU.2N,2,2013,1,0
15,15.EU.2N,2,2013,2,0
15,15.EU.2N,2,2013,3,0
15,15.EU.2N,2,2013,4,0
15,15.EU.2N,2,2014,1,0
15,15.EU.2N,2,2014,2,0
15,15.EU.2N,2,2014,3,0
15,15.EU.2N,2,2014,4,0
15,15.EU.2N,2,2015,1,0
15,15.EU.2N,2,2015,2,0
15,15.EU.2N,2,2015,3,0
15,15.EU.2N,2,2015,4,0
15,15.EU.2N,2,2016,1,0
15,15.EU.2N,2,2016,2,0
15,15.EU.2N,2,2016,3,0
15,15.EU.2N,2,2016,4,0
15,15.EU.2N,2,2017,1,0
15,15.EU.2N,2,2017,2,0
15,15.EU.2N,2,2017,3,0
15,15.EU.2N,2,2017,4,0
15,15.EU.2N,2,2018,1,0
15,15.EU.2N,2,2018,2,0
15,15.EU.2N,2,2018,3,0
15,15.EU.2N,2,2018,4,0
15,15.EU.2N,2,2019,1,0
15,15.EU.2N,2,2019,2,0
15,15.EU.2N,2,2019,3,0
15,15.EU.2N,2,2019,4,0
15,15.EU.2N,2,2020,1,0
15,15.EU.2N,2,2020,2,0
15,15.EU.2N,2,2020,3,0
15,15.EU.2N,2,2020,4,0
15,15.EU.2N,2,2021,1,0
15,15.EU.2N,2,2021,2,0
15,15.EU.2N,2,2021,3,0
15,15.EU.2N,2,2021,4,0
15,15.EU.2N,2,2022,1,0
15,15.EU.2N,2,2022,2,0
15,15.EU.2N,2,2022,3,0
15,15.EU.2N,2,2022,4,0
15,15.EU.2N,2,2023,1,0
15,15.EU.2N,2,2023,2,0
15,15.EU.2N,2,2023,3,0
15,15.EU.2N,2,2023,4,0
16,16.EU.2C,2,1952,1,0
16,16.EU.2C,2,1952,2,0
16,16.EU.2C,2,1952,3,0
16,16.EU.2C,2,1952,4,0
16,16.EU.2C,2,1953,1,0
16,16.EU.2C,2,1953,2,0
16,16.EU.2C,2,1953,3,0
16,16.EU.2C,2,1953,4,0
16,16.EU.2C,2,1954,1,0
16,16.EU.2C,2,1954,2,0
16,16.EU.2C,2,1954,3,0
16,16.EU.2C,2,1954,4,0
16,16.EU.2C,2,1955,1,0
16,16.EU.2C,2,1955,2,0
16,16.EU.2C,2,1955,3,0
16,16.EU.2C,2,1955,4,0
16,16.EU.2C,2,1956,1,0
16,16.EU.2C,2,1956,2,0
16,16.EU.2C,2,1956,3,0
16,16.EU.2C,2,1956,4,0
16,16.EU.2C,2,1957,1,0
16,16.EU.2C,2,1957,2,0
16,16.EU.2C,2,1957,3,0
16,16.EU.2C,2,1957,4,0
16,16.EU.2C,2,1958,1,0
16,16.EU.2C,2,1958,2,0
16,16.EU.2C,2,1958,3,0
16,16.EU.2C,2,1958,4,0
16,16.EU.2C,2,1959,1,0
16,16.EU.2C,2,1959,2,0
16,16.EU.2C,2,1959,3,0
16,16.EU.2C,2,1959,4,0
16,16.EU.2C,2,1960,1,0
16,16.EU.2C,2,1960,2,0
16,16.EU.2C,2,1960,3,0
16,16.EU.2C,2,1960,4,0
16,16.EU.2C,2,1961,1,0
16,16.EU.2C,2,1961,2,0
16,16.EU.2C,2,1961,3,0
16,16.EU.2C,2,1961,4,0
16,16.EU.2C,2,1962,1,0
16,16.EU.2C,2,1962,2,0
16,16.EU.2C,2,1962,3,0
16,16.EU.2C,2,1962,4,0
16,16.EU.2C,2,1963,1,0
16,16.EU.2C,2,1963,2,0
16,16.EU.2C,2,1963,3,0
16,16.EU.2C,2,1963,4,0
16,16.EU.2C,2,1964,1,0
16,16.EU.2C,2,1964,2,0
16,16.EU.2C,2,1964,3,0
16,16.EU.2C,2,1964,4,0
16,16.EU.2C,2,1965,1,0
16,16.EU.2C,2,1965,2,0
16,16.EU.2C,2,1965,3,0
16,16.EU.2C,2,1965,4,0
16,16.EU.2C,2,1966,1,0
16,16.EU.2C,2,1966,2,0
16,16.EU.2C,2,1966,3,0
16,16.EU.2C,2,1966,4,0
16,16.EU.2C,2,1967,1,0
16,16.EU.2C,2,1967,2,0
16,16.EU.2C,2,1967,3,0
16,16.EU.2C,2,1967,4,0
16,16.EU.2C,2,1968,1,0
16,16.EU.2C,2,1968,2,0
16,16.EU.2C,2,1968,3,0
16,16.EU.2C,2,1968,4,0
16,16.EU.2C,2,1969,1,0
16,16.EU.2C,2,1969,2,0
16,16.EU.2C,2,1969,3,0
16,16.EU.2C,2,1969,4,0
16,16.EU.2C,2,1970,1,0
16,16.EU.2C,2,1970,2,0
16,16.EU.2C,2,1970,3,0
16,16.EU.2C,2,1970,4,0
16,16.EU.2C,2,1971,1,0
16,16.EU.2C,2,1971,2,0
16,16.EU.2C,2,1971,3,0
16,16.EU.2C,2,1971,4,0
16,16.EU.2C,2,1972,1,0
16,16.EU.2C,2,1972,2,0
16,16.EU.2C,2,1972,3,0
16,16.EU.2C,2,1972,4,0
16,16.EU.2C,2,1973,1,0
16,16.EU.2C,2,1973,2,0
16,16.EU.2C,2,1973,3,0
16,16.EU.2C,2,1973,4,0
16,16.EU.2C,2,1974,1,0
16,16.EU.2C,2,1974,2,0
16,16.EU.2C,2,1974,3,0
16,16.EU.2C,2,1974,4,0
16,16.EU.2C,2,1975,1,0
16,16.EU.2C,2,1975,2,0
16,16.EU.2C,2,1975,3,0
16,16.EU.2C,2,1975,4,0
16,16.EU.2C,2,1976,1,0
16,16.EU.2C,2,1976,2,0
16,16.EU.2C,2,1976,3,0
16,16.EU.2C,2,1976,4,0
16,16.EU.2C,2,1977,1,0
16,16.EU.2C,2,1977,2,0
16,16.EU.2C,2,1977,3,0
16,16.EU.2C,2,1977,4,0
16,16.EU.2C,2,1978,1,0
16,16.EU.2C,2,1978,2,0
16,16.EU.2C,2,1978,3,0
16,16.EU.2C,2,1978,4,0
16,16.EU.2C,2,1979,1,0
16,16.EU.2C,2,1979,2,0
16,16.EU.2C,2,1979,3,0
16,16.EU.2C,2,1979,4,0
16,16.EU.2C,2,1980,1,0
16,16.EU.2C,2,1980,2,0
16,16.EU.2C,2,1980,3,0
16,16.EU.2C,2,1980,4,0
16,16.EU.2C,2,1981,1,0
16,16.EU.2C,2,1981,2,0
16,16.EU.2C,2,1981,3,0
16,16.EU.2C,2,1981,4,0
16,16.EU.2C,2,1982,1,0
16,16.EU.2C,2,1982,2,0
16,16.EU.2C,2,1982,3,0
16,16.EU.2C,2,1982,4,0
16,16.EU.2C,2,1983,1,0
16,16.EU.2C,2,1983,2,0
16,16.EU.2C,2,1983,3,0
16,16.EU.2C,2,1983,4,0
16,16.EU.2C,2,1984,1,0
16,16.EU.2C,2,1984,2,0
16,16.EU.2C,2,1984,3,0
16,16.EU.2C,2,1984,4,0
16,16.EU.2C,2,1985,1,0
16,16.EU.2C,2,1985,2,0
16,16.EU.2C,2,1985,3,0
16,16.EU.2C,2,1985,4,0
16,16.EU.2C,2,1986,1,0
16,16.EU.2C,2,1986,2,0
16,16.EU.2C,2,1986,3,0
16,16.EU.2C,2,1986,4,0
16,16.EU.2C,2,1987,1,0
16,16.EU.2C,2,1987,2,0
16,16.EU.2C,2,1987,3,0
16,16.EU.2C,2,1987,4,0
16,16.EU.2C,2,1988,1,0
16,16.EU.2C,2,1988,2,0
16,16.EU.2C,2,1988,3,0
16,16.EU.2C,2,1988,4,0
16,16.EU.2C,2,1989,1,0
16,16.EU.2C,2,1989,2,0
16,16.EU.2C,2,1989,3,0
16,16.EU.2C,2,1989,4,0
16,16.EU.2C,2,1990,1,0
16,16.EU.2C,2,1990,2,0
16,16.EU.2C,2,1990,3,0
16,16.EU.2C,2,1990,4,0
16,16.EU.2C,2,1991,1,0
16,16.EU.2C,2,1991,2,0
16,16.EU.2C,2,1991,3,0
16,16.EU.2C,2,1991,4,0
16,16.EU.2C,2,1992,1,0
16,16.EU.2C,2,1992,2,0
16,16.EU.2C,2,1992,3,0
16,16.EU.2C,2,1992,4,0
16,16.EU.2C,2,1993,1,0
16,16.EU.2C,2,1993,2,0
16,16.EU.2C,2,1993,3,0
16,16.EU.2C,2,1993,4,0
16,16.EU.2C,2,1994,1,0
16,16.EU.2C,2,1994,2,0
16,16.EU.2C,2,1994,3,0
16,16.EU.2C,2,1994,4,0
16,16.EU.2C,2,1995,1,0
16,16.EU.2C,2,1995,2,0
16,16.EU.2C,2,1995,3,0
16,16.EU.2C,2,1995,4,0
16,16.EU.2C,2,1996,1,0
16,16.EU.2C,2,1996,2,0
16,16.EU.2C,2,1996,3,0
16,16.EU.2C,2,1996,4,0
16,16.EU.2C,2,1997,1,0
16,16.EU.2C,2,1997,2,0
16,16.EU.2C,2,1997,3,0
16,16.EU.2C,2,1997,4,0
16,16.EU.2C,2,1998,1,0
16,16.EU.2C,2,1998,2,0
16,16.EU.2C,2,1998,3,0
16,16.EU.2C,2,1998,4,0
16,16.EU.2C,2,1999,1,0
16,16.EU.2C,2,1999,2,0
16,16.EU.2C,2,1999,3,0
16,16.EU.2C,2,1999,4,0
16,16.EU.2C,2,2000,1,0
16,16.EU.2C,2,2000,2,0
16,16.EU.2C,2,2000,3,0
16,16.EU.2C,2,2000,4,0
16,16.EU.2C,2,2001,1,0
16,16.EU.2C,2,2001,2,0
16,16.EU.2C,2,2001,3,0
16,16.EU.2C,2,2001,4,0
16,16.EU.2C,2,2002,1,0
16,16.EU.2C,2,2002,2,0
16,16.EU.2C,2,2002,3,0
16,16.EU.2C,2,2002,4,0
16,16.EU.2C,2,2003,1,0
16,16.EU.2C,2,2003,2,0
16,16.EU.2C,2,2003,3,0
16,16.EU.2C,2,2003,4,0
16,16.EU.2C,2,2004,1,0
16,16.EU.2C,2,2004,2,0
16,16.EU.2C,2,2004,3,166.282
16,16.EU.2C,2,2004,4,439.308
16,16.EU.2C,2,2005,1,414.252
16,16.EU.2C,2,2005,2,138.858
16,16.EU.2C,2,2005,3,356.668
16,16.EU.2C,2,2005,4,420.634
16,16.EU.2C,2,2006,1,369.016
16,16.EU.2C,2,2006,2,280.958
16,16.EU.2C,2,2006,3,717.25
16,16.EU.2C,2,2006,4,1628.63
16,16.EU.2C,2,2007,1,1068.13
16,16.EU.2C,2,2007,2,914.686
16,16.EU.2C,2,2007,3,982.803
16,16.EU.2C,2,2007,4,1317.14
16,16.EU.2C,2,2008,1,1065.16
16,16.EU.2C,2,2008,2,611.994
16,16.EU.2C,2,2008,3,466.476
16,16.EU.2C,2,2008,4,589.309
16,16.EU.2C,2,2009,1,328.355
16,16.EU.2C,2,2009,2,475.48
16,16.EU.2C,2,2009,3,310.074
16,16.EU.2C,2,2009,4,111.319
16,16.EU.2C,2,2010,1,65.583
16,16.EU.2C,2,2010,2,462.746
16,16.EU.2C,2,2010,3,226.154
16,16.EU.2C,2,2010,4,58.851
16,16.EU.2C,2,2011,1,299.668
16,16.EU.2C,2,2011,2,463.829
16,16.EU.2C,2,2011,3,278.746
16,16.EU.2C,2,2011,4,201.579
16,16.EU.2C,2,2012,1,388.032
16,16.EU.2C,2,2012,2,634.286
16,16.EU.2C,2,2012,3,366.735
16,16.EU.2C,2,2012,4,305.501
16,16.EU.2C,2,2013,1,357.173
16,16.EU.2C,2,2013,2,462.414
16,16.EU.2C,2,2013,3,379.413
16,16.EU.2C,2,2013,4,378.495
16,16.EU.2C,2,2014,1,367.457
16,16.EU.2C,2,2014,2,281.743
16,16.EU.2C,2,2014,3,291.637
16,16.EU.2C,2,2014,4,540.9
16,16.EU.2C,2,2015,1,804.665
16,16.EU.2C,2,2015,2,302.718
16,16.EU.2C,2,2015,3,175.923
16,16.EU.2C,2,2015,4,370.046
16,16.EU.2C,2,2016,1,178.566
16,16.EU.2C,2,2016,2,271.115
16,16.EU.2C,2,2016,3,132.88
16,16.EU.2C,2,2016,4,519.6
16,16.EU.2C,2,2017,1,224.192
16,16.EU.2C,2,2017,2,139.06
16,16.EU.2C,2,2017,3,182.685
16,16.EU.2C,2,2017,4,333.822
16,16.EU.2C,2,2018,1,187.149
16,16.EU.2C,2,2018,2,262.67
16,16.EU.2C,2,2018,3,231.664
16,16.EU.2C,2,2018,4,307.987
16,16.EU.2C,2,2019,1,158.907
16,16.EU.2C,2,2019,2,197.567
16,16.EU.2C,2,2019,3,299.553
16,16.EU.2C,2,2019,4,365.487
16,16.EU.2C,2,2020,1,317.032
16,16.EU.2C,2,2020,2,513.933
16,16.EU.2C,2,2020,3,237.198
16,16.EU.2C,2,2020,4,286.259
16,16.EU.2C,2,2021,1,195.046
16,16.EU.2C,2,2021,2,200.93
16,16.EU.2C,2,2021,3,506.673
16,16.EU.2C,2,2021,4,788.795
16,16.EU.2C,2,2022,1,294.154
16,16.EU.2C,2,2022,2,269.723
16,16.EU.2C,2,2022,3,511.9
16,16.EU.2C,2,2022,4,436.06
16,16.EU.2C,2,2023,1,489.301
16,16.EU.2C,2,2023,2,285.875
16,16.EU.2C,2,2023,3,343.436
16,16.EU.2C,2,2023,4,572.764
17,17.EU.2S,2,1952,1,0
17,17.EU.2S,2,1952,2,0
17,17.EU.2S,2,1952,3,0
17,17.EU.2S,2,1952,4,0
17,17.EU.2S,2,1953,1,0
17,17.EU.2S,2,1953,2,0
17,17.EU.2S,2,1953,3,0
17,17.EU.2S,2,1953,4,0
17,17.EU.2S,2,1954,1,0
17,17.EU.2S,2,1954,2,0
17,17.EU.2S,2,1954,3,0
17,17.EU.2S,2,1954,4,0
17,17.EU.2S,2,1955,1,0
17,17.EU.2S,2,1955,2,0
17,17.EU.2S,2,1955,3,0
17,17.EU.2S,2,1955,4,0
17,17.EU.2S,2,1956,1,0
17,17.EU.2S,2,1956,2,0
17,17.EU.2S,2,1956,3,0
17,17.EU.2S,2,1956,4,0
17,17.EU.2S,2,1957,1,0
17,17.EU.2S,2,1957,2,0
17,17.EU.2S,2,1957,3,0
17,17.EU.2S,2,1957,4,0
17,17.EU.2S,2,1958,1,0
17,17.EU.2S,2,1958,2,0
17,17.EU.2S,2,1958,3,0
17,17.EU.2S,2,1958,4,0
17,17.EU.2S,2,1959,1,0
17,17.EU.2S,2,1959,2,0
17,17.EU.2S,2,1959,3,0
17,17.EU.2S,2,1959,4,0
17,17.EU.2S,2,1960,1,0
17,17.EU.2S,2,1960,2,0
17,17.EU.2S,2,1960,3,0
17,17.EU.2S,2,1960,4,0
17,17.EU.2S,2,1961,1,0
17,17.EU.2S,2,1961,2,0
17,17.EU.2S,2,1961,3,0
17,17.EU.2S,2,1961,4,0
17,17.EU.2S,2,1962,1,0
17,17.EU.2S,2,1962,2,0
17,17.EU.2S,2,1962,3,0
17,17.EU.2S,2,1962,4,0
17,17.EU.2S,2,1963,1,0
17,17.EU.2S,2,1963,2,0
17,17.EU.2S,2,1963,3,0
17,17.EU.2S,2,1963,4,0
17,17.EU.2S,2,1964,1,0
17,17.EU.2S,2,1964,2,0
17,17.EU.2S,2,1964,3,0
17,17.EU.2S,2,1964,4,0
17,17.EU.2S,2,1965,1,0
17,17.EU.2S,2,1965,2,0
17,17.EU.2S,2,1965,3,0
17,17.EU.2S,2,1965,4,0
17,17.EU.2S,2,1966,1,0
17,17.EU.2S,2,1966,2,0
17,17.EU.2S,2,1966,3,0
17,17.EU.2S,2,1966,4,0
17,17.EU.2S,2,1967,1,0
17,17.EU.2S,2,1967,2,0
17,17.EU.2S,2,1967,3,0
17,17.EU.2S,2,1967,4,0
17,17.EU.2S,2,1968,1,0
17,17.EU.2S,2,1968,2,0
17,17.EU.2S,2,1968,3,0
17,17.EU.2S,2,1968,4,0
17,17.EU.2S,2,1969,1,0
17,17.EU.2S,2,1969,2,0
17,17.EU.2S,2,1969,3,0
17,17.EU.2S,2,1969,4,0
17,17.EU.2S,2,1970,1,0
17,17.EU.2S,2,1970,2,0
17,17.EU.2S,2,1970,3,0
17,17.EU.2S,2,1970,4,0
17,17.EU.2S,2,1971,1,0
17,17.EU.2S,2,1971,2,0
17,17.EU.2S,2,1971,3,0
17,17.EU.2S,2,1971,4,0
17,17.EU.2S,2,1972,1,0
17,17.EU.2S,2,1972,2,0
17,17.EU.2S,2,1972,3,0
17,17.EU.2S,2,1972,4,0
17,17.EU.2S,2,1973,1,0
17,17.EU.2S,2,1973,2,0
17,17.EU.2S,2,1973,3,0
17,17.EU.2S,2,1973,4,0
17,17.EU.2S,2,1974,1,0
17,17.EU.2S,2,1974,2,0
17,17.EU.2S,2,1974,3,0
17,17.EU.2S,2,1974,4,0
17,17.EU.2S,2,1975,1,0
17,17.EU.2S,2,1975,2,0
17,17.EU.2S,2,1975,3,0
17,17.EU.2S,2,1975,4,0
17,17.EU.2S,2,1976,1,0
17,17.EU.2S,2,1976,2,0
17,17.EU.2S,2,1976,3,0
17,17.EU.2S,2,1976,4,0
17,17.EU.2S,2,1977,1,0
17,17.EU.2S,2,1977,2,0
17,17.EU.2S,2,1977,3,0
17,17.EU.2S,2,1977,4,0
17,17.EU.2S,2,1978,1,0
17,17.EU.2S,2,1978,2,0
17,17.EU.2S,2,1978,3,0
17,17.EU.2S,2,1978,4,0
17,17.EU.2S,2,1979,1,0
17,17.EU.2S,2,1979,2,0
17,17.EU.2S,2,1979,3,0
17,17.EU.2S,2,1979,4,0
17,17.EU.2S,2,1980,1,0
17,17.EU.2S,2,1980,2,0
17,17.EU.2S,2,1980,3,0
17,17.EU.2S,2,1980,4,0
17,17.EU.2S,2,1981,1,0
17,17.EU.2S,2,1981,2,0
17,17.EU.2S,2,1981,3,0
17,17.EU.2S,2,1981,4,0
17,17.EU.2S,2,1982,1,0
17,17.EU.2S,2,1982,2,0
17,17.EU.2S,2,1982,3,0
17,17.EU.2S,2,1982,4,0
17,17.EU.2S,2,1983,1,0
17,17.EU.2S,2,1983,2,0
17,17.EU.2S,2,1983,3,0
17,17.EU.2S,2,1983,4,0
17,17.EU.2S,2,1984,1,0
17,17.EU.2S,2,1984,2,0
17,17.EU.2S,2,1984,3,0
17,17.EU.2S,2,1984,4,0
17,17.EU.2S,2,1985,1,0
17,17.EU.2S,2,1985,2,0
17,17.EU.2S,2,1985,3,0
17,17.EU.2S,2,1985,4,0
17,17.EU.2S,2,1986,1,0
17,17.EU.2S,2,1986,2,0
17,17.EU.2S,2,1986,3,0
17,17.EU.2S,2,1986,4,0
17,17.EU.2S,2,1987,1,0
17,17.EU.2S,2,1987,2,0
17,17.EU.2S,2,1987,3,0
17,17.EU.2S,2,1987,4,0
17,17.EU.2S,2,1988,1,0
17,17.EU.2S,2,1988,2,0
17,17.EU.2S,2,1988,3,0
17,17.EU.2S,2,1988,4,0
17,17.EU.2S,2,1989,1,0
17,17.EU.2S,2,1989,2,0
17,17.EU.2S,2,1989,3,0
17,17.EU.2S,2,1989,4,0
17,17.EU.2S,2,1990,1,0
17,17.EU.2S,2,1990,2,0
17,17.EU.2S,2,1990,3,0
17,17.EU.2S,2,1990,4,0
17,17.EU.2S,2,1991,1,0
17,17.EU.2S,2,1991,2,0
17,17.EU.2S,2,1991,3,0
17,17.EU.2S,2,1991,4,0
17,17.EU.2S,2,1992,1,0
17,17.EU.2S,2,1992,2,0
17,17.EU.2S,2,1992,3,0
17,17.EU.2S,2,1992,4,0
17,17.EU.2S,2,1993,1,0
17,17.EU.2S,2,1993,2,0
17,17.EU.2S,2,1993,3,0
17,17.EU.2S,2,1993,4,0
17,17.EU.2S,2,1994,1,0
17,17.EU.2S,2,1994,2,0
17,17.EU.2S,2,1994,3,0
17,17.EU.2S,2,1994,4,0
17,17.EU.2S,2,1995,1,0
17,17.EU.2S,2,1995,2,0
17,17.EU.2S,2,1995,3,0
17,17.EU.2S,2,1995,4,0
17,17.EU.2S,2,1996,1,0
17,17.EU.2S,2,1996,2,0
17,17.EU.2S,2,1996,3,0
17,17.EU.2S,2,1996,4,0
17,17.EU.2S,2,1997,1,0
17,17.EU.2S,2,1997,2,0
17,17.EU.2S,2,1997,3,0
17,17.EU.2S,2,1997,4,0
17,17.EU.2S,2,1998,1,0
17,17.EU.2S,2,1998,2,0
17,17.EU.2S,2,1998,3,0
17,17.EU.2S,2,1998,4,0
17,17.EU.2S,2,1999,1,0
17,17.EU.2S,2,1999,2,0
17,17.EU.2S,2,1999,3,0
17,17.EU.2S,2,1999,4,0
17,17.EU.2S,2,2000,1,0
17,17.EU.2S,2,2000,2,0
17,17.EU.2S,2,2000,3,0
17,17.EU.2S,2,2000,4,0
17,17.EU.2S,2,2001,1,0
17,17.EU.2S,2,2001,2,0
17,17.EU.2S,2,2001,3,0
17,17.EU.2S,2,2001,4,0
17,17.EU.2S,2,2002,1,0
17,17.EU.2S,2,2002,2,0
17,17.EU.2S,2,2002,3,0
17,17.EU.2S,2,2002,4,0
17,17.EU.2S,2,2003,1,0
17,17.EU.2S,2,2003,2,0
17,17.EU.2S,2,2003,3,0
17,17.EU.2S,2,2003,4,0
17,17.EU.2S,2,2004,1,0
17,17.EU.2S,2,2004,2,0
17,17.EU.2S,2,2004,3,0
17,17.EU.2S,2,2004,4,0
17,17.EU.2S,2,2005,1,33.335
17,17.EU.2S,2,2005,2,0
17,17.EU.2S,2,2005,3,0
17,17.EU.2S,2,2005,4,0
17,17.EU.2S,2,2006,1,3.563
17,17.EU.2S,2,2006,2,18.914
17,17.EU.2S,2,2006,3,0
17,17.EU.2S,2,2006,4,0
17,17.EU.2S,2,2007,1,1.905
17,17.EU.2S,2,2007,2,0.533
17,17.EU.2S,2,2007,3,0
17,17.EU.2S,2,2007,4,0
17,17.EU.2S,2,2008,1,0
17,17.EU.2S,2,2008,2,0
17,17.EU.2S,2,2008,3,0
17,17.EU.2S,2,2008,4,0
17,17.EU.2S,2,2009,1,14.061
17,17.EU.2S,2,2009,2,74.614
17,17.EU.2S,2,2009,3,0
17,17.EU.2S,2,2009,4,0
17,17.EU.2S,2,2010,1,0
17,17.EU.2S,2,2010,2,0.241
17,17.EU.2S,2,2010,3,0
17,17.EU.2S,2,2010,4,0
17,17.EU.2S,2,2011,1,13.902
17,17.EU.2S,2,2011,2,0
17,17.EU.2S,2,2011,3,0
17,17.EU.2S,2,2011,4,0
17,17.EU.2S,2,2012,1,0
17,17.EU.2S,2,2012,2,0
17,17.EU.2S,2,2012,3,0
17,17.EU.2S,2,2012,4,0
17,17.EU.2S,2,2013,1,1.333
17,17.EU.2S,2,2013,2,0
17,17.EU.2S,2,2013,3,0
17,17.EU.2S,2,2013,4,0
17,17.EU.2S,2,2014,1,0
17,17.EU.2S,2,2014,2,0
17,17.EU.2S,2,2014,3,0
17,17.EU.2S,2,2014,4,0
17,17.EU.2S,2,2015,1,0
17,17.EU.2S,2,2015,2,0
17,17.EU.2S,2,2015,3,0
17,17.EU.2S,2,2015,4,0
17,17.EU.2S,2,2016,1,0
17,17.EU.2S,2,2016,2,0
17,17.EU.2S,2,2016,3,0
17,17.EU.2S,2,2016,4,0
17,17.EU.2S,2,2017,1,0
17,17.EU.2S,2,2017,2,0
17,17.EU.2S,2,2017,3,0
17,17.EU.2S,2,2017,4,0
17,17.EU.2S,2,2018,1,0
17,17.EU.2S,2,2018,2,9.326
17,17.EU.2S,2,2018,3,0
17,17.EU.2S,2,2018,4,0
17,17.EU.2S,2,2019,1,0
17,17.EU.2S,2,2019,2,0
17,17.EU.2S,2,2019,3,0
17,17.EU.2S,2,2019,4,0
17,17.EU.2S,2,2020,1,0
17,17.EU.2S,2,2020,2,0
17,17.EU.2S,2,2020,3,0
17,17.EU.2S,2,2020,4,0
17,17.EU.2S,2,2021,1,0
17,17.EU.2S,2,2021,2,0
17,17.EU.2S,2,2021,3,0
17,17.EU.2S,2,2021,4,0
17,17.EU.2S,2,2022,1,0
17,17.EU.2S,2,2022,2,0
17,17.EU.2S,2,2022,3,0
17,17.EU.2S,2,2022,4,0
17,17.EU.2S,2,2023,1,0
17,17.EU.2S,2,2023,2,0
17,17.EU.2S,2,2023,3,0
17,17.EU.2S,2,2023,4,0
18,18.PICT.2N,2,1952,1,0
18,18.PICT.2N,2,1952,2,0
18,18.PICT.2N,2,1952,3,0
18,18.PICT.2N,2,1952,4,0
18,18.PICT.2N,2,1953,1,0
18,18.PICT.2N,2,1953,2,0
18,18.PICT.2N,2,1953,3,0
18,18.PICT.2N,2,1953,4,0
18,18.PICT.2N,2,1954,1,0
18,18.PICT.2N,2,1954,2,0
18,18.PICT.2N,2,1954,3,0
18,18.PICT.2N,2,1954,4,0
18,18.PICT.2N,2,1955,1,0
18,18.PICT.2N,2,1955,2,0
18,18.PICT.2N,2,1955,3,0
18,18.PICT.2N,2,1955,4,0
18,18.PICT.2N,2,1956,1,0
18,18.PICT.2N,2,1956,2,0
18,18.PICT.2N,2,1956,3,0
18,18.PICT.2N,2,1956,4,0
18,18.PICT.2N,2,1957,1,0
18,18.PICT.2N,2,1957,2,0
18,18.PICT.2N,2,1957,3,0
18,18.PICT.2N,2,1957,4,0
18,18.PICT.2N,2,1958,1,0
18,18.PICT.2N,2,1958,2,0
18,18.PICT.2N,2,1958,3,0
18,18.PICT.2N,2,1958,4,0
18,18.PICT.2N,2,1959,1,0
18,18.PICT.2N,2,1959,2,0
18,18.PICT.2N,2,1959,3,0
18,18.PICT.2N,2,1959,4,0
18,18.PICT.2N,2,1960,1,0
18,18.PICT.2N,2,1960,2,0
18,18.PICT.2N,2,1960,3,0
18,18.PICT.2N,2,1960,4,0
18,18.PICT.2N,2,1961,1,0
18,18.PICT.2N,2,1961,2,0
18,18.PICT.2N,2,1961,3,0
18,18.PICT.2N,2,1961,4,0
18,18.PICT.2N,2,1962,1,0
18,18.PICT.2N,2,1962,2,0
18,18.PICT.2N,2,1962,3,0
18,18.PICT.2N,2,1962,4,0
18,18.PICT.2N,2,1963,1,0
18,18.PICT.2N,2,1963,2,0
18,18.PICT.2N,2,1963,3,0
18,18.PICT.2N,2,1963,4,0
18,18.PICT.2N,2,1964,1,0
18,18.PICT.2N,2,1964,2,0
18,18.PICT.2N,2,1964,3,0
18,18.PICT.2N,2,1964,4,0
18,18.PICT.2N,2,1965,1,0
18,18.PICT.2N,2,1965,2,0
18,18.PICT.2N,2,1965,3,0
18,18.PICT.2N,2,1965,4,0
18,18.PICT.2N,2,1966,1,0
18,18.PICT.2N,2,1966,2,0
18,18.PICT.2N,2,1966,3,0
18,18.PICT.2N,2,1966,4,0
18,18.PICT.2N,2,1967,1,0
18,18.PICT.2N,2,1967,2,0
18,18.PICT.2N,2,1967,3,0
18,18.PICT.2N,2,1967,4,0
18,18.PICT.2N,2,1968,1,0
18,18.PICT.2N,2,1968,2,0
18,18.PICT.2N,2,1968,3,0
18,18.PICT.2N,2,1968,4,0
18,18.PICT.2N,2,1969,1,0
18,18.PICT.2N,2,1969,2,0
18,18.PICT.2N,2,1969,3,0
18,18.PICT.2N,2,1969,4,0
18,18.PICT.2N,2,1970,1,0
18,18.PICT.2N,2,1970,2,0
18,18.PICT.2N,2,1970,3,0
18,18.PICT.2N,2,1970,4,0
18,18.PICT.2N,2,1971,1,0
18,18.PICT.2N,2,1971,2,0
18,18.PICT.2N,2,1971,3,0
18,18.PICT.2N,2,1971,4,0
18,18.PICT.2N,2,1972,1,0
18,18.PICT.2N,2,1972,2,0
18,18.PICT.2N,2,1972,3,0
18,18.PICT.2N,2,1972,4,0
18,18.PICT.2N,2,1973,1,0
18,18.PICT.2N,2,1973,2,0
18,18.PICT.2N,2,1973,3,0
18,18.PICT.2N,2,1973,4,0
18,18.PICT.2N,2,1974,1,0
18,18.PICT.2N,2,1974,2,0
18,18.PICT.2N,2,1974,3,0
18,18.PICT.2N,2,1974,4,0
18,18.PICT.2N,2,1975,1,0
18,18.PICT.2N,2,1975,2,0
18,18.PICT.2N,2,1975,3,0
18,18.PICT.2N,2,1975,4,0
18,18.PICT.2N,2,1976,1,0
18,18.PICT.2N,2,1976,2,0
18,18.PICT.2N,2,1976,3,0
18,18.PICT.2N,2,1976,4,0
18,18.PICT.2N,2,1977,1,0
18,18.PICT.2N,2,1977,2,0
18,18.PICT.2N,2,1977,3,0
18,18.PICT.2N,2,1977,4,0
18,18.PICT.2N,2,1978,1,0
18,18.PICT.2N,2,1978,2,0
18,18.PICT.2N,2,1978,3,0
18,18.PICT.2N,2,1978,4,0
18,18.PICT.2N,2,1979,1,0
18,18.PICT.2N,2,1979,2,0
18,18.PICT.2N,2,1979,3,0
18,18.PICT.2N,2,1979,4,0
18,18.PICT.2N,2,1980,1,0
18,18.PICT.2N,2,1980,2,0
18,18.PICT.2N,2,1980,3,0
18,18.PICT.2N,2,1980,4,0
18,18.PICT.2N,2,1981,1,0
18,18.PICT.2N,2,1981,2,0
18,18.PICT.2N,2,1981,3,0
18,18.PICT.2N,2,1981,4,0
18,18.PICT.2N,2,1982,1,0.19019
18,18.PICT.2N,2,1982,2,0
18,18.PICT.2N,2,1982,3,0
18,18.PICT.2N,2,1982,4,0
18,18.PICT.2N,2,1983,1,0
18,18.PICT.2N,2,1983,2,0.233781
18,18.PICT.2N,2,1983,3,0
18,18.PICT.2N,2,1983,4,0
18,18.PICT.2N,2,1984,1,0
18,18.PICT.2N,2,1984,2,0
18,18.PICT.2N,2,1984,3,0
18,18.PICT.2N,2,1984,4,0
18,18.PICT.2N,2,1985,1,0
18,18.PICT.2N,2,1985,2,0
18,18.PICT.2N,2,1985,3,0
18,18.PICT.2N,2,1985,4,3.22908
18,18.PICT.2N,2,1986,1,0.328962
18,18.PICT.2N,2,1986,2,0
18,18.PICT.2N,2,1986,3,0
18,18.PICT.2N,2,1986,4,0.568933
18,18.PICT.2N,2,1987,1,0.285627
18,18.PICT.2N,2,1987,2,0
18,18.PICT.2N,2,1987,3,0
18,18.PICT.2N,2,1987,4,0
18,18.PICT.2N,2,1988,1,0
18,18.PICT.2N,2,1988,2,0
18,18.PICT.2N,2,1988,3,0
18,18.PICT.2N,2,1988,4,0.606521
18,18.PICT.2N,2,1989,1,0.325077
18,18.PICT.2N,2,1989,2,0
18,18.PICT.2N,2,1989,3,0.588445
18,18.PICT.2N,2,1989,4,1.40869
18,18.PICT.2N,2,1990,1,0.718531
18,18.PICT.2N,2,1990,2,0.172651
18,18.PICT.2N,2,1990,3,0
18,18.PICT.2N,2,1990,4,0.422704
18,18.PICT.2N,2,1991,1,0.126023
18,18.PICT.2N,2,1991,2,1.66151
18,18.PICT.2N,2,1991,3,0.71326
18,18.PICT.2N,2,1991,4,1.88335
18,18.PICT.2N,2,1992,1,2.56127
18,18.PICT.2N,2,1992,2,6.58267
18,18.PICT.2N,2,1992,3,10.2747
18,18.PICT.2N,2,1992,4,4.4674
18,18.PICT.2N,2,1993,1,3.06576
18,18.PICT.2N,2,1993,2,2.41956
18,18.PICT.2N,2,1993,3,3.57356
18,18.PICT.2N,2,1993,4,4.86306
18,18.PICT.2N,2,1994,1,10.4258
18,18.PICT.2N,2,1994,2,17.2328
18,18.PICT.2N,2,1994,3,39.3003
18,18.PICT.2N,2,1994,4,58.069
18,18.PICT.2N,2,1995,1,16.1515
18,18.PICT.2N,2,1995,2,22.6993
18,18.PICT.2N,2,1995,3,25.6056
18,18.PICT.2N,2,1995,4,21.9227
18,18.PICT.2N,2,1996,1,27.0747
18,18.PICT.2N,2,1996,2,20.853
18,18.PICT.2N,2,1996,3,28.8443
18,18.PICT.2N,2,1996,4,44.3874
18,18.PICT.2N,2,1997,1,18.9692
18,18.PICT.2N,2,1997,2,23.8626
18,18.PICT.2N,2,1997,3,20.4775
18,18.PICT.2N,2,1997,4,30.5981
18,18.PICT.2N,2,1998,1,32.7871
18,18.PICT.2N,2,1998,2,41.2569
18,18.PICT.2N,2,1998,3,34.4863
18,18.PICT.2N,2,1998,4,29.2101
18,18.PICT.2N,2,1999,1,38.1362
18,18.PICT.2N,2,1999,2,37.63
18,18.PICT.2N,2,1999,3,37.8868
18,18.PICT.2N,2,1999,4,29.2234
18,18.PICT.2N,2,2000,1,33.1877
18,18.PICT.2N,2,2000,2,34.1055
18,18.PICT.2N,2,2000,3,34.2533
18,18.PICT.2N,2,2000,4,48.4529
18,18.PICT.2N,2,2001,1,38.0295
18,18.PICT.2N,2,2001,2,31.8182
18,18.PICT.2N,2,2001,3,48.0044
18,18.PICT.2N,2,2001,4,54.5699
18,18.PICT.2N,2,2002,1,43.3481
18,18.PICT.2N,2,2002,2,44.3178
18,18.PICT.2N,2,2002,3,56.0465
18,18.PICT.2N,2,2002,4,79.9792
18,18.PICT.2N,2,2003,1,52.6173
18,18.PICT.2N,2,2003,2,36.2844
18,18.PICT.2N,2,2003,3,36.4645
18,18.PICT.2N,2,2003,4,69.3005
18,18.PICT.2N,2,2004,1,37.2333
18,18.PICT.2N,2,2004,2,40.7143
18,18.PICT.2N,2,2004,3,41.5396
18,18.PICT.2N,2,2004,4,74.066
18,18.PICT.2N,2,2005,1,34.6235
18,18.PICT.2N,2,2005,2,32.6237
18,18.PICT.2N,2,2005,3,40.8858
18,18.PICT.2N,2,2005,4,52.6573
18,18.PICT.2N,2,2006,1,32.8686
18,18.PICT.2N,2,2006,2,26.9531
18,18.PICT.2N,2,2006,3,29.7094
18,18.PICT.2N,2,2006,4,49.1631
18,18.PICT.2N,2,2007,1,31.5136
18,18.PICT.2N,2,2007,2,22.2486
18,18.PICT.2N,2,2007,3,32.6095
18,18.PICT.2N,2,2007,4,47.5694
18,18.PICT.2N,2,2008,1,23.1082
18,18.PICT.2N,2,2008,2,24.0247
18,18.PICT.2N,2,2008,3,22.1918
18,18.PICT.2N,2,2008,4,41.2815
18,18.PICT.2N,2,2009,1,33.2833
18,18.PICT.2N,2,2009,2,25.1858
18,18.PICT.2N,2,2009,3,31.3031
18,18.PICT.2N,2,2009,4,42.7033
18,18.PICT.2N,2,2010,1,29.8447
18,18.PICT.2N,2,2010,2,25.0482
18,18.PICT.2N,2,2010,3,37.2697
18,18.PICT.2N,2,2010,4,54.3544
18,18.PICT.2N,2,2011,1,81.2475
18,18.PICT.2N,2,2011,2,132.63
18,18.PICT.2N,2,2011,3,68.862
18,18.PICT.2N,2,2011,4,147.883
18,18.PICT.2N,2,2012,1,79.2431
18,18.PICT.2N,2,2012,2,123.647
18,18.PICT.2N,2,2012,3,120.99
18,18.PICT.2N,2,2012,4,149.625
18,18.PICT.2N,2,2013,1,91.1705
18,18.PICT.2N,2,2013,2,81.2439
18,18.PICT.2N,2,2013,3,101.05
18,18.PICT.2N,2,2013,4,117.766
18,18.PICT.2N,2,2014,1,100.688
18,18.PICT.2N,2,2014,2,99.524
18,18.PICT.2N,2,2014,3,113.564
18,18.PICT.2N,2,2014,4,125.229
18,18.PICT.2N,2,2015,1,64.1272
18,18.PICT.2N,2,2015,2,61.7431
18,18.PICT.2N,2,2015,3,96.3585
18,18.PICT.2N,2,2015,4,112.229
18,18.PICT.2N,2,2016,1,44.5141
18,18.PICT.2N,2,2016,2,41.9954
18,18.PICT.2N,2,2016,3,74.0952
18,18.PICT.2N,2,2016,4,58.9254
18,18.PICT.2N,2,2017,1,25.1217
18,18.PICT.2N,2,2017,2,37.46
18,18.PICT.2N,2,2017,3,52.5098
18,18.PICT.2N,2,2017,4,58.1139
18,18.PICT.2N,2,2018,1,30.8355
18,18.PICT.2N,2,2018,2,23.7276
18,18.PICT.2N,2,2018,3,56.7245
18,18.PICT.2N,2,2018,4,57.0293
18,18.PICT.2N,2,2019,1,35.2113
18,18.PICT.2N,2,2019,2,29.2627
18,18.PICT.2N,2,2019,3,56.0167
18,18.PICT.2N,2,2019,4,103.552
18,18.PICT.2N,2,2020,1,45.9351
18,18.PICT.2N,2,2020,2,21.943
18,18.PICT.2N,2,2020,3,38.4767
18,18.PICT.2N,2,2020,4,59.3625
18,18.PICT.2N,2,2021,1,17.1848
18,18.PICT.2N,2,2021,2,24.6705
18,18.PICT.2N,2,2021,3,40.9413
18,18.PICT.2N,2,2021,4,68.0726
18,18.PICT.2N,2,2022,1,44.3995
18,18.PICT.2N,2,2022,2,72.5221
18,18.PICT.2N,2,2022,3,90.1318
18,18.PICT.2N,2,2022,4,144.457
18,18.PICT.2N,2,2023,1,50.9078
18,18.PICT.2N,2,2023,2,45.1926
18,18.PICT.2N,2,2023,3,86.5146
18,18.PICT.2N,2,2023,4,137.165
19,19.PICT.2C,2,1952,1,0
19,19.PICT.2C,2,1952,2,0
19,19.PICT.2C,2,1952,3,0
19,19.PICT.2C,2,1952,4,0
19,19.PICT.2C,2,1953,1,0
19,19.PICT.2C,2,1953,2,0
19,19.PICT.2C,2,1953,3,0
19,19.PICT.2C,2,1953,4,0
19,19.PICT.2C,2,1954,1,0
19,19.PICT.2C,2,1954,2,0
19,19.PICT.2C,2,1954,3,0
19,19.PICT.2C,2,1954,4,0
19,19.PICT.2C,2,1955,1,0
19,19.PICT.2C,2,1955,2,0
19,19.PICT.2C,2,1955,3,0
19,19.PICT.2C,2,1955,4,0
19,19.PICT.2C,2,1956,1,0
19,19.PICT.2C,2,1956,2,0
19,19.PICT.2C,2,1956,3,0
19,19.PICT.2C,2,1956,4,0
19,19.PICT.2C,2,1957,1,0
19,19.PICT.2C,2,1957,2,0
19,19.PICT.2C,2,1957,3,0
19,19.PICT.2C,2,1957,4,0
19,19.PICT.2C,2,1958,1,0
19,19.PICT.2C,2,1958,2,0
19,19.PICT.2C,2,1958,3,0
19,19.PICT.2C,2,1958,4,0
19,19.PICT.2C,2,1959,1,0
19,19.PICT.2C,2,1959,2,0
19,19.PICT.2C,2,1959,3,0
19,19.PICT.2C,2,1959,4,0
19,19.PICT.2C,2,1960,1,0
19,19.PICT.2C,2,1960,2,0
19,19.PICT.2C,2,1960,3,0
19,19.PICT.2C,2,1960,4,0
19,19.PICT.2C,2,1961,1,0
19,19.PICT.2C,2,1961,2,0
19,19.PICT.2C,2,1961,3,0
19,19.PICT.2C,2,1961,4,0
19,19.PICT.2C,2,1962,1,0
19,19.PICT.2C,2,1962,2,0
19,19.PICT.2C,2,1962,3,0
19,19.PICT.2C,2,1962,4,0
19,19.PICT.2C,2,1963,1,0
19,19.PICT.2C,2,1963,2,0
19,19.PICT.2C,2,1963,3,0
19,19.PICT.2C,2,1963,4,0
19,19.PICT.2C,2,1964,1,0
19,19.PICT.2C,2,1964,2,0
19,19.PICT.2C,2,1964,3,0
19,19.PICT.2C,2,1964,4,0
19,19.PICT.2C,2,1965,1,0
19,19.PICT.2C,2,1965,2,0
19,19.PICT.2C,2,1965,3,0
19,19.PICT.2C,2,1965,4,0
19,19.PICT.2C,2,1966,1,0
19,19.PICT.2C,2,1966,2,0
19,19.PICT.2C,2,1966,3,0
19,19.PICT.2C,2,1966,4,0
19,19.PICT.2C,2,1967,1,0
19,19.PICT.2C,2,1967,2,0
19,19.PICT.2C,2,1967,3,0
19,19.PICT.2C,2,1967,4,0
19,19.PICT.2C,2,1968,1,0
19,19.PICT.2C,2,1968,2,0
19,19.PICT.2C,2,1968,3,0
19,19.PICT.2C,2,1968,4,0
19,19.PICT.2C,2,1969,1,0
19,19.PICT.2C,2,1969,2,0
19,19.PICT.2C,2,1969,3,0
19,19.PICT.2C,2,1969,4,0
19,19.PICT.2C,2,1970,1,0
19,19.PICT.2C,2,1970,2,0
19,19.PICT.2C,2,1970,3,0
19,19.PICT.2C,2,1970,4,0
19,19.PICT.2C,2,1971,1,0
19,19.PICT.2C,2,1971,2,0
19,19.PICT.2C,2,1971,3,0
19,19.PICT.2C,2,1971,4,0
19,19.PICT.2C,2,1972,1,0
19,19.PICT.2C,2,1972,2,0
19,19.PICT.2C,2,1972,3,0
19,19.PICT.2C,2,1972,4,0
19,19.PICT.2C,2,1973,1,0
19,19.PICT.2C,2,1973,2,0
19,19.PICT.2C,2,1973,3,0
19,19.PICT.2C,2,1973,4,0
19,19.PICT.2C,2,1974,1,0
19,19.PICT.2C,2,1974,2,0
19,19.PICT.2C,2,1974,3,0
19,19.PICT.2C,2,1974,4,0
19,19.PICT.2C,2,1975,1,0
19,19.PICT.2C,2,1975,2,0
19,19.PICT.2C,2,1975,3,0
19,19.PICT.2C,2,1975,4,0
19,19.PICT.2C,2,1976,1,0
19,19.PICT.2C,2,1976,2,0
19,19.PICT.2C,2,1976,3,0
19,19.PICT.2C,2,1976,4,0
19,19.PICT.2C,2,1977,1,0
19,19.PICT.2C,2,1977,2,0
19,19.PICT.2C,2,1977,3,0
19,19.PICT.2C,2,1977,4,0
19,19.PICT.2C,2,1978,1,0
19,19.PICT.2C,2,1978,2,0
19,19.PICT.2C,2,1978,3,0
19,19.PICT.2C,2,1978,4,0
19,19.PICT.2C,2,1979,1,0
19,19.PICT.2C,2,1979,2,0
19,19.PICT.2C,2,1979,3,0
19,19.PICT.2C,2,1979,4,0
19,19.PICT.2C,2,1980,1,0
19,19.PICT.2C,2,1980,2,0
19,19.PICT.2C,2,1980,3,0
19,19.PICT.2C,2,1980,4,0
19,19.PICT.2C,2,1981,1,0
19,19.PICT.2C,2,1981,2,0
19,19.PICT.2C,2,1981,3,0
19,19.PICT.2C,2,1981,4,0
19,19.PICT.2C,2,1982,1,0
19,19.PICT.2C,2,1982,2,0.553091
19,19.PICT.2C,2,1982,3,1.89534
19,19.PICT.2C,2,1982,4,0
19,19.PICT.2C,2,1983,1,0
19,19.PICT.2C,2,1983,2,1.57747
19,19.PICT.2C,2,1983,3,0.946021
19,19.PICT.2C,2,1983,4,0
19,19.PICT.2C,2,1984,1,0
19,19.PICT.2C,2,1984,2,0
19,19.PICT.2C,2,1984,3,0
19,19.PICT.2C,2,1984,4,0
19,19.PICT.2C,2,1985,1,0
19,19.PICT.2C,2,1985,2,0
19,19.PICT.2C,2,1985,3,2.50649
19,19.PICT.2C,2,1985,4,1.56468
19,19.PICT.2C,2,1986,1,0.547202
19,19.PICT.2C,2,1986,2,0
19,19.PICT.2C,2,1986,3,3.59226
19,19.PICT.2C,2,1986,4,1.01622
19,19.PICT.2C,2,1987,1,4.85411
19,19.PICT.2C,2,1987,2,0.548758
19,19.PICT.2C,2,1987,3,1.17802
19,19.PICT.2C,2,1987,4,0
19,19.PICT.2C,2,1988,1,1.49716
19,19.PICT.2C,2,1988,2,2.04887
19,19.PICT.2C,2,1988,3,0.0787695
19,19.PICT.2C,2,1988,4,0.62971
19,19.PICT.2C,2,1989,1,1.57195
19,19.PICT.2C,2,1989,2,2.5858
19,19.PICT.2C,2,1989,3,2.03035
19,19.PICT.2C,2,1989,4,1.0115
19,19.PICT.2C,2,1990,1,2.16969
19,19.PICT.2C,2,1990,2,2.0807
19,19.PICT.2C,2,1990,3,3.21637
19,19.PICT.2C,2,1990,4,2.27854
19,19.PICT.2C,2,1991,1,6.46373
19,19.PICT.2C,2,1991,2,2.37535
19,19.PICT.2C,2,1991,3,1.76091
19,19.PICT.2C,2,1991,4,1.30904
19,19.PICT.2C,2,1992,1,2.17039
19,19.PICT.2C,2,1992,2,2.52776
19,19.PICT.2C,2,1992,3,3.04052
19,19.PICT.2C,2,1992,4,3.92803
19,19.PICT.2C,2,1993,1,11.8497
19,19.PICT.2C,2,1993,2,7.42467
19,19.PICT.2C,2,1993,3,0.369428
19,19.PICT.2C,2,1993,4,0.148491
19,19.PICT.2C,2,1994,1,1.26783
19,19.PICT.2C,2,1994,2,3.29367
19,19.PICT.2C,2,1994,3,18.0368
19,19.PICT.2C,2,1994,4,46.695
19,19.PICT.2C,2,1995,1,10.214
19,19.PICT.2C,2,1995,2,11.0701
19,19.PICT.2C,2,1995,3,16.1967
19,19.PICT.2C,2,1995,4,5.8032
19,19.PICT.2C,2,1996,1,1.6126
19,19.PICT.2C,2,1996,2,4.02163
19,19.PICT.2C,2,1996,3,8.74239
19,19.PICT.2C,2,1996,4,21.706
19,19.PICT.2C,2,1997,1,5.59467
19,19.PICT.2C,2,1997,2,5.82845
19,19.PICT.2C,2,1997,3,15.9881
19,19.PICT.2C,2,1997,4,9.78381
19,19.PICT.2C,2,1998,1,8.7785
19,19.PICT.2C,2,1998,2,38.5418
19,19.PICT.2C,2,1998,3,26.3966
19,19.PICT.2C,2,1998,4,13.588
19,19.PICT.2C,2,1999,1,14.597
19,19.PICT.2C,2,1999,2,36.076
19,19.PICT.2C,2,1999,3,15.2727
19,19.PICT.2C,2,1999,4,32.1043
19,19.PICT.2C,2,2000,1,33.1238
19,19.PICT.2C,2,2000,2,47.5033
19,19.PICT.2C,2,2000,3,35.5151
19,19.PICT.2C,2,2000,4,57.1549
19,19.PICT.2C,2,2001,1,28.6473
19,19.PICT.2C,2,2001,2,78.6818
19,19.PICT.2C,2,2001,3,173.078
19,19.PICT.2C,2,2001,4,24.6307
19,19.PICT.2C,2,2002,1,87.0176
19,19.PICT.2C,2,2002,2,147.398
19,19.PICT.2C,2,2002,3,55.7522
19,19.PICT.2C,2,2002,4,45.9499
19,19.PICT.2C,2,2003,1,249.716
19,19.PICT.2C,2,2003,2,26.9851
19,19.PICT.2C,2,2003,3,216.847
19,19.PICT.2C,2,2003,4,130.612
19,19.PICT.2C,2,2004,1,157.082
19,19.PICT.2C,2,2004,2,169.446
19,19.PICT.2C,2,2004,3,217.887
19,19.PICT.2C,2,2004,4,231.66
19,19.PICT.2C,2,2005,1,169.809
19,19.PICT.2C,2,2005,2,157.605
19,19.PICT.2C,2,2005,3,82.5427
19,19.PICT.2C,2,2005,4,268.051
19,19.PICT.2C,2,2006,1,160.513
19,19.PICT.2C,2,2006,2,35.449
19,19.PICT.2C,2,2006,3,73.5094
19,19.PICT.2C,2,2006,4,82.28
19,19.PICT.2C,2,2007,1,41.0154
19,19.PICT.2C,2,2007,2,21.3958
19,19.PICT.2C,2,2007,3,57.2539
19,19.PICT.2C,2,2007,4,51.2085
19,19.PICT.2C,2,2008,1,18.0691
19,19.PICT.2C,2,2008,2,15.7047
19,19.PICT.2C,2,2008,3,33.5574
19,19.PICT.2C,2,2008,4,32.4886
19,19.PICT.2C,2,2009,1,14.8031
19,19.PICT.2C,2,2009,2,11.5908
19,19.PICT.2C,2,2009,3,39.4101
19,19.PICT.2C,2,2009,4,46.0344
19,19.PICT.2C,2,2010,1,23.2647
19,19.PICT.2C,2,2010,2,57.0213
19,19.PICT.2C,2,2010,3,91.3592
19,19.PICT.2C,2,2010,4,42.4997
19,19.PICT.2C,2,2011,1,14.4176
19,19.PICT.2C,2,2011,2,14.8133
19,19.PICT.2C,2,2011,3,60.2893
19,19.PICT.2C,2,2011,4,36.1329
19,19.PICT.2C,2,2012,1,17.1542
19,19.PICT.2C,2,2012,2,31.5216
19,19.PICT.2C,2,2012,3,68.7445
19,19.PICT.2C,2,2012,4,36.1358
19,19.PICT.2C,2,2013,1,21.2036
19,19.PICT.2C,2,2013,2,22.8318
19,19.PICT.2C,2,2013,3,36.6073
19,19.PICT.2C,2,2013,4,32.4721
19,19.PICT.2C,2,2014,1,24.5379
19,19.PICT.2C,2,2014,2,35.0521
19,19.PICT.2C,2,2014,3,56.1577
19,19.PICT.2C,2,2014,4,48.8792
19,19.PICT.2C,2,2015,1,22.906
19,19.PICT.2C,2,2015,2,19.3914
19,19.PICT.2C,2,2015,3,60.6635
19,19.PICT.2C,2,2015,4,57.9152
19,19.PICT.2C,2,2016,1,15.6079
19,19.PICT.2C,2,2016,2,19.1015
19,19.PICT.2C,2,2016,3,25.8314
19,19.PICT.2C,2,2016,4,83.0879
19,19.PICT.2C,2,2017,1,29.2231
19,19.PICT.2C,2,2017,2,9.7245
19,19.PICT.2C,2,2017,3,51.4761
19,19.PICT.2C,2,2017,4,65.0972
19,19.PICT.2C,2,2018,1,22.246
19,19.PICT.2C,2,2018,2,21.031
19,19.PICT.2C,2,2018,3,63.6153
19,19.PICT.2C,2,2018,4,88.1932
19,19.PICT.2C,2,2019,1,13.6592
19,19.PICT.2C,2,2019,2,14.3424
19,19.PICT.2C,2,2019,3,39.5799
19,19.PICT.2C,2,2019,4,50.3128
19,19.PICT.2C,2,2020,1,9.79987
19,19.PICT.2C,2,2020,2,16.2991
19,19.PICT.2C,2,2020,3,56.4559
19,19.PICT.2C,2,2020,4,47.2963
19,19.PICT.2C,2,2021,1,8.53152
19,19.PICT.2C,2,2021,2,9.49297
19,19.PICT.2C,2,2021,3,21.4216
19,19.PICT.2C,2,2021,4,23.4197
19,19.PICT.2C,2,2022,1,5.89244
19,19.PICT.2C,2,2022,2,4.67768
19,19.PICT.2C,2,2022,3,17.7452
19,19.PICT.2C,2,2022,4,15.6882
19,19.PICT.2C,2,2023,1,6.61706
19,19.PICT.2C,2,2023,2,6.78112
19,19.PICT.2C,2,2023,3,23.3079
19,19.PICT.2C,2,2023,4,21.1226
