Area,Sex,Yr,Age,F
1,1,1952,0,7.72500000000287e-05
2,1,1952,0,7.50000000104833e-07
1,2,1952,0,9.40000000000385e-05
2,2,1952,0,7.50000000104833e-07
1,1,1953,0,0.0001135000000001
2,1,1953,0,2.75000000005132e-06
1,2,1953,0,0.000150000000000095
2,2,1953,0,2.75000000005132e-06
1,1,1954,0,0.000524999999999998
2,1,1954,0,5.17500000000171e-05
1,2,1954,0,0.00073925000000008
2,2,1954,0,6.72500000000742e-05
1,1,1955,0,0.000137000000000054
2,1,1955,0,0.000176750000000059
1,2,1955,0,0.000201000000000118
2,2,1955,0,0.000213000000000019
1,1,1956,0,0.000158500000000061
2,1,1956,0,0.000135500000000066
1,2,1956,0,0.000218250000000086
2,2,1956,0,0.000177750000000088
1,1,1957,0,0.000423249999999986
2,1,1957,0,0.000172999999999979
1,2,1957,0,0.00056350000000005
2,2,1957,0,0.000212750000000095
1,1,1958,0,0.00050024999999998
2,1,1958,0,0.000200250000000013
1,2,1958,0,0.000689250000000086
2,2,1958,0,0.000246750000000073
1,1,1959,0,0.000268500000000005
2,1,1959,0,0.000190000000000023
1,2,1959,0,0.000382250000000028
2,2,1959,0,0.00023250000000008
1,1,1960,0,0.000270250000000027
2,1,1960,0,0.000155250000000051
1,2,1960,0,0.000390000000000112
2,2,1960,0,0.000191750000000046
1,1,1961,0,0.000594749999999977
2,1,1961,0,0.000314000000000036
1,2,1961,0,0.000758250000000071
2,2,1961,0,0.000392500000000018
1,1,1962,0,0.000582250000000006
2,1,1962,0,0.000233750000000033
1,2,1962,0,0.000822500000000059
2,2,1962,0,0.000287000000000037
1,1,1963,0,0.000708250000000077
2,1,1963,0,0.000484249999999964
1,2,1963,0,0.0010102500000001
2,2,1963,0,0.00059375000000006
1,1,1964,0,0.000356000000000023
2,1,1964,0,0.000154750000000092
1,2,1964,0,0.000503750000000025
2,2,1964,0,0.000186250000000054
1,1,1965,0,0.00106175000000008
2,1,1965,0,0.000238249999999995
1,2,1965,0,0.00154325000000011
2,2,1965,0,0.000287499999999996
1,1,1966,0,0.00101324999999997
2,1,1966,0,0.000294000000000016
1,2,1966,0,0.00145100000000009
2,2,1966,0,0.00035800000000008
1,1,1967,0,0.00063325000000003
2,1,1967,0,0.000442250000000088
1,2,1967,0,0.000908250000000055
2,2,1967,0,0.00054675000000004
1,1,1968,0,0.00111675
2,1,1968,0,0.000147250000000043
1,2,1968,0,0.001695
2,2,1968,0,0.000174000000000119
1,1,1969,0,0.000706749999999978
2,1,1969,0,0.00014225000000001
1,2,1969,0,0.00103025000000012
2,2,1969,0,0.00017250000000002
1,1,1970,0,0.00107425000000005
2,1,1970,0,0.000146250000000014
1,2,1970,0,0.00160400000000005
2,2,1970,0,0.000180250000000104
1,1,1971,0,0.00156100000000003
2,1,1971,0,0.000146500000000049
1,2,1971,0,0.00227200000000005
2,2,1971,0,0.000183000000000044
1,1,1972,0,0.00108625000000007
2,1,1972,0,0.000196250000000009
1,2,1972,0,0.00166875000000011
2,2,1972,0,0.000243500000000063
1,1,1973,0,0.00109800000000004
2,1,1973,0,0.000129000000000046
1,2,1973,0,0.00161825000000004
2,2,1973,0,0.000157250000000109
1,1,1974,0,0.00158950000000002
2,1,1974,0,0.000281250000000011
1,2,1974,0,0.00245050000000013
2,2,1974,0,0.000343500000000052
1,1,1975,0,0.000702749999999974
2,1,1975,0,0.000689249999999975
1,2,1975,0,0.00101700000000005
2,2,1975,0,0.000842250000000044
1,1,1976,0,0.00146825000000006
2,1,1976,0,0.000747999999999971
1,2,1976,0,0.00220350000000002
2,2,1976,0,0.000907500000000061
1,1,1977,0,0.000458249999999993
2,1,1977,0,0.000472750000000022
1,2,1977,0,0.000605750000000072
2,2,1977,0,0.000570249999999994
1,1,1978,0,0.000756500000000049
2,1,1978,0,0.000475500000000073
1,2,1978,0,0.00106050000000013
2,2,1978,0,0.000578500000000037
1,1,1979,0,0.00121499999999997
2,1,1979,0,0.000928999999999958
1,2,1979,0,0.00170025000000007
2,2,1979,0,0.00114075000000002
1,1,1980,0,0.00187775000000001
2,1,1980,0,0.000784000000000007
1,2,1980,0,0.00263000000000002
2,2,1980,0,0.000947500000000101
1,1,1981,0,0.00212075
2,1,1981,0,0.000982999999999956
1,2,1981,0,0.00286200000000014
2,2,1981,0,0.00120975000000012
1,1,1982,0,0.00178374999999997
2,1,1982,0,0.00058025000000006
1,2,1982,0,0.00258500000000006
2,2,1982,0,0.000696750000000135
1,1,1983,0,0.000886750000000047
2,1,1983,0,0.000551500000000038
1,2,1983,0,0.00124675000000007
2,2,1983,0,0.000678000000000067
1,1,1984,0,0.0016815
2,1,1984,0,0.000696750000000024
1,2,1984,0,0.0023557500000001
2,2,1984,0,0.000847750000000036
1,1,1985,0,0.00155000000000005
2,1,1985,0,0.00111375000000002
1,2,1985,0,0.00219725000000004
2,2,1985,0,0.00135200000000002
1,1,1986,0,0.000990500000000005
2,1,1986,0,0.000859249999999978
1,2,1986,0,0.00142200000000003
2,2,1986,0,0.00104825000000008
1,1,1987,0,0.00105425000000003
2,1,1987,0,0.00100699999999998
1,2,1987,0,0.00157150000000006
2,2,1987,0,0.00122725000000012
1,1,1988,0,0.00120475000000009
2,1,1988,0,0.00198350000000003
1,2,1988,0,0.0016830000000001
2,2,1988,0,0.00240450000000003
1,1,1989,0,0.00123450000000003
2,1,1989,0,0.00118724999999997
1,2,1989,0,0.00178800000000012
2,2,1989,0,0.00143325000000005
1,1,1990,0,0.00132750000000004
2,1,1990,0,0.00130325000000009
1,2,1990,0,0.00194775000000003
2,2,1990,0,0.0015892500000001
1,1,1991,0,0.00069549999999996
2,1,1991,0,0.00098750000000003
1,2,1991,0,0.00106275000000011
2,2,1991,0,0.00119700000000011
1,1,1992,0,0.000710749999999982
2,1,1992,0,0.00139475
1,2,1992,0,0.00105225000000009
2,2,1992,0,0.00169900000000012
1,1,1993,0,0.000665000000000027
2,1,1993,0,0.00124299999999999
1,2,1993,0,0.000901250000000076
2,2,1993,0,0.0015042500000001
1,1,1994,0,0.000804750000000021
2,1,1994,0,0.00193250000000011
1,2,1994,0,0.00108625000000007
2,2,1994,0,0.00233800000000006
1,1,1995,0,0.000574750000000068
2,1,1995,0,0.0015670000000001
1,2,1995,0,0.000806000000000084
2,2,1995,0,0.00190525000000008
1,1,1996,0,0.0012572500000001
2,1,1996,0,0.001529
1,2,1996,0,0.00194050000000012
2,2,1996,0,0.00183625000000009
1,1,1997,0,0.00253550000000002
2,1,1997,0,0.00140174999999998
1,2,1997,0,0.00389375000000003
2,2,1997,0,0.00168725000000003
1,1,1998,0,0.00266725000000001
2,1,1998,0,0.00303700000000007
1,2,1998,0,0.0042120000000001
2,2,1998,0,0.00370625000000002
1,1,1999,0,0.00333824999999999
2,1,1999,0,0.00328675
1,2,1999,0,0.00520825000000003
2,2,1999,0,0.00398300000000007
1,1,2000,0,0.00297700000000001
2,1,2000,0,0.003135
1,2,2000,0,0.0045932500000001
2,2,2000,0,0.00373450000000008
1,1,2001,0,0.00352075000000007
2,1,2001,0,0.00414700000000001
1,2,2001,0,0.00544000000000011
2,2,2001,0,0.00503000000000009
1,1,2002,0,0.00339825000000005
2,1,2002,0,0.00740574999999999
1,2,2002,0,0.00527275000000005
2,2,2002,0,0.00900975000000004
1,1,2003,0,0.00255775000000003
2,1,2003,0,0.00556400000000001
1,2,2003,0,0.00388450000000007
2,2,2003,0,0.00668950000000001
1,1,2004,0,0.00249474999999999
2,1,2004,0,0.00802225000000001
1,2,2004,0,0.00385275000000007
2,2,2004,0,0.00975950000000014
1,1,2005,0,0.00254774999999996
2,1,2005,0,0.00472125000000001
1,2,2005,0,0.00390774999999999
2,2,2005,0,0.0057862500000001
1,1,2006,0,0.00156175000000003
2,1,2006,0,0.00732825000000004
1,2,2006,0,0.00235400000000008
2,2,2006,0,0.00916950000000005
1,1,2007,0,0.00152725000000009
2,1,2007,0,0.00567300000000004
1,2,2007,0,0.00227400000000011
2,2,2007,0,0.00705325000000001
1,1,2008,0,0.00193500000000002
2,1,2008,0,0.00761275000000006
1,2,2008,0,0.0028935000000001
2,2,2008,0,0.0092835
1,1,2009,0,0.00215224999999997
2,1,2009,0,0.00852549999999996
1,2,2009,0,0.00310600000000005
2,2,2009,0,0.0103315
1,1,2010,0,0.00245649999999997
2,1,2010,0,0.00557974999999999
1,2,2010,0,0.00343175000000007
2,2,2010,0,0.00679200000000013
1,1,2011,0,0.00382400000000005
2,1,2011,0,0.00835350000000001
1,2,2011,0,0.00510200000000005
2,2,2011,0,0.0101807500000001
1,1,2012,0,0.00269300000000006
2,1,2012,0,0.00794349999999999
1,2,2012,0,0.00367250000000008
2,2,2012,0,0.00963100000000006
1,1,2013,0,0.00274399999999997
2,1,2013,0,0.00889075000000006
1,2,2013,0,0.00376500000000002
2,2,2013,0,0.0108065000000002
1,1,2014,0,0.00191825000000001
2,1,2014,0,0.0108015
1,2,2014,0,0.00276325000000011
2,2,2014,0,0.0131295
1,1,2015,0,0.00228249999999997
2,1,2015,0,0.0118995000000001
1,2,2015,0,0.00327525000000006
2,2,2015,0,0.01440125
1,1,2016,0,0.00219049999999998
2,1,2016,0,0.011548
1,2,2016,0,0.00320900000000002
2,2,2016,0,0.014124
1,1,2017,0,0.00261175000000002
2,1,2017,0,0.01211775
1,2,2017,0,0.00384424999999999
2,2,2017,0,0.0148082500000001
1,1,2018,0,0.00286200000000003
2,1,2018,0,0.01328475
1,2,2018,0,0.0040102500000001
2,2,2018,0,0.0161465000000001
1,1,2019,0,0.00226575000000007
2,1,2019,0,0.01025025
1,2,2019,0,0.00329225000000011
2,2,2019,0,0.0125702500000001
1,1,2020,0,0.00132600000000005
2,1,2020,0,0.00646600000000008
1,2,2020,0,0.00197900000000006
2,2,2020,0,0.00791900000000001
1,1,2021,0,0.00147200000000003
2,1,2021,0,0.00634100000000004
1,2,2021,0,0.00214500000000006
2,2,2021,0,0.0078720000000001
1,1,2022,0,0.00214375
2,1,2022,0,0.00786975000000001
1,2,2022,0,0.00307200000000007
2,2,2022,0,0.00966375000000008
1,1,2023,0,0.00231824999999997
2,1,2023,0,0.00637725
1,2,2023,0,0.00337250000000011
2,2,2023,0,0.0078322500000001
1,1,1952,1,0.000287499999999996
2,1,1952,1,2.50000000001638e-06
1,2,1952,1,0.000335499999999989
2,2,1952,1,2.74999999999581e-06
1,1,1953,1,0.000640250000000009
2,1,1953,1,1.09999999999832e-05
1,2,1953,1,0.000749249999999979
2,2,1953,1,1.32500000000202e-05
1,1,1954,1,0.00315725
2,1,1954,1,0.000315999999999983
1,2,1954,1,0.00367424999999999
2,2,1954,1,0.000419999999999976
1,1,1955,1,0.00142124999999999
2,1,1955,1,0.00115474999999998
1,2,1955,1,0.00171149999999998
2,2,1955,1,0.0015175
1,1,1956,1,0.000994749999999989
2,1,1956,1,0.000992250000000028
1,2,1956,1,0.001168
2,2,1956,1,0.00134175000000003
1,1,1957,1,0.00191550000000001
2,1,1957,1,0.000788999999999984
1,2,1957,1,0.00220549999999997
2,2,1957,1,0.000969500000000012
1,1,1958,1,0.00335774999999999
2,1,1958,1,0.00110549999999998
1,2,1958,1,0.003969
2,2,1958,1,0.00142100000000001
1,1,1959,1,0.00212724999999997
2,1,1959,1,0.00149050000000001
1,2,1959,1,0.00253425000000002
2,2,1959,1,0.00196025
1,1,1960,1,0.00197575
2,1,1960,1,0.000880500000000006
1,2,1960,1,0.00232274999999998
2,2,1960,1,0.00116474999999999
1,1,1961,1,0.00311875
2,1,1961,1,0.00168125000000002
1,2,1961,1,0.00368750000000001
2,2,1961,1,0.00219374999999999
1,1,1962,1,0.00521925000000001
2,1,1962,1,0.001052
1,2,1962,1,0.0062835
2,2,1962,1,0.00128499999999998
1,1,1963,1,0.00610699999999997
2,1,1963,1,0.00223950000000001
1,2,1963,1,0.007351
2,2,1963,1,0.00275150000000002
1,1,1964,1,0.00357599999999997
2,1,1964,1,0.000834999999999975
1,2,1964,1,0.00435950000000002
2,2,1964,1,0.00103675000000003
1,1,1965,1,0.01105
2,1,1965,1,0.00124099999999999
1,2,1965,1,0.01340125
2,2,1965,1,0.00154799999999999
1,1,1966,1,0.010563
2,1,1966,1,0.00175399999999998
1,2,1966,1,0.012876
2,2,1966,1,0.00226950000000004
1,1,1967,1,0.00688999999999995
2,1,1967,1,0.00205650000000002
1,2,1967,1,0.00843450000000001
2,2,1967,1,0.00260474999999999
1,1,1968,1,0.014625
2,1,1968,1,0.00113525000000003
1,2,1968,1,0.01791725
2,2,1968,1,0.00148700000000002
1,1,1969,1,0.00904749999999999
2,1,1969,1,0.00119599999999997
1,2,1969,1,0.011155
2,2,1969,1,0.00164750000000002
1,1,1970,1,0.01053475
2,1,1970,1,0.000950249999999986
1,2,1970,1,0.01270675
2,2,1970,1,0.00126674999999998
1,1,1971,1,0.01635275
2,1,1971,1,0.001247
1,2,1971,1,0.01992625
2,2,1971,1,0.00175549999999997
1,1,1972,1,0.01518175
2,1,1972,1,0.00149199999999999
1,2,1972,1,0.01874475
2,2,1972,1,0.00207325000000003
1,1,1973,1,0.01450175
2,1,1973,1,0.000885750000000018
1,2,1973,1,0.0179995
2,2,1973,1,0.00121300000000002
1,1,1974,1,0.01855375
2,1,1974,1,0.00165550000000003
1,2,1974,1,0.02261975
2,2,1974,1,0.00217374999999997
1,1,1975,1,0.00875024999999996
2,1,1975,1,0.00284225000000005
1,2,1975,1,0.010869
2,2,1975,1,0.00345249999999997
1,1,1976,1,0.016545
2,1,1976,1,0.00363950000000002
1,2,1976,1,0.02009775
2,2,1976,1,0.00456125000000002
1,1,1977,1,0.00381125000000004
2,1,1977,1,0.00221375000000001
1,2,1977,1,0.00466850000000002
2,2,1977,1,0.00273475000000001
1,1,1978,1,0.00762125000000002
2,1,1978,1,0.00206675000000001
1,2,1978,1,0.00937850000000001
2,2,1978,1,0.00247950000000002
1,1,1979,1,0.011238
2,1,1979,1,0.00412400000000002
1,2,1979,1,0.01369525
2,2,1979,1,0.00512175000000004
1,1,1980,1,0.01485925
2,1,1980,1,0.00401799999999997
1,2,1980,1,0.01788025
2,2,1980,1,0.00504424999999997
1,1,1981,1,0.0165335
2,1,1981,1,0.00467275
1,2,1981,1,0.0200355
2,2,1981,1,0.00594300000000003
1,1,1982,1,0.017331
2,1,1982,1,0.00346400000000002
1,2,1982,1,0.02108975
2,2,1982,1,0.00453874999999998
1,1,1983,1,0.01068975
2,1,1983,1,0.00260525
1,2,1983,1,0.01330375
2,2,1983,1,0.00331524999999999
1,1,1984,1,0.01410175
2,1,1984,1,0.00329649999999998
1,2,1984,1,0.017051
2,2,1984,1,0.0041215
1,1,1985,1,0.01694825
2,1,1985,1,0.00496825000000001
1,2,1985,1,0.0207985
2,2,1985,1,0.00607150000000001
1,1,1986,1,0.0129905
2,1,1986,1,0.00435875000000002
1,2,1986,1,0.0161195
2,2,1986,1,0.00557475000000002
1,1,1987,1,0.013484
2,1,1987,1,0.00465199999999999
1,2,1987,1,0.016689
2,2,1987,1,0.00586025000000001
1,1,1988,1,0.0172285
2,1,1988,1,0.00874425000000001
1,2,1988,1,0.02179325
2,2,1988,1,0.01076225
1,1,1989,1,0.01676875
2,1,1989,1,0.00586474999999997
1,2,1989,1,0.020938
2,2,1989,1,0.00719000000000003
1,1,1990,1,0.0137855
2,1,1990,1,0.00594850000000002
1,2,1990,1,0.016788
2,2,1990,1,0.00737650000000001
1,1,1991,1,0.0119725
2,1,1991,1,0.004519
1,2,1991,1,0.01498275
2,2,1991,1,0.00558075000000002
1,1,1992,1,0.01403175
2,1,1992,1,0.00569324999999998
1,2,1992,1,0.017927
2,2,1992,1,0.00691724999999999
1,1,1993,1,0.01069475
2,1,1993,1,0.00536674999999998
1,2,1993,1,0.013765
2,2,1993,1,0.00644024999999998
1,1,1994,1,0.01305125
2,1,1994,1,0.00832975000000002
1,2,1994,1,0.01682575
2,2,1994,1,0.010085
1,1,1995,1,0.00958150000000002
2,1,1995,1,0.00635025
1,2,1995,1,0.01226
2,2,1995,1,0.00759100000000001
1,1,1996,1,0.0182285
2,1,1996,1,0.00716700000000003
1,2,1996,1,0.02285825
2,2,1996,1,0.00874549999999996
1,1,1997,1,0.0330445
2,1,1997,1,0.006602
1,2,1997,1,0.041221
2,2,1997,1,0.00811375000000003
1,1,1998,1,0.0348625
2,1,1998,1,0.01360225
1,2,1998,1,0.0435705
2,2,1998,1,0.0166405
1,1,1999,1,0.03903925
2,1,1999,1,0.01639275
1,2,1999,1,0.0482605
2,2,1999,1,0.020131
1,1,2000,1,0.036964
2,1,2000,1,0.018805
1,2,2000,1,0.046366
2,2,2000,1,0.023357
1,1,2001,1,0.03913625
2,1,2001,1,0.025618
1,2,2001,1,0.04832125
2,2,2001,1,0.03215525
1,1,2002,1,0.040241
2,1,2002,1,0.033826
1,2,2002,1,0.05022375
2,2,2002,1,0.04129075
1,1,2003,1,0.03348925
2,1,2003,1,0.02967
1,2,2003,1,0.04232125
2,2,2003,1,0.03715
1,1,2004,1,0.032698
2,1,2004,1,0.040621
1,2,2004,1,0.0409505
2,2,2004,1,0.050478
1,1,2005,1,0.0294115
2,1,2005,1,0.0262765
1,2,2005,1,0.03664025
2,2,2005,1,0.033317
1,1,2006,1,0.01826975
2,1,2006,1,0.04129725
1,2,2006,1,0.0231045
2,2,2006,1,0.05301625
1,1,2007,1,0.0174615
2,1,2007,1,0.0360595
1,2,2007,1,0.021996
2,2,2007,1,0.04737075
1,1,2008,1,0.020147
2,1,2008,1,0.0382205
1,2,2008,1,0.02491475
2,2,2008,1,0.047826
1,1,2009,1,0.02010375
2,1,2009,1,0.03899325
1,2,2009,1,0.0247155
2,2,2009,1,0.04763375
1,1,2010,1,0.021101
2,1,2010,1,0.027588
1,2,2010,1,0.02583075
2,2,2010,1,0.0343375
1,1,2011,1,0.02531275
2,1,2011,1,0.0395745
1,2,2011,1,0.030517
2,2,2011,1,0.048764
1,1,2012,1,0.0229675
2,1,2012,1,0.0392725
1,2,2012,1,0.02831725
2,2,2012,1,0.04857575
1,1,2013,1,0.0221225
2,1,2013,1,0.0408095
1,2,2013,1,0.0270535
2,2,2013,1,0.05014125
1,1,2014,1,0.020175
2,1,2014,1,0.04949275
1,2,2014,1,0.02518175
2,2,2014,1,0.0603715
1,1,2015,1,0.0210745
2,1,2015,1,0.05364175
1,2,2015,1,0.02586025
2,2,2015,1,0.06548575
1,1,2016,1,0.0219485
2,1,2016,1,0.0488952499999999
1,2,2016,1,0.0271775
2,2,2016,1,0.0592555
1,1,2017,1,0.02554675
2,1,2017,1,0.05106775
1,2,2017,1,0.031566
2,2,2017,1,0.06156
1,1,2018,1,0.02631775
2,1,2018,1,0.0594074999999999
1,2,2018,1,0.0326875
2,2,2018,1,0.07227775
1,1,2019,1,0.02715375
2,1,2019,1,0.04443875
1,2,2019,1,0.03427025
2,2,2019,1,0.05404025
1,1,2020,1,0.01542025
2,1,2020,1,0.0315005
1,2,2020,1,0.01938225
2,2,2020,1,0.039358
1,1,2021,1,0.01597275
2,1,2021,1,0.031067
1,2,2021,1,0.019971
2,2,2021,1,0.039071
1,1,2022,1,0.020455
2,1,2022,1,0.03438925
1,2,2022,1,0.02532325
2,2,2022,1,0.042176
1,1,2023,1,0.0285105
2,1,2023,1,0.03092175
1,2,2023,1,0.036023
2,2,2023,1,0.03856075
1,1,1952,2,0.000455000000000039
2,1,1952,2,3.75000000002457e-06
1,2,1952,2,0.000472250000000007
2,2,1952,2,4.24999999998343e-06
1,1,1953,2,0.0010405
2,1,1953,2,1.87500000000118e-05
1,2,1953,2,0.00108649999999999
2,2,1953,2,2.000000000002e-05
1,1,1954,2,0.00475525000000004
2,1,1954,2,0.000771250000000001
1,2,1954,2,0.00488775000000002
2,2,1954,2,0.000852249999999999
1,1,1955,2,0.0023205
2,1,1955,2,0.00292074999999997
1,2,1955,2,0.00238949999999999
2,2,1955,2,0.00327949999999999
1,1,1956,2,0.00157400000000002
2,1,1956,2,0.00255025000000003
1,2,1956,2,0.00162974999999999
2,2,1956,2,0.00283325000000001
1,1,1957,2,0.0027935
2,1,1957,2,0.00153600000000004
1,2,1957,2,0.00286550000000002
2,2,1957,2,0.00165124999999999
1,1,1958,2,0.00517775000000004
2,1,1958,2,0.00249050000000001
1,2,1958,2,0.00531074999999998
2,2,1958,2,0.00273499999999999
1,1,1959,2,0.00332725
2,1,1959,2,0.00382725
1,2,1959,2,0.00340800000000002
2,2,1959,2,0.00427850000000002
1,1,1960,2,0.00300249999999996
2,1,1960,2,0.00222850000000002
1,2,1960,2,0.00307825
2,2,1960,2,0.0025
1,1,1961,2,0.00491275000000002
2,1,1961,2,0.00406800000000002
1,2,1961,2,0.00506449999999997
2,2,1961,2,0.00453549999999997
1,1,1962,2,0.00869449999999999
2,1,1962,2,0.00204775000000001
1,2,1962,2,0.00902675000000003
2,2,1962,2,0.00220999999999999
1,1,1963,2,0.00993575000000002
2,1,1963,2,0.00447400000000003
1,2,1963,2,0.0102275
2,2,1963,2,0.00485075000000001
1,1,1964,2,0.00605600000000001
2,1,1964,2,0.00177500000000003
1,2,1964,2,0.0062605
2,2,1964,2,0.00194074999999999
1,1,1965,2,0.01800075
2,1,1965,2,0.00260575000000002
1,2,1965,2,0.0184565
2,2,1965,2,0.00283675
1,1,1966,2,0.01753175
2,1,1966,2,0.00424200000000002
1,2,1966,2,0.017991
2,2,1966,2,0.00472850000000002
1,1,1967,2,0.01161275
2,1,1967,2,0.00463775
1,2,1967,2,0.01194275
2,2,1967,2,0.00515824999999998
1,1,1968,2,0.024722
2,1,1968,2,0.00296975000000005
1,2,1968,2,0.025416
2,2,1968,2,0.00335075000000001
1,1,1969,2,0.01573175
2,1,1969,2,0.00360250000000001
1,2,1969,2,0.016228
2,2,1969,2,0.00415474999999998
1,1,1970,2,0.0169835
2,1,1970,2,0.00258225000000001
1,2,1970,2,0.017401
2,2,1970,2,0.00294575000000002
1,1,1971,2,0.027282
2,1,1971,2,0.00412450000000003
1,2,1971,2,0.02804075
2,2,1971,2,0.00486300000000001
1,1,1972,2,0.026411
2,1,1972,2,0.00461024999999998
1,2,1972,2,0.027238
2,2,1972,2,0.00536124999999998
1,1,1973,2,0.02610475
2,1,1973,2,0.00271975000000002
1,2,1973,2,0.0270005
2,2,1973,2,0.00316875
1,1,1974,2,0.03104125
2,1,1974,2,0.00441950000000002
1,2,1974,2,0.031878
2,2,1974,2,0.00505974999999997
1,1,1975,2,0.015468
2,1,1975,2,0.00563675000000002
1,2,1975,2,0.01592025
2,2,1975,2,0.00617875000000001
1,1,1976,2,0.02712375
2,1,1976,2,0.00806250000000003
1,2,1976,2,0.02779775
2,2,1976,2,0.00895899999999999
1,1,1977,2,0.00676274999999998
2,1,1977,2,0.004714
1,2,1977,2,0.00702474999999997
2,2,1977,2,0.00521375000000002
1,1,1978,2,0.0133355
2,1,1978,2,0.00384025000000005
1,2,1978,2,0.0137695
2,2,1978,2,0.00411925000000002
1,1,1979,2,0.0193685
2,1,1979,2,0.00871725000000001
1,2,1979,2,0.02003375
2,2,1979,2,0.00960125000000001
1,1,1980,2,0.02426225
2,1,1980,2,0.00879475000000002
1,2,1980,2,0.02495025
2,2,1980,2,0.00969900000000001
1,1,1981,2,0.0282705
2,1,1981,2,0.011017
1,2,1981,2,0.029269
2,2,1981,2,0.01241075
1,1,1982,2,0.02926625
2,1,1982,2,0.00918924999999998
1,2,1982,2,0.03013375
2,2,1982,2,0.01050975
1,1,1983,2,0.019334
2,1,1983,2,0.00619524999999999
1,2,1983,2,0.0199885
2,2,1983,2,0.00699299999999997
1,1,1984,2,0.02303225
2,1,1984,2,0.00722925000000002
1,2,1984,2,0.02363025
2,2,1984,2,0.00802075000000002
1,1,1985,2,0.0288425
2,1,1985,2,0.00992149999999997
1,2,1985,2,0.029659
2,2,1985,2,0.010803
1,1,1986,2,0.02292275
2,1,1986,2,0.01061975
1,2,1986,2,0.02363725
2,2,1986,2,0.012019
1,1,1987,2,0.0234325
2,1,1987,2,0.0106645
1,2,1987,2,0.02409025
2,2,1987,2,0.0119815
1,1,1988,2,0.03226575
2,1,1988,2,0.0182
1,2,1988,2,0.03335825
2,2,1988,2,0.02005675
1,1,1989,2,0.03033575
2,1,1989,2,0.01216175
1,2,1989,2,0.03139025
2,2,1989,2,0.0133175
1,1,1990,2,0.02313825
2,1,1990,2,0.01220275
1,2,1990,2,0.023879
2,2,1990,2,0.0133015
1,1,1991,2,0.0213995
2,1,1991,2,0.00931925
1,2,1991,2,0.0220585
2,2,1991,2,0.010206
1,1,1992,2,0.02685875
2,1,1992,2,0.011076
1,2,1992,2,0.027805
2,2,1992,2,0.01206125
1,1,1993,2,0.021318
2,1,1993,2,0.00984299999999999
1,2,1993,2,0.02218275
2,2,1993,2,0.010525
1,1,1994,2,0.025998
2,1,1994,2,0.015751
1,2,1994,2,0.02696225
2,2,1994,2,0.01693675
1,1,1995,2,0.018755
2,1,1995,2,0.0114075
1,2,1995,2,0.019452
2,2,1995,2,0.0121635
1,1,1996,2,0.0335535
2,1,1996,2,0.01393925
1,2,1996,2,0.03466125
2,2,1996,2,0.0149455
1,1,1997,2,0.06072825
2,1,1997,2,0.01314975
1,2,1997,2,0.06285275
2,2,1997,2,0.014158
1,1,1998,2,0.06530725
2,1,1998,2,0.0257085
1,2,1998,2,0.06776175
2,2,1998,2,0.02732625
1,1,1999,2,0.07071075
2,1,1999,2,0.03156975
1,2,1999,2,0.07333325
2,2,1999,2,0.03350325
1,1,2000,2,0.0711385
2,1,2000,2,0.039133
1,2,2000,2,0.07408675
2,2,2000,2,0.0420535
1,1,2001,2,0.0711985
2,1,2001,2,0.053989
1,2,2001,2,0.073943
2,2,2001,2,0.05792
1,1,2002,2,0.07651825
2,1,2002,2,0.06434775
1,2,2002,2,0.07959
2,2,2002,2,0.06844325
1,1,2003,2,0.06679
2,1,2003,2,0.063293
1,2,2003,2,0.069738
2,2,2003,2,0.068799
1,1,2004,2,0.06153675
2,1,2004,2,0.0833155
1,2,2004,2,0.063795
2,2,2004,2,0.0899885
1,1,2005,2,0.05548125
2,1,2005,2,0.0590075
1,2,2005,2,0.0576375
2,2,2005,2,0.06498275
1,1,2006,2,0.03665425
2,1,2006,2,0.09316725
1,2,2006,2,0.0382225
2,2,2006,2,0.10214475
1,1,2007,2,0.0345795
2,1,2007,2,0.09138275
1,2,2007,2,0.03605225
2,2,2007,2,0.10246925
1,1,2008,2,0.03704575
2,1,2008,2,0.083502
1,2,2008,2,0.0384315
2,2,2008,2,0.09197475
1,1,2009,2,0.03614475
2,1,2009,2,0.07649325
1,2,2009,2,0.037481
2,2,2009,2,0.08253825
1,1,2010,2,0.0379415
2,1,2010,2,0.05802525
1,2,2010,2,0.03946875
2,2,2010,2,0.0630555
1,1,2011,2,0.04377025
2,1,2011,2,0.07910825
1,2,2011,2,0.045549
2,2,2011,2,0.08514575
1,1,2012,2,0.04273875
2,1,2012,2,0.080816
1,2,2012,2,0.04465425
2,2,2012,2,0.087633
1,1,2013,2,0.03965525
2,1,2013,2,0.081736
1,2,2013,2,0.04129925
2,2,2013,2,0.0882535
1,1,2014,2,0.03898725
2,1,2014,2,0.09592025
1,2,2014,2,0.0407345
2,2,2014,2,0.103022
1,1,2015,2,0.03796275
2,1,2015,2,0.10470175
1,2,2015,2,0.03949
2,2,2015,2,0.112674
1,1,2016,2,0.04074
2,1,2016,2,0.0909825
1,2,2016,2,0.04243575
2,2,2016,2,0.09702275
1,1,2017,2,0.047024
2,1,2017,2,0.0936
1,2,2017,2,0.04889725
2,2,2017,2,0.0997465
1,1,2018,2,0.04954625
2,1,2018,2,0.11358125
1,2,2018,2,0.051658
2,2,2018,2,0.12172425
1,1,2019,2,0.05287875
2,1,2019,2,0.0846015
1,2,2019,2,0.0551055
2,2,2019,2,0.090981
1,1,2020,2,0.03032
2,1,2020,2,0.06811375
1,2,2020,2,0.03167975
2,2,2020,2,0.0749935
1,1,2021,2,0.03061025
2,1,2021,2,0.0663685
1,2,2021,2,0.03198375
2,2,2021,2,0.07244175
1,1,2022,2,0.03782225
2,1,2022,2,0.0677655
1,2,2022,2,0.03931275
2,2,2022,2,0.07345025
1,1,2023,2,0.05643475
2,1,2023,2,0.065685
1,2,2023,2,0.05885325
2,2,2023,2,0.0720055
1,1,1952,3,0.000479750000000001
2,1,1952,3,4.24999999998343e-06
1,2,1952,3,0.000483000000000011
2,2,1952,3,4.24999999998343e-06
1,1,1953,3,0.00113774999999999
2,1,1953,3,2.09999999999932e-05
1,2,1953,3,0.00114349999999996
2,2,1953,3,2.09999999999932e-05
1,1,1954,3,0.00499624999999998
2,1,1954,3,0.00102674999999997
1,2,1954,3,0.00501399999999996
2,2,1954,3,0.00104224999999997
1,1,1955,3,0.00246324999999997
2,1,1955,3,0.00405924999999996
1,2,1955,3,0.00246999999999997
2,2,1955,3,0.00415074999999998
1,1,1956,3,0.00168599999999997
2,1,1956,3,0.00344824999999999
1,2,1956,3,0.00169399999999997
2,2,1956,3,0.0035
1,1,1957,3,0.00288899999999997
2,1,1957,3,0.00184474999999995
1,2,1957,3,0.00290400000000002
2,2,1957,3,0.00186599999999998
1,1,1958,3,0.00540374999999998
2,1,1958,3,0.00321974999999997
1,2,1958,3,0.00542175
2,2,1958,3,0.00326774999999996
1,1,1959,3,0.00346924999999998
2,1,1959,3,0.00519724999999999
1,2,1959,3,0.00347775
2,2,1959,3,0.00528824999999999
1,1,1960,3,0.00314499999999995
2,1,1960,3,0.00307774999999999
1,2,1960,3,0.00315424999999997
2,2,1960,3,0.00313999999999998
1,1,1961,3,0.00514624999999996
2,1,1961,3,0.00551774999999999
1,2,1961,3,0.00516675
2,2,1961,3,0.00562374999999998
1,1,1962,3,0.00947999999999999
2,1,1962,3,0.002498
1,2,1962,3,0.0095325
2,2,1962,3,0.00253474999999997
1,1,1963,3,0.0105335
2,1,1963,3,0.00551550000000001
1,2,1963,3,0.0105715
2,2,1963,3,0.00559824999999997
1,1,1964,3,0.00651299999999999
2,1,1964,3,0.00224249999999998
1,2,1964,3,0.00654325
2,2,1964,3,0.00227749999999999
1,1,1965,3,0.01886625
2,1,1965,3,0.00325299999999995
1,2,1965,3,0.01891025
2,2,1965,3,0.00329774999999999
1,1,1966,3,0.018377
2,1,1966,3,0.00572699999999998
1,2,1966,3,0.01841825
2,2,1966,3,0.00583675
1,1,1967,3,0.01226975
2,1,1967,3,0.00624949999999996
1,2,1967,3,0.0123045
2,2,1967,3,0.00638899999999998
1,1,1968,3,0.026124
2,1,1968,3,0.00417649999999997
1,2,1968,3,0.026181
2,2,1968,3,0.00427149999999998
1,1,1969,3,0.016761
2,1,1969,3,0.00548849999999995
1,2,1969,3,0.016805
2,2,1969,3,0.00565074999999998
1,1,1970,3,0.01778075
2,1,1970,3,0.00379774999999999
1,2,1970,3,0.01782175
2,2,1970,3,0.00390425
1,1,1971,3,0.02877575
2,1,1971,3,0.00683899999999998
1,2,1971,3,0.028846
2,2,1971,3,0.00711149999999999
1,1,1972,3,0.02824425
2,1,1972,3,0.00727774999999997
1,2,1972,3,0.02833825
2,2,1972,3,0.00752524999999998
1,1,1973,3,0.02795875
2,1,1973,3,0.00421874999999994
1,2,1973,3,0.0280355
2,2,1973,3,0.00435524999999998
1,1,1974,3,0.0327265
2,1,1974,3,0.00652274999999997
1,2,1974,3,0.0327995
2,2,1974,3,0.00671949999999999
1,1,1975,3,0.01632
2,1,1975,3,0.00724874999999997
1,2,1975,3,0.016355
2,2,1975,3,0.00741849999999999
1,1,1976,3,0.0284
2,1,1976,3,0.010833
1,2,1976,3,0.028457
2,2,1976,3,0.01108975
1,1,1977,3,0.00728849999999998
2,1,1977,3,0.00621424999999998
1,2,1977,3,0.00731725
2,2,1977,3,0.00635849999999999
1,1,1978,3,0.01418825
2,1,1978,3,0.00454450000000001
1,2,1978,3,0.0142305
2,2,1978,3,0.00460674999999999
1,1,1979,3,0.02070425
2,1,1979,3,0.01135275
1,2,1979,3,0.02076275
2,2,1979,3,0.011587
1,1,1980,3,0.02551375
2,1,1980,3,0.01150675
1,2,1980,3,0.025582
2,2,1980,3,0.01173075
1,1,1981,3,0.03021125
2,1,1981,3,0.01552575
1,2,1981,3,0.03031075
2,2,1981,3,0.01596075
1,1,1982,3,0.0309382499999999
2,1,1982,3,0.013511
1,2,1982,3,0.0310155
2,2,1982,3,0.01391425
1,1,1983,3,0.020633
2,1,1983,3,0.00874399999999997
1,2,1983,3,0.02068875
2,2,1983,3,0.00898874999999999
1,1,1984,3,0.02407
2,1,1984,3,0.00966974999999998
1,2,1984,3,0.024133
2,2,1984,3,0.00989449999999997
1,1,1985,3,0.03037525
2,1,1985,3,0.0123845
1,2,1985,3,0.0304435
2,2,1985,3,0.01260025
1,1,1986,3,0.0243565
2,1,1986,3,0.0150815
1,2,1986,3,0.0244165
2,2,1986,3,0.015504
1,1,1987,3,0.02472
2,1,1987,3,0.01481275
1,2,1987,3,0.02477825
2,2,1987,3,0.0152195
1,1,1988,3,0.0344515
2,1,1988,3,0.023655
1,2,1988,3,0.0345515
2,2,1988,3,0.02416725
1,1,1989,3,0.03266275
2,1,1989,3,0.01541675
1,2,1989,3,0.0327915
2,2,1989,3,0.0156975
1,1,1990,3,0.02482825
2,1,1990,3,0.015321
1,2,1990,3,0.0249425
2,2,1990,3,0.01556925
1,1,1991,3,0.02281825
2,1,1991,3,0.0118834999999999
1,2,1991,3,0.02288625
2,2,1991,3,0.0121065
1,1,1992,3,0.02891975
2,1,1992,3,0.013912
1,2,1992,3,0.02902125
2,2,1992,3,0.0142099999999999
1,1,1993,3,0.02321475
2,1,1993,3,0.01152425
1,2,1993,3,0.023314
2,2,1993,3,0.0116815
1,1,1994,3,0.027918
2,1,1994,3,0.01882225
1,2,1994,3,0.02799225
2,2,1994,3,0.01909975
1,1,1995,3,0.02017175
2,1,1995,3,0.01325075
1,2,1995,3,0.0202285
2,2,1995,3,0.01343825
1,1,1996,3,0.035809
2,1,1996,3,0.01640275
1,2,1996,3,0.03589425
2,2,1996,3,0.01659325
1,1,1997,3,0.06524325
2,1,1997,3,0.015718
1,2,1997,3,0.065443
2,2,1997,3,0.0159345
1,1,1998,3,0.0706735
2,1,1998,3,0.02945825
1,2,1998,3,0.070924
2,2,1998,3,0.029768
1,1,1999,3,0.07655775
2,1,1999,3,0.03586375
1,2,1999,3,0.0768595
2,2,1999,3,0.03617125
1,1,2000,3,0.07766525
2,1,2000,3,0.0462359999999999
1,2,2000,3,0.07798475
2,2,2000,3,0.04671475
1,1,2001,3,0.07733675
2,1,2001,3,0.063564
1,2,2001,3,0.0776505
2,2,2001,3,0.06421925
1,1,2002,3,0.08318775
2,1,2002,3,0.07379975
1,2,2002,3,0.0834975
2,2,2002,3,0.07460425
1,1,2003,3,0.07316225
2,1,2003,3,0.07841625
1,2,2003,3,0.0734355
2,2,2003,3,0.07966075
1,1,2004,3,0.06625175
2,1,2004,3,0.1011505
1,2,2004,3,0.066446
2,2,2004,3,0.10251375
1,1,2005,3,0.06000775
2,1,2005,3,0.076764
1,2,2005,3,0.06019625
2,2,2005,3,0.07827075
1,1,2006,3,0.0399262499999999
2,1,2006,3,0.11985775
1,2,2006,3,0.04006025
2,2,2006,3,0.121914
1,1,2007,3,0.0376665
2,1,2007,3,0.126332
1,2,2007,3,0.0377955
2,2,2007,3,0.129391
1,1,2008,3,0.039901
2,1,2008,3,0.108559
1,2,2008,3,0.04002025
2,2,2008,3,0.11090625
1,1,2009,3,0.03884775
2,1,2009,3,0.09249025
1,2,2009,3,0.03896875
2,2,2009,3,0.093933
1,1,2010,3,0.0411365
2,1,2010,3,0.07167975
1,2,2010,3,0.041298
2,2,2010,3,0.07283575
1,1,2011,3,0.04736825
2,1,2011,3,0.09471275
1,2,2011,3,0.04758875
2,2,2011,3,0.09605475
1,1,2012,3,0.0468514999999999
2,1,2012,3,0.099263
1,2,2012,3,0.04707275
2,2,2012,3,0.10083275
1,1,2013,3,0.04314575
2,1,2013,3,0.0989975
1,2,2013,3,0.04334625
2,2,2013,3,0.1005015
1,1,2014,3,0.04280725
2,1,2014,3,0.11415825
1,2,2014,3,0.04299225
2,2,2014,3,0.115704
1,1,2015,3,0.0413257499999999
2,1,2015,3,0.12549875
1,2,2015,3,0.04150875
2,2,2015,3,0.1274375
1,1,2016,3,0.04456375
2,1,2016,3,0.1058035
1,2,2016,3,0.044787
2,2,2016,3,0.107105
1,1,2017,3,0.05108525
2,1,2017,3,0.10854775
1,2,2017,3,0.0513015
2,2,2017,3,0.1098875
1,1,2018,3,0.054048
2,1,2018,3,0.134047
1,2,2018,3,0.0542825
2,2,2018,3,0.13574625
1,1,2019,3,0.0576575
2,1,2019,3,0.101523
1,2,2019,3,0.057884
2,2,2019,3,0.1029975
1,1,2020,3,0.03337225
2,1,2020,3,0.08844025
1,2,2020,3,0.03353075
2,2,2020,3,0.09026875
1,1,2021,3,0.033794
2,1,2021,3,0.083937
1,2,2021,3,0.033983
2,2,2021,3,0.085328
1,1,2022,3,0.04092375
2,1,2022,3,0.083703
1,2,2022,3,0.0410775
2,2,2022,3,0.08512975
1,1,2023,3,0.0615905
2,1,2023,3,0.0842665
1,2,2023,3,0.06182525
2,2,2023,3,0.08592325
1,1,1952,4,0.000424750000000029
2,1,1952,4,3.75000000002457e-06
1,2,1952,4,0.000448499999999963
2,2,1952,4,4.000000000004e-06
1,1,1953,4,0.00106725000000002
2,1,1953,4,1.87500000000118e-05
1,2,1953,4,0.00109624999999997
2,2,1953,4,1.99999999999645e-05
1,1,1954,4,0.00478725000000002
2,1,1954,4,0.00106650000000003
1,2,1954,4,0.00488374999999996
2,2,1954,4,0.00107749999999995
1,1,1955,4,0.002419
2,1,1955,4,0.00426275000000004
1,2,1955,4,0.00244049999999996
2,2,1955,4,0.00431674999999998
1,1,1956,4,0.00161175000000002
2,1,1956,4,0.00360325
1,2,1956,4,0.00164524999999999
2,2,1956,4,0.00363174999999999
1,1,1957,4,0.00268225000000005
2,1,1957,4,0.00178850000000003
1,2,1957,4,0.00277850000000002
2,2,1957,4,0.00183875
1,1,1958,4,0.005189
2,1,1958,4,0.00326375000000001
1,2,1958,4,0.00529025
2,2,1958,4,0.00331925
1,1,1959,4,0.00337725
2,1,1959,4,0.0053455
1,2,1959,4,0.00342175
2,2,1959,4,0.005409
1,1,1960,4,0.003054
2,1,1960,4,0.00322225000000004
1,2,1960,4,0.00309775000000001
2,2,1960,4,0.00326274999999998
1,1,1961,4,0.00478175000000003
2,1,1961,4,0.00573250000000003
1,2,1961,4,0.00493974999999997
2,2,1961,4,0.0058145
1,1,1962,4,0.00937300000000002
2,1,1962,4,0.00249250000000001
1,2,1962,4,0.00947324999999999
2,2,1962,4,0.00254425000000003
1,1,1963,4,0.0103635
2,1,1963,4,0.00541675000000003
1,2,1963,4,0.01047525
2,2,1963,4,0.0055615
1,1,1964,4,0.00645899999999999
2,1,1964,4,0.00222500000000003
1,2,1964,4,0.00651749999999995
2,2,1964,4,0.00227349999999998
1,1,1965,4,0.01860725
2,1,1965,4,0.003218
1,2,1965,4,0.01876025
2,2,1965,4,0.00328824999999999
1,1,1966,4,0.01806825
2,1,1966,4,0.00591800000000003
1,2,1966,4,0.0182315
2,2,1966,4,0.00599925000000001
1,1,1967,4,0.01212825
2,1,1967,4,0.00652250000000004
1,2,1967,4,0.0122255
2,2,1967,4,0.00662599999999997
1,1,1968,4,0.0259185
2,1,1968,4,0.00448825000000003
1,2,1968,4,0.0260485
2,2,1968,4,0.00449924999999995
1,1,1969,4,0.0166055
2,1,1969,4,0.00629725000000003
1,2,1969,4,0.016706
2,2,1969,4,0.00623825
1,1,1970,4,0.017597
2,1,1970,4,0.00423250000000003
1,2,1970,4,0.01772325
2,2,1970,4,0.00422875
1,1,1971,4,0.02842225
2,1,1971,4,0.00850774999999998
1,2,1971,4,0.0286425
2,2,1971,4,0.00830599999999998
1,1,1972,4,0.0283785
2,1,1972,4,0.0087045
1,2,1972,4,0.0284595
2,2,1972,4,0.00855724999999996
1,1,1973,4,0.02767725
2,1,1973,4,0.00467075
1,2,1973,4,0.02784
2,2,1973,4,0.00469900000000001
1,1,1974,4,0.032615
2,1,1974,4,0.00711774999999998
1,2,1974,4,0.03275225
2,2,1974,4,0.00717625
1,1,1975,4,0.0161455
2,1,1975,4,0.00740974999999999
1,2,1975,4,0.01624975
2,2,1975,4,0.00758524999999999
1,1,1976,4,0.0281165
2,1,1976,4,0.01133625
1,2,1976,4,0.02829325
2,2,1976,4,0.01150925
1,1,1977,4,0.00703725000000005
2,1,1977,4,0.00636100000000001
1,2,1977,4,0.00715049999999995
2,2,1977,4,0.00649924999999996
1,1,1978,4,0.013931
2,1,1978,4,0.004334
1,2,1978,4,0.01406825
2,2,1978,4,0.00448375000000001
1,1,1979,4,0.02020975
2,1,1979,4,0.0116095
1,2,1979,4,0.02043475
2,2,1979,4,0.0118465
1,1,1980,4,0.0247955
2,1,1980,4,0.011858
1,2,1980,4,0.0251365
2,2,1980,4,0.01203625
1,1,1981,4,0.02920775
2,1,1981,4,0.01678
1,2,1981,4,0.02966125
2,2,1981,4,0.016945
1,1,1982,4,0.03041
2,1,1982,4,0.01468775
1,2,1982,4,0.03068425
2,2,1982,4,0.0148175
1,1,1983,4,0.02032375
2,1,1983,4,0.00930725000000004
1,2,1983,4,0.020485
2,2,1983,4,0.00944774999999998
1,1,1984,4,0.02347325
2,1,1984,4,0.01012375
1,2,1984,4,0.023775
2,2,1984,4,0.0102705
1,1,1985,4,0.029848
2,1,1985,4,0.01224975
1,2,1985,4,0.030114
2,2,1985,4,0.01258025
1,1,1986,4,0.0240925
2,1,1986,4,0.0160105
1,2,1986,4,0.024247
2,2,1986,4,0.0162565
1,1,1987,4,0.02458875
2,1,1987,4,0.01554625
1,2,1987,4,0.024711
2,2,1987,4,0.01584625
1,1,1988,4,0.03417075
2,1,1988,4,0.0239085
1,2,1988,4,0.03438025
2,2,1988,4,0.02450525
1,1,1989,4,0.03268425
2,1,1989,4,0.0152915
1,2,1989,4,0.03284275
2,2,1989,4,0.0156725
1,1,1990,4,0.0248375
2,1,1990,4,0.0152315
1,2,1990,4,0.02499925
2,2,1990,4,0.0156115
1,1,1991,4,0.02291575
2,1,1991,4,0.0119405
1,2,1991,4,0.02296975
2,2,1991,4,0.012222
1,1,1992,4,0.02910975
2,1,1992,4,0.01403875
1,2,1992,4,0.0291715
2,2,1992,4,0.01441625
1,1,1993,4,0.0232295
2,1,1993,4,0.01097275
1,2,1993,4,0.0233465
2,2,1993,4,0.01136125
1,1,1994,4,0.02768575
2,1,1994,4,0.01815175
1,2,1994,4,0.02784225
2,2,1994,4,0.01875
1,1,1995,4,0.0200235
2,1,1995,4,0.01261325
1,2,1995,4,0.02012825
2,2,1995,4,0.0130845
1,1,1996,4,0.0357285
2,1,1996,4,0.01566675
1,2,1996,4,0.03585925
2,2,1996,4,0.01615025
1,1,1997,4,0.065295
2,1,1997,4,0.01522725
1,2,1997,4,0.0655195
2,2,1997,4,0.01566725
1,1,1998,4,0.071023
2,1,1998,4,0.02808725
1,2,1998,4,0.0712225
2,2,1998,4,0.028984
1,1,1999,4,0.07683775
2,1,1999,4,0.034035
1,2,1999,4,0.0771495
2,2,1999,4,0.03501925
1,1,2000,4,0.07790825
2,1,2000,4,0.04447
1,2,2000,4,0.078215
2,2,2000,4,0.0455305
1,1,2001,4,0.07745475
2,1,2001,4,0.06174925
1,2,2001,4,0.077826
2,2,2001,4,0.06306275
1,1,2002,4,0.0833285
2,1,2002,4,0.0704775
1,2,2002,4,0.08365325
2,2,2002,4,0.0726545
1,1,2003,4,0.07291925
2,1,2003,4,0.07830225
1,2,2003,4,0.07327925
2,2,2003,4,0.0799165
1,1,2004,4,0.0661915
2,1,2004,4,0.0994405
1,2,2004,4,0.06643375
2,2,2004,4,0.101786
1,1,2005,4,0.059792
2,1,2005,4,0.07834525
1,2,2005,4,0.06007675
2,2,2005,4,0.07977425
1,1,2006,4,0.039739
2,1,2006,4,0.122275
1,2,2006,4,0.0399455
2,2,2006,4,0.124323
1,1,2007,4,0.037453
2,1,2007,4,0.13335025
1,2,2007,4,0.0376565
2,2,2007,4,0.1350395
1,1,2008,4,0.039549
2,1,2008,4,0.1103805
1,2,2008,4,0.03980375
2,2,2008,4,0.1128
1,1,2009,4,0.03816725
2,1,2009,4,0.09030325
1,2,2009,4,0.0385425
2,2,2009,4,0.09290675
1,1,2010,4,0.04023325
2,1,2010,4,0.070972
1,2,2010,4,0.04071225
2,2,2010,4,0.072693
1,1,2011,4,0.0454865
2,1,2011,4,0.0924515
1,2,2011,4,0.046394
2,2,2011,4,0.0949555
1,1,2012,4,0.0457195
2,1,2012,4,0.0979765
1,2,2012,4,0.0463384999999999
2,2,2012,4,0.100402
1,1,2013,4,0.0420965
2,1,2013,4,0.09715925
1,2,2013,4,0.04269225
2,2,2013,4,0.09975375
1,1,2014,4,0.04238975
2,1,2014,4,0.1105875
1,2,2014,4,0.04272
2,2,2014,4,0.11379875
1,1,2015,4,0.040913
2,1,2015,4,0.12257975
1,2,2015,4,0.04127575
2,2,2015,4,0.12611775
1,1,2016,4,0.0444985
2,1,2016,4,0.1014465
1,2,2016,4,0.044809
2,2,2016,4,0.10476675
1,1,2017,4,0.05078275
2,1,2017,4,0.103318
1,2,2017,4,0.05116175
2,2,2017,4,0.106934
1,1,2018,4,0.05326075
2,1,2018,4,0.12879025
1,2,2018,4,0.05381
2,2,2018,4,0.132815
1,1,2019,4,0.05724475
2,1,2019,4,0.098703
1,2,2019,4,0.05764775
2,2,2019,4,0.10170525
1,1,2020,4,0.03343375
2,1,2020,4,0.0898195
1,2,2020,4,0.033601
2,2,2020,4,0.0917775
1,1,2021,4,0.0338775
2,1,2021,4,0.0843875
1,2,2021,4,0.034091
2,2,2021,4,0.08618
1,1,2022,4,0.04038075
2,1,2022,4,0.08285825
1,2,2022,4,0.04074475
2,2,2022,4,0.085147
1,1,2023,4,0.06126875
2,1,2023,4,0.085227
1,2,2023,4,0.0616285
2,2,2023,4,0.087118
1,1,1952,5,0.000346999999999986
2,1,1952,5,2.99999999997524e-06
1,2,1952,5,0.000407749999999985
2,2,1952,5,3.49999999998962e-06
1,1,1953,5,0.000933499999999976
2,1,1953,5,1.55000000000016e-05
1,2,1953,5,0.00102849999999999
2,2,1953,5,1.84999999999769e-05
1,1,1954,5,0.00439999999999996
2,1,1954,5,0.00103274999999997
1,2,1954,5,0.00471299999999997
2,2,1954,5,0.00106799999999996
1,1,1955,5,0.00229550000000001
2,1,1955,5,0.00408274999999997
1,2,1955,5,0.00239174999999997
2,2,1955,5,0.00425099999999995
1,1,1956,5,0.00146499999999999
2,1,1956,5,0.00350449999999997
1,2,1956,5,0.00157649999999998
2,2,1956,5,0.003606
1,1,1957,5,0.00237399999999999
2,1,1957,5,0.00161174999999997
1,2,1957,5,0.00263225
2,2,1957,5,0.00175324999999998
1,1,1958,5,0.00480824999999996
2,1,1958,5,0.00306899999999999
1,2,1958,5,0.00512399999999996
2,2,1958,5,0.00323649999999998
1,1,1959,5,0.00319274999999997
2,1,1959,5,0.00503399999999998
1,2,1959,5,0.00335049999999998
2,2,1959,5,0.00526849999999995
1,1,1960,5,0.00286199999999998
2,1,1960,5,0.00310900000000003
1,2,1960,5,0.00301974999999999
2,2,1960,5,0.00322774999999997
1,1,1961,5,0.00422974999999998
2,1,1961,5,0.00550125000000001
1,2,1961,5,0.00466974999999997
2,2,1961,5,0.00573474999999996
1,1,1962,5,0.00887525
2,1,1962,5,0.00235774999999999
1,2,1962,5,0.00927849999999997
2,2,1962,5,0.00247799999999998
1,1,1963,5,0.00988049999999996
2,1,1963,5,0.00491199999999997
1,2,1963,5,0.0103009999999999
2,2,1963,5,0.00531724999999994
1,1,1964,5,0.00619324999999998
2,1,1964,5,0.00203025000000001
1,2,1964,5,0.00642624999999997
2,2,1964,5,0.00217674999999995
1,1,1965,5,0.017891
2,1,1965,5,0.00294724999999996
1,2,1965,5,0.01852825
2,2,1965,5,0.00315599999999994
1,1,1966,5,0.017329
2,1,1966,5,0.00563150000000001
1,2,1966,5,0.017974
2,2,1966,5,0.00587974999999996
1,1,1967,5,0.01168
2,1,1967,5,0.00631375000000001
1,2,1967,5,0.01208
2,2,1967,5,0.00655699999999998
1,1,1968,5,0.0250595
2,1,1968,5,0.00449725000000001
1,2,1968,5,0.0257855
2,2,1968,5,0.00451449999999998
1,1,1969,5,0.01599875
2,1,1969,5,0.00678524999999996
1,2,1969,5,0.01650075
2,2,1969,5,0.00651924999999998
1,1,1970,5,0.01700425
2,1,1970,5,0.00440324999999997
1,2,1970,5,0.0175595
2,2,1970,5,0.00433974999999998
1,1,1971,5,0.02735325
2,1,1971,5,0.00998399999999999
1,2,1971,5,0.028297
2,2,1971,5,0.00910250000000001
1,1,1972,5,0.027817
2,1,1972,5,0.00985399999999997
1,2,1972,5,0.0284
2,2,1972,5,0.00919074999999997
1,1,1973,5,0.0266385
2,1,1973,5,0.00467675000000001
1,2,1973,5,0.027465
2,2,1973,5,0.00474225
1,1,1974,5,0.03177625
2,1,1974,5,0.00709700000000002
1,2,1974,5,0.0325805
2,2,1974,5,0.00721525000000001
1,1,1975,5,0.01563925
2,1,1975,5,0.00704175000000001
1,2,1975,5,0.01609575
2,2,1975,5,0.00742725
1,1,1976,5,0.027203
2,1,1976,5,0.01101625
1,2,1976,5,0.02803575
2,2,1976,5,0.01139725
1,1,1977,5,0.00652224999999995
2,1,1977,5,0.00597625000000002
1,2,1977,5,0.00690999999999997
2,2,1977,5,0.00632974999999997
1,1,1978,5,0.01329175
2,1,1978,5,0.00380225000000001
1,2,1978,5,0.01382025
2,2,1978,5,0.00421249999999995
1,1,1979,5,0.0190555
2,1,1979,5,0.0110245
1,2,1979,5,0.01994475
2,2,1979,5,0.0116
1,1,1980,5,0.023368
2,1,1980,5,0.01141125
1,2,1980,5,0.0245535
2,2,1980,5,0.0118455
1,1,1981,5,0.02719775
2,1,1981,5,0.01684225
1,2,1981,5,0.0287605
2,2,1981,5,0.01707725
1,1,1982,5,0.0290865
2,1,1982,5,0.01456
1,2,1982,5,0.0302
2,2,1982,5,0.01485075
1,1,1983,5,0.01948475
2,1,1983,5,0.00906649999999998
1,2,1983,5,0.02016575
2,2,1983,5,0.00938874999999995
1,1,1984,5,0.022299
2,1,1984,5,0.00987725
1,2,1984,5,0.02332525
2,2,1984,5,0.01018675
1,1,1985,5,0.0285845
2,1,1985,5,0.01117225
1,2,1985,5,0.0296515
2,2,1985,5,0.01206075
1,1,1986,5,0.023216
2,1,1986,5,0.0154595
1,2,1986,5,0.02394575
2,2,1986,5,0.01608325
1,1,1987,5,0.023942
2,1,1987,5,0.0148395
1,2,1987,5,0.02455775
2,2,1987,5,0.0155925
1,1,1988,5,0.03311475
2,1,1988,5,0.02213725
1,2,1988,5,0.03404025
2,2,1988,5,0.0237065
1,1,1989,5,0.03183925
2,1,1989,5,0.0138755
1,2,1989,5,0.03264375
2,2,1989,5,0.01497125
1,1,1990,5,0.02410725
2,1,1990,5,0.014011
1,2,1990,5,0.0248295
2,2,1990,5,0.0150465
1,1,1991,5,0.0224974999999999
2,1,1991,5,0.0110789999999999
1,2,1991,5,0.02292925
2,2,1991,5,0.01182525
1,1,1992,5,0.02865825
2,1,1992,5,0.01322725
1,2,1992,5,0.02914775
2,2,1992,5,0.0140665
1,1,1993,5,0.02263875
2,1,1993,5,0.00963449999999999
1,2,1993,5,0.02318975
2,2,1993,5,0.0106845
1,1,1994,5,0.02686075
2,1,1994,5,0.01614875
1,2,1994,5,0.0275664999999999
2,2,1994,5,0.0177625
1,1,1995,5,0.0194055
2,1,1995,5,0.01112675
1,2,1995,5,0.01992125
2,2,1995,5,0.0123425
1,1,1996,5,0.03485175
2,1,1996,5,0.01386675
1,2,1996,5,0.0356735
2,2,1996,5,0.015235
1,1,1997,5,0.0638185
2,1,1997,5,0.01368225
1,2,1997,5,0.0652445
2,2,1997,5,0.01490325
1,1,1998,5,0.069645
2,1,1998,5,0.0251567499999999
1,2,1998,5,0.07108625
2,2,1998,5,0.027539
1,1,1999,5,0.0750005
2,1,1999,5,0.03038775
1,2,1999,5,0.0768595
2,2,1999,5,0.03315225
1,1,2000,5,0.0760615
2,1,2000,5,0.03975475
1,2,2000,5,0.0778575
2,2,2000,5,0.0430665
1,1,2001,5,0.0752995
2,1,2001,5,0.05636
1,2,2001,5,0.07735925
2,2,2001,5,0.06032625
1,1,2002,5,0.0813745
2,1,2002,5,0.06334625
1,2,2002,5,0.0832765
2,2,2002,5,0.06907625
1,1,2003,5,0.070647
2,1,2003,5,0.07306675
1,2,2003,5,0.072574
2,2,2003,5,0.0774195
1,1,2004,5,0.0646285
2,1,2004,5,0.091239
1,2,2004,5,0.06610375
2,2,2004,5,0.09778125
1,1,2005,5,0.05808975
2,1,2005,5,0.0736935
1,2,2005,5,0.05962375
2,2,2005,5,0.0777385
1,1,2006,5,0.03861125
2,1,2006,5,0.11583175
1,2,2006,5,0.03961625
2,2,2006,5,0.121679
1,1,2007,5,0.03631725
2,1,2007,5,0.1289015
1,2,2007,5,0.037298
2,2,2007,5,0.133666
1,1,2008,5,0.03817475
2,1,2008,5,0.102819
1,2,2008,5,0.03936325
2,2,2008,5,0.10943375
1,1,2009,5,0.0363465
2,1,2009,5,0.08163725
1,2,2009,5,0.0378499999999999
2,2,2009,5,0.08865925
1,1,2010,5,0.037923
2,1,2010,5,0.06520375
1,2,2010,5,0.039735
2,2,2010,5,0.0699475
1,1,2011,5,0.041712
2,1,2011,5,0.0841685
1,2,2011,5,0.044646
2,2,2011,5,0.09092075
1,1,2012,5,0.042789
2,1,2012,5,0.08969425
1,2,2012,5,0.0450455
2,2,2012,5,0.096396
1,1,2013,5,0.03944375
2,1,2013,5,0.0889445
1,2,2013,5,0.0415555
2,2,2013,5,0.095762
1,1,2014,5,0.04059225
2,1,2014,5,0.099703
1,2,2014,5,0.04203475
2,2,2014,5,0.108376
1,1,2015,5,0.03913875
2,1,2015,5,0.11164325
1,2,2015,5,0.04063325
2,2,2015,5,0.1207775
1,1,2016,5,0.0430605
2,1,2016,5,0.09115025
1,2,2016,5,0.04439575
2,2,2016,5,0.0996825
1,1,2017,5,0.0489845
2,1,2017,5,0.09144675
1,2,2017,5,0.05060425
2,2,2017,5,0.1009995
1,1,2018,5,0.0507345
2,1,2018,5,0.11498775
1,2,2018,5,0.052836
2,2,2018,5,0.1259165
1,1,2019,5,0.0551285
2,1,2019,5,0.0891115
1,2,2019,5,0.0569345
2,2,2019,5,0.0970445
1,1,2020,5,0.03254
2,1,2020,5,0.083861
1,2,2020,5,0.0333742499999999
2,2,2020,5,0.0891445
1,1,2021,5,0.0328495
2,1,2021,5,0.078749
1,2,2021,5,0.033815
2,2,2021,5,0.0836725
1,1,2022,5,0.03866125
2,1,2022,5,0.07596175
1,2,2022,5,0.040111
2,2,2022,5,0.08194325
1,1,2023,5,0.05934775
2,1,2023,5,0.0794272499999999
1,2,2023,5,0.06100475
2,2,2023,5,0.0845232499999999
1,1,1952,6,0.000274999999999997
2,1,1952,6,2.49999999998862e-06
1,2,1952,6,0.000373749999999951
2,2,1952,6,3.24999999995468e-06
1,1,1953,6,0.000785499999999995
2,1,1953,6,1.22499999999914e-05
1,2,1953,6,0.000967999999999969
2,2,1953,6,1.69999999999337e-05
1,1,1954,6,0.00389149999999999
2,1,1954,6,0.000984249999999992
1,2,1954,6,0.00455924999999996
2,2,1954,6,0.00105149999999998
1,1,1955,6,0.00208825000000001
2,1,1955,6,0.003825
1,2,1955,6,0.00234424999999994
2,2,1955,6,0.00415024999999997
1,1,1956,6,0.00128149999999999
2,1,1956,6,0.00334799999999999
1,2,1956,6,0.00151374999999992
2,2,1956,6,0.00355524999999995
1,1,1957,6,0.00203474999999997
2,1,1957,6,0.00142824999999999
1,2,1957,6,0.00250675
2,2,1957,6,0.00167124999999996
1,1,1958,6,0.00429225
2,1,1958,6,0.00283749999999999
1,2,1958,6,0.00497624999999996
2,2,1958,6,0.00314199999999998
1,1,1959,6,0.00290124999999999
2,1,1959,6,0.00463524999999998
1,2,1959,6,0.00328499999999998
2,2,1959,6,0.00509999999999999
1,1,1960,6,0.00257499999999999
2,1,1960,6,0.00294374999999999
1,2,1960,6,0.00294749999999999
2,2,1960,6,0.00316824999999998
1,1,1961,6,0.00362750000000001
2,1,1961,6,0.005185
1,2,1961,6,0.00443724999999995
2,2,1961,6,0.00561649999999997
1,1,1962,6,0.00807999999999998
2,1,1962,6,0.0022335
1,2,1962,6,0.00907524999999998
2,2,1962,6,0.00241324999999998
1,1,1963,6,0.00905349999999999
2,1,1963,6,0.00437099999999999
1,2,1963,6,0.010127
2,2,1963,6,0.00507549999999996
1,1,1964,6,0.00570799999999999
2,1,1964,6,0.00181775000000001
1,2,1964,6,0.00632774999999997
2,2,1964,6,0.00207899999999994
1,1,1965,6,0.01650425
2,1,1965,6,0.00265474999999998
1,2,1965,6,0.018296
2,2,1965,6,0.00302374999999999
1,1,1966,6,0.01596175
2,1,1966,6,0.00526775000000002
1,2,1966,6,0.0177254999999999
2,2,1966,6,0.00572749999999994
1,1,1967,6,0.0108025
2,1,1967,6,0.00604149999999998
1,2,1967,6,0.01193075
2,2,1967,6,0.00644599999999995
1,1,1968,6,0.02320975
2,1,1968,6,0.0044785
1,2,1968,6,0.0255055
2,2,1968,6,0.00449399999999994
1,1,1969,6,0.01479175
2,1,1969,6,0.00726174999999996
1,2,1969,6,0.0162865
2,2,1969,6,0.00671449999999996
1,1,1970,6,0.01575175
2,1,1970,6,0.00454849999999998
1,2,1970,6,0.0173869999999999
2,2,1970,6,0.00440074999999995
1,1,1971,6,0.02527325
2,1,1971,6,0.01155525
1,2,1971,6,0.02794575
2,2,1971,6,0.00974024999999995
1,1,1972,6,0.0261255
2,1,1972,6,0.01105925
1,2,1972,6,0.0282685
2,2,1972,6,0.00968449999999998
1,1,1973,6,0.0246115
2,1,1973,6,0.00458475
1,2,1973,6,0.02708225
2,2,1973,6,0.00472049999999996
1,1,1974,6,0.02964875
2,1,1974,6,0.00696825000000001
1,2,1974,6,0.03236675
2,2,1974,6,0.00717199999999996
1,1,1975,6,0.0145505
2,1,1975,6,0.00664999999999999
1,2,1975,6,0.0159394999999999
2,2,1975,6,0.00724324999999998
1,1,1976,6,0.0252205
2,1,1976,6,0.010627
1,2,1976,6,0.027766
2,2,1976,6,0.0112159999999999
1,1,1977,6,0.00583125000000001
2,1,1977,6,0.0055345
1,2,1977,6,0.00668899999999994
2,2,1977,6,0.00613199999999997
1,1,1978,6,0.01220175
2,1,1978,6,0.00326299999999999
1,2,1978,6,0.013582
2,2,1978,6,0.00395999999999996
1,1,1979,6,0.01728375
2,1,1979,6,0.0103605
1,2,1979,6,0.0194839999999999
2,2,1979,6,0.0113084999999999
1,1,1980,6,0.0211985
2,1,1980,6,0.01091475
1,2,1980,6,0.024019
2,2,1980,6,0.011607
1,1,1981,6,0.02442425
2,1,1981,6,0.01677825
1,2,1981,6,0.02793875
2,2,1981,6,0.01704925
1,1,1982,6,0.02672775
2,1,1982,6,0.0142
1,2,1982,6,0.02973275
2,2,1982,6,0.014717
1,1,1983,6,0.0179655
2,1,1983,6,0.00869175
1,2,1983,6,0.0198544999999999
2,2,1983,6,0.00924349999999996
1,1,1984,6,0.02038525
2,1,1984,6,0.00957975
1,2,1984,6,0.022911
2,2,1984,6,0.010043
1,1,1985,6,0.02630425
2,1,1985,6,0.0100215
1,2,1985,6,0.02920775
2,2,1985,6,0.0115375
1,1,1986,6,0.0214805
2,1,1986,6,0.014641
1,2,1986,6,0.02363775
2,2,1986,6,0.0157605
1,1,1987,6,0.022357
2,1,1987,6,0.013884
1,2,1987,6,0.0243797499999999
2,2,1987,6,0.01521025
1,1,1988,6,0.03085775
2,1,1988,6,0.02012375
1,2,1988,6,0.03368175
2,2,1988,6,0.0228265
1,1,1989,6,0.02978575
2,1,1989,6,0.0123325
1,2,1989,6,0.03237775
2,2,1989,6,0.0142575
1,1,1990,6,0.0224555
2,1,1990,6,0.0126745
1,2,1990,6,0.024602
2,2,1990,6,0.0144645
1,1,1991,6,0.0211615
2,1,1991,6,0.01012625
1,2,1991,6,0.0228345
2,2,1991,6,0.0114015
1,1,1992,6,0.02707025
2,1,1992,6,0.0124005
1,2,1992,6,0.0290469999999999
2,2,1992,6,0.01369025
1,1,1993,6,0.02123175
2,1,1993,6,0.00827875
1,2,1993,6,0.0229867499999999
2,2,1993,6,0.010056
1,1,1994,6,0.02508825
2,1,1994,6,0.014071
1,2,1994,6,0.02728
2,2,1994,6,0.0168219999999999
1,1,1995,6,0.01808275
2,1,1995,6,0.00963575
1,2,1995,6,0.01970175
2,2,1995,6,0.011657
1,1,1996,6,0.0325885
2,1,1996,6,0.012017
1,2,1996,6,0.035431
2,2,1996,6,0.01438525
1,1,1997,6,0.05983375
2,1,1997,6,0.0120475
1,2,1997,6,0.0648457499999999
2,2,1997,6,0.01417175
1,1,1998,6,0.06547175
2,1,1998,6,0.022154
1,2,1998,6,0.07075975
2,2,1998,6,0.0262169999999999
1,1,1999,6,0.070159
2,1,1999,6,0.026673
1,2,1999,6,0.0763524999999999
2,2,1999,6,0.0314687499999999
1,1,2000,6,0.07127425
2,1,2000,6,0.03479325
1,2,2000,6,0.0773039999999999
2,2,2000,6,0.04076525
1,1,2001,6,0.07018925
2,1,2001,6,0.05056925
1,2,2001,6,0.07669225
2,2,2001,6,0.05774325
1,1,2002,6,0.07626925
2,1,2002,6,0.056168
1,2,2002,6,0.0827185
2,2,2002,6,0.0658255
1,1,2003,6,0.0657735
2,1,2003,6,0.06740425
1,2,2003,6,0.0717614999999999
2,2,2003,6,0.0748617499999999
1,1,2004,6,0.0605475
2,1,2004,6,0.0825085
1,2,2004,6,0.06566575
2,2,2004,6,0.0938585
1,1,2005,6,0.054178
2,1,2005,6,0.06802325
1,2,2005,6,0.05908875
2,2,2005,6,0.07535125
1,1,2006,6,0.03609275
2,1,2006,6,0.10772975
1,2,2006,6,0.039247
2,2,2006,6,0.118488
1,1,2007,6,0.03388125
2,1,2007,6,0.12193225
1,2,2007,6,0.0369087499999999
2,2,2007,6,0.13111
1,1,2008,6,0.03540125
2,1,2008,6,0.09373075
1,2,2008,6,0.03889775
2,2,2008,6,0.10557725
1,1,2009,6,0.03327825
2,1,2009,6,0.0724815
1,2,2009,6,0.0371675
2,2,2009,6,0.0845235
1,1,2010,6,0.0344185
2,1,2010,6,0.05882275
1,2,2010,6,0.03879475
2,2,2010,6,0.0671634999999999
1,1,2011,6,0.0369415
2,1,2011,6,0.0753525
1,2,2011,6,0.04304175
2,2,2011,6,0.08701475
1,1,2012,6,0.0386055
2,1,2012,6,0.08069025
1,2,2012,6,0.0437995
2,2,2012,6,0.09238675
1,1,2013,6,0.0356215
2,1,2013,6,0.0803355
1,2,2013,6,0.04045775
2,2,2013,6,0.0918679999999999
1,1,2014,6,0.0374135
2,1,2014,6,0.08848025
1,2,2014,6,0.04132225
2,2,2014,6,0.10323475
1,1,2015,6,0.0360185
2,1,2015,6,0.10037525
1,2,2015,6,0.0399565
2,2,2015,6,0.1156365
1,1,2016,6,0.0400795
2,1,2016,6,0.08087025
1,2,2016,6,0.043893
2,2,2016,6,0.0950044999999999
1,1,2017,6,0.04542225
2,1,2017,6,0.07947825
1,2,2017,6,0.04997575
2,2,2017,6,0.09553475
1,1,2018,6,0.04654575
2,1,2018,6,0.10085075
1,2,2018,6,0.05184625
2,2,2018,6,0.11946375
1,1,2019,6,0.05103825
2,1,2019,6,0.079163
1,2,2019,6,0.056148
2,2,2019,6,0.09256475
1,1,2020,6,0.0304537499999999
2,1,2020,6,0.0768335
1,2,2020,6,0.03307225
2,2,2020,6,0.086153
1,1,2021,6,0.0306345
2,1,2021,6,0.0722345
1,2,2021,6,0.03344675
2,2,2021,6,0.08094625
1,1,2022,6,0.0356195
2,1,2022,6,0.0685
1,2,2022,6,0.0394685
2,2,2022,6,0.0786837499999999
1,1,2023,6,0.05533625
2,1,2023,6,0.07267875
1,2,2023,6,0.06032125
2,2,2023,6,0.0816324999999999
1,1,1952,7,0.000217499999999982
2,1,1952,7,2.000000000002e-06
1,2,1952,7,0.000346999999999986
2,2,1952,7,2.99999999997524e-06
1,1,1953,7,0.000646249999999987
2,1,1953,7,1.000000000001e-05
1,2,1953,7,0.000919749999999997
2,2,1953,7,1.52499999999667e-05
1,1,1954,7,0.0033195
2,1,1954,7,0.000932749999999982
1,2,1954,7,0.00443425000000003
2,2,1954,7,0.00103700000000001
1,1,1955,7,0.00181499999999998
2,1,1955,7,0.00356974999999998
1,2,1955,7,0.00230274999999996
2,2,1955,7,0.00406299999999998
1,1,1956,7,0.001085
2,1,1956,7,0.00317899999999999
1,2,1956,7,0.00146275000000001
2,2,1956,7,0.00350875
1,1,1957,7,0.00170149999999999
2,1,1957,7,0.00126899999999999
1,2,1957,7,0.00240849999999998
2,2,1957,7,0.00160674999999999
1,1,1958,7,0.00368674999999999
2,1,1958,7,0.00262024999999999
1,2,1958,7,0.004855
2,2,1958,7,0.00306424999999999
1,1,1959,7,0.00252125
2,1,1959,7,0.0042565
1,2,1959,7,0.00322875
2,2,1959,7,0.00495850000000003
1,1,1960,7,0.002221
2,1,1960,7,0.00277525000000001
1,2,1960,7,0.00288674999999999
2,2,1960,7,0.00311549999999999
1,1,1961,7,0.00303624999999999
2,1,1961,7,0.00486824999999999
1,2,1961,7,0.00425524999999999
2,2,1961,7,0.00551474999999996
1,1,1962,7,0.0070885
2,1,1962,7,0.00214449999999999
1,2,1962,7,0.00889774999999998
2,2,1962,7,0.00236399999999998
1,1,1963,7,0.007942
2,1,1963,7,0.00389849999999997
1,2,1963,7,0.00997300000000001
2,2,1963,7,0.00488249999999996
1,1,1964,7,0.00504125
2,1,1964,7,0.00163374999999999
1,2,1964,7,0.00623750000000001
2,2,1964,7,0.00200024999999998
1,1,1965,7,0.0145035
2,1,1965,7,0.0024005
1,2,1965,7,0.01808075
2,2,1965,7,0.00291775
1,1,1966,7,0.0140055
2,1,1966,7,0.00492524999999999
1,2,1966,7,0.01750025
2,2,1966,7,0.00559974999999996
1,1,1967,7,0.00952600000000001
2,1,1967,7,0.00578974999999998
1,2,1967,7,0.01179075
2,2,1967,7,0.006353
1,1,1968,7,0.02042825
2,1,1968,7,0.00447649999999999
1,2,1968,7,0.025235
2,2,1968,7,0.00447575
1,1,1969,7,0.01302825
2,1,1969,7,0.00771174999999999
1,2,1969,7,0.01608675
2,2,1969,7,0.00686749999999997
1,1,1970,7,0.013882
2,1,1970,7,0.00468425
1,2,1970,7,0.01721875
2,2,1970,7,0.00444675
1,1,1971,7,0.02225675
2,1,1971,7,0.01306375
1,2,1971,7,0.027619
2,2,1971,7,0.010254
1,1,1972,7,0.02332375
2,1,1972,7,0.01221025
1,2,1972,7,0.028099
2,2,1972,7,0.010081
1,1,1973,7,0.021649
2,1,1973,7,0.00446599999999997
1,2,1973,7,0.02673025
2,2,1973,7,0.00469225000000001
1,1,1974,7,0.02625925
2,1,1974,7,0.00682874999999999
1,2,1974,7,0.03213125
2,2,1974,7,0.00712625
1,1,1975,7,0.01285975
2,1,1975,7,0.00633824999999999
1,2,1975,7,0.015787
2,2,1975,7,0.00709799999999999
1,1,1976,7,0.0222155
2,1,1976,7,0.0103085
1,2,1976,7,0.02750175
2,2,1976,7,0.01106925
1,1,1977,7,0.00502025
2,1,1977,7,0.00515125
1,2,1977,7,0.0065075
2,2,1977,7,0.00597150000000002
1,1,1978,7,0.01069775
2,1,1978,7,0.00281149999999999
1,2,1978,7,0.01337225
2,2,1978,7,0.00376199999999999
1,1,1979,7,0.01501475
2,1,1979,7,0.00978199999999999
1,2,1979,7,0.019094
2,2,1979,7,0.011073
1,1,1980,7,0.018418
2,1,1980,7,0.010514
1,2,1980,7,0.0235675
2,2,1980,7,0.0114175
1,1,1981,7,0.0210975
2,1,1981,7,0.01673675
1,2,1981,7,0.0272615
2,2,1981,7,0.01701675
1,1,1982,7,0.02342075
2,1,1982,7,0.01382825
1,2,1982,7,0.0293165
2,2,1982,7,0.01458825
1,1,1983,7,0.0157895
2,1,1983,7,0.008327
1,2,1983,7,0.0195755
2,2,1983,7,0.00911524999999996
1,1,1984,7,0.01780625
2,1,1984,7,0.00934499999999999
1,2,1984,7,0.02255325
2,2,1984,7,0.0099265
1,1,1985,7,0.023068
2,1,1985,7,0.00903175000000001
1,2,1985,7,0.0288105
2,2,1985,7,0.011122
1,1,1986,7,0.01892125
2,1,1986,7,0.01384275
1,2,1986,7,0.0233525
2,2,1986,7,0.01547875
1,1,1987,7,0.019817
2,1,1987,7,0.0129725
1,2,1987,7,0.02419075
2,2,1987,7,0.014884
1,1,1988,7,0.02735125
2,1,1988,7,0.0183335
1,2,1988,7,0.03333575
2,2,1988,7,0.022114
1,1,1989,7,0.02655375
2,1,1989,7,0.01100075
1,2,1989,7,0.03209775
2,2,1989,7,0.013688
1,1,1990,7,0.019987
2,1,1990,7,0.01148775
1,2,1990,7,0.02436825
2,2,1990,7,0.01399825
1,1,1991,7,0.01889
2,1,1991,7,0.00929350000000001
1,2,1991,7,0.0227065
2,2,1991,7,0.011062
1,1,1992,7,0.024272
2,1,1992,7,0.01174225
1,2,1992,7,0.0288985
2,2,1992,7,0.0133975
1,1,1993,7,0.01898375
2,1,1993,7,0.00713924999999999
1,2,1993,7,0.0227755
2,2,1993,7,0.00956450000000003
1,1,1994,7,0.0222785
2,1,1994,7,0.01228725
1,2,1994,7,0.02700275
2,2,1994,7,0.01608025
1,1,1995,7,0.01601875
2,1,1995,7,0.00838499999999998
1,2,1995,7,0.01949
2,2,1995,7,0.01112175
1,1,1996,7,0.02890825
2,1,1996,7,0.01043225
1,2,1996,7,0.03515875
2,2,1996,7,0.01371775
1,1,1997,7,0.05328375
2,1,1997,7,0.010614
1,2,1997,7,0.06438675
2,2,1997,7,0.01359175
1,1,1998,7,0.0584565
2,1,1998,7,0.01952275
1,2,1998,7,0.07032675
2,2,1998,7,0.02517925
1,1,1999,7,0.06246575
2,1,1999,7,0.02345275
1,2,1999,7,0.075759
2,2,1999,7,0.03015125
1,1,2000,7,0.0635575
2,1,2000,7,0.030496
1,2,2000,7,0.0766765
2,2,2000,7,0.0389495
1,1,2001,7,0.0623505
2,1,2001,7,0.0454095
1,2,2001,7,0.075975
2,2,2001,7,0.05569425
1,1,2002,7,0.0679645
2,1,2002,7,0.05003
1,2,2002,7,0.082083
2,2,2002,7,0.0632925
1,1,2003,7,0.058307
2,1,2003,7,0.062512
1,2,2003,7,0.07095925
2,2,2003,7,0.0728335
1,1,2004,7,0.0538455
2,1,2004,7,0.07490025
1,2,2004,7,0.06517375
2,2,2004,7,0.09075375
1,1,2005,7,0.04803875
2,1,2005,7,0.06275575
1,2,2005,7,0.05853575
2,2,2005,7,0.0733825
1,1,2006,7,0.03208375
2,1,2006,7,0.099882
1,2,2006,7,0.03887325
2,2,2006,7,0.11582425
1,1,2007,7,0.0300785
2,1,2007,7,0.11474825
1,2,2007,7,0.03652675
2,2,2007,7,0.12884025
1,1,2008,7,0.0312585
2,1,2008,7,0.0853405
1,2,2008,7,0.0384525
2,2,2008,7,0.10240025
1,1,2009,7,0.02911325
2,1,2009,7,0.06456375
1,2,2009,7,0.0365605
2,2,2009,7,0.08125
1,1,2010,7,0.0299745
2,1,2010,7,0.053096
1,2,2010,7,0.03799175
2,2,2010,7,0.06492875
1,1,2011,7,0.0316735
2,1,2011,7,0.06758875
1,2,2011,7,0.041736
2,2,2011,7,0.083916
1,1,2012,7,0.03353275
2,1,2012,7,0.0727555
1,2,2012,7,0.0427475
2,2,2012,7,0.08918775
1,1,2013,7,0.03097175
2,1,2013,7,0.072929
1,2,2013,7,0.03952825
2,2,2013,7,0.08879725
1,1,2014,7,0.0329825
2,1,2014,7,0.07891175
1,2,2014,7,0.04067875
2,2,2014,7,0.09919875
1,1,2015,7,0.03175475
2,1,2015,7,0.0908355
1,2,2015,7,0.0393444999999999
2,2,2015,7,0.11160475
1,1,2016,7,0.0356715
2,1,2016,7,0.07220625
1,2,2016,7,0.04339975
2,2,2016,7,0.0913685
1,1,2017,7,0.04022375
2,1,2017,7,0.0693345
1,2,2017,7,0.049372
2,2,2017,7,0.091269
1,1,2018,7,0.0409165
2,1,2018,7,0.08877575
1,2,2018,7,0.05096525
2,2,2018,7,0.11440375
1,1,2019,7,0.0450895
2,1,2019,7,0.0706285
1,2,2019,7,0.05540225
2,2,2019,7,0.08903825
1,1,2020,7,0.02718475
2,1,2020,7,0.07041575
1,2,2020,7,0.0327565
2,2,2020,7,0.08370475
1,1,2021,7,0.027337
2,1,2021,7,0.066225
1,2,2021,7,0.03307525
2,2,2021,7,0.07872775
1,1,2022,7,0.03135475
2,1,2022,7,0.06193625
1,2,2022,7,0.03888725
2,2,2022,7,0.076083
1,1,2023,7,0.049165
2,1,2023,7,0.06655
1,2,2023,7,0.0596605
2,2,2023,7,0.07927675
1,1,1952,8,0.00017399999999998
2,1,1952,8,1.49999999998762e-06
1,2,1952,8,0.00032825000000003
2,2,1952,8,3.00000000003076e-06
1,1,1953,8,0.000528000000000001
2,1,1953,8,7.74999999997306e-06
1,2,1953,8,0.00088450000000001
2,2,1953,8,1.45000000000284e-05
1,1,1954,8,0.00277274999999999
2,1,1954,8,0.000881749999999987
1,2,1954,8,0.00433775000000003
2,2,1954,8,0.00102600000000003
1,1,1955,8,0.00153024999999998
2,1,1955,8,0.00333324999999998
1,2,1955,8,0.00226900000000002
2,2,1955,8,0.00399650000000001
1,1,1956,8,0.000901749999999979
2,1,1956,8,0.00300999999999998
1,2,1956,8,0.00142425000000002
2,2,1956,8,0.00347350000000002
1,1,1957,8,0.00140674999999998
2,1,1957,8,0.00113774999999999
1,2,1957,8,0.00233550000000005
2,2,1957,8,0.00155925000000001
1,1,1958,8,0.00308999999999998
2,1,1958,8,0.00242699999999998
1,2,1958,8,0.00475975000000001
2,2,1958,8,0.00300650000000002
1,1,1959,8,0.00212674999999998
2,1,1959,8,0.00392100000000001
1,2,1959,8,0.00318225000000005
2,2,1959,8,0.00485225
1,1,1960,8,0.00186524999999998
2,1,1960,8,0.00261324999999998
1,2,1960,8,0.00283825000000004
2,2,1960,8,0.00307574999999999
1,1,1961,8,0.00251024999999999
2,1,1961,8,0.00456974999999998
1,2,1961,8,0.0041195
2,2,1961,8,0.005438
1,1,1962,8,0.00608649999999999
2,1,1962,8,0.00208174999999999
1,2,1962,8,0.00875425000000002
2,2,1962,8,0.00233
1,1,1963,8,0.00677124999999998
2,1,1963,8,0.00350899999999998
1,2,1963,8,0.00984450000000003
2,2,1963,8,0.00474000000000002
1,1,1964,8,0.00433099999999997
2,1,1964,8,0.00148424999999999
1,2,1964,8,0.00616100000000003
2,2,1964,8,0.00194274999999999
1,1,1965,8,0.0123275
2,1,1965,8,0.00219124999999998
1,2,1965,8,0.017892
2,2,1965,8,0.00284024999999999
1,1,1966,8,0.01187725
2,1,1966,8,0.0046205
1,2,1966,8,0.0173055
2,2,1966,8,0.00550475
1,1,1967,8,0.008128
2,1,1967,8,0.00556024999999999
1,2,1967,8,0.011668
2,2,1967,8,0.00628475000000001
1,1,1968,8,0.0173495
2,1,1968,8,0.00447799999999998
1,2,1968,8,0.02499
2,2,1968,8,0.00446550000000001
1,1,1969,8,0.01109175
2,1,1969,8,0.00808349999999999
1,2,1969,8,0.01591175
2,2,1969,8,0.00698775000000001
1,1,1970,8,0.01182125
2,1,1970,8,0.00478874999999998
1,2,1970,8,0.017065
2,2,1970,8,0.00448350000000003
1,1,1971,8,0.01896125
2,1,1971,8,0.0143535
1,2,1971,8,0.02733175
2,2,1971,8,0.0106540000000001
1,1,1972,8,0.0201045
2,1,1972,8,0.0131845
1,2,1972,8,0.02792075
2,2,1972,8,0.01038975
1,1,1973,8,0.01838025
2,1,1973,8,0.00433074999999999
1,2,1973,8,0.026424
2,2,1973,8,0.00466949999999999
1,1,1974,8,0.02242075
2,1,1974,8,0.00668099999999999
1,2,1974,8,0.031898
2,2,1974,8,0.0070925
1,1,1975,8,0.010945
2,1,1975,8,0.00609324999999999
1,2,1975,8,0.0156465
2,2,1975,8,0.00699375000000002
1,1,1976,8,0.01887925
2,1,1976,8,0.01004525
1,2,1976,8,0.027258
2,2,1976,8,0.01096475
1,1,1977,8,0.00421199999999999
2,1,1977,8,0.00483224999999998
1,2,1977,8,0.00636599999999998
2,2,1977,8,0.00585325000000003
1,1,1978,8,0.009077
2,1,1978,8,0.00245699999999999
1,2,1978,8,0.0131965
2,2,1978,8,0.0036175
1,1,1979,8,0.0126605
2,1,1979,8,0.00929049999999998
1,2,1979,8,0.01877825
2,2,1979,8,0.0109005
1,1,1980,8,0.0155375
2,1,1980,8,0.01019225
1,2,1980,8,0.0232015
2,2,1980,8,0.011283
1,1,1981,8,0.0177495
2,1,1981,8,0.01667375
1,2,1981,8,0.0267275
2,2,1981,8,0.01699875
1,1,1982,8,0.019846
2,1,1982,8,0.01345475
1,2,1982,8,0.02896175
2,2,1982,8,0.01449075
1,1,1983,8,0.01339975
2,1,1983,8,0.0079835
1,2,1983,8,0.01933725
2,2,1983,8,0.009019
1,1,1984,8,0.01506725
2,1,1984,8,0.00915249999999998
1,2,1984,8,0.02225525
2,2,1984,8,0.00984475000000001
1,1,1985,8,0.01955025
2,1,1985,8,0.00822475
1,2,1985,8,0.0284705
2,2,1985,8,0.01081575
1,1,1986,8,0.016091
2,1,1986,8,0.01310425
1,2,1986,8,0.0231015
2,2,1986,8,0.015265
1,1,1987,8,0.01692
2,1,1987,8,0.01214675
1,2,1987,8,0.0240065
2,2,1987,8,0.014637
1,1,1988,8,0.02336125
2,1,1988,8,0.0168205
1,2,1988,8,0.03301975
2,2,1988,8,0.02158325
1,1,1989,8,0.022889
2,1,1989,8,0.00992175000000001
1,2,1989,8,0.0318315
2,2,1989,8,0.01326725
1,1,1990,8,0.01727025
2,1,1990,8,0.010487
1,2,1990,8,0.024153
2,2,1990,8,0.0136525
1,1,1991,8,0.01624925
2,1,1991,8,0.00859799999999999
1,2,1991,8,0.02256825
2,2,1991,8,0.01081075
1,1,1992,8,0.02095475
2,1,1992,8,0.011226
1,2,1992,8,0.0287315
2,2,1992,8,0.0131885
1,1,1993,8,0.0163915
2,1,1993,8,0.00623799999999999
1,2,1993,8,0.02257675
2,2,1993,8,0.00920275000000004
1,1,1994,8,0.019034
2,1,1994,8,0.01084175
1,2,1994,8,0.0267485
2,2,1994,8,0.01553275
1,1,1995,8,0.01365875
2,1,1995,8,0.0073915
1,2,1995,8,0.0192975
2,2,1995,8,0.01072875
1,1,1996,8,0.024674
2,1,1996,8,0.00915649999999998
1,2,1996,8,0.03488775
2,2,1996,8,0.01322525
1,1,1997,8,0.0457105
2,1,1997,8,0.00943025
1,2,1997,8,0.063922
2,2,1997,8,0.013161
1,1,1998,8,0.05027875
2,1,1998,8,0.01734375
1,2,1998,8,0.0698625
2,2,1998,8,0.0244095
1,1,1999,8,0.0537255
2,1,1999,8,0.0208315
1,2,1999,8,0.075166
2,2,1999,8,0.02917575
1,1,2000,8,0.05466775
2,1,2000,8,0.02703025
1,2,2000,8,0.07605725
2,2,2000,8,0.0376045
1,1,2001,8,0.05355875
2,1,2001,8,0.04111375
1,2,2001,8,0.0752930000000001
2,2,2001,8,0.05416775
1,1,2002,8,0.05835675
2,1,2002,8,0.04506475
1,2,2002,8,0.0814475
2,2,2002,8,0.0614257500000001
1,1,2003,8,0.04982075
2,1,2003,8,0.05848625
1,2,2003,8,0.0702265
2,2,2003,8,0.07134125
1,1,2004,8,0.046069
2,1,2004,8,0.068628
1,2,2004,8,0.0646805
2,2,2004,8,0.0884585
1,1,2005,8,0.04102675
2,1,2005,8,0.058148
1,2,2005,8,0.0580125
2,2,2005,8,0.07190275
1,1,2006,8,0.02743275
2,1,2006,8,0.09274625
1,2,2006,8,0.0385225
2,2,2006,8,0.11380175
1,1,2007,8,0.02570575
2,1,2007,8,0.10789025
1,2,2007,8,0.03617625
2,2,2007,8,0.1270835
1,1,2008,8,0.026621
2,1,2008,8,0.0780605
1,2,2008,8,0.0380525
2,2,2008,8,0.10000825
1,1,2009,8,0.0246525
2,1,2009,8,0.0581005
1,2,2009,8,0.036049
2,2,2009,8,0.0788275
1,1,2010,8,0.02536625
2,1,2010,8,0.048251
1,2,2010,8,0.03734025
2,2,2010,8,0.0632605000000001
1,1,2011,8,0.02661575
2,1,2011,8,0.061135
1,2,2011,8,0.04072475
2,2,2011,8,0.08161375
1,1,2012,8,0.0283805
2,1,2012,8,0.06616075
1,2,2012,8,0.04190775
2,2,2012,8,0.08681125
1,1,2013,8,0.02625875
2,1,2013,8,0.0668765
1,2,2013,8,0.03878325
2,2,2013,8,0.08653275
1,1,2014,8,0.0281495
2,1,2014,8,0.071204
1,2,2014,8,0.0401325
2,2,2014,8,0.0962255
1,1,2015,8,0.02718425
2,1,2015,8,0.08316125
1,2,2015,8,0.03882575
2,2,2015,8,0.1086425
1,1,2016,8,0.030767
2,1,2016,8,0.0652624999999999
1,2,2016,8,0.042956
2,2,2016,8,0.088701
1,1,2017,8,0.034474
2,1,2017,8,0.061213
1,2,2017,8,0.0488345
2,2,2017,8,0.08812825
1,1,2018,8,0.034891
2,1,2018,8,0.07904275
1,2,2018,8,0.05022625
2,2,2018,8,0.11067225
1,1,2019,8,0.03849675
2,1,2019,8,0.06368675
1,2,2019,8,0.05474525
2,2,2019,8,0.08643875
1,1,2020,8,0.02343975
2,1,2020,8,0.06487375
1,2,2020,8,0.03246025
2,2,2020,8,0.081871
1,1,2021,8,0.02365875
2,1,2021,8,0.060979
1,2,2021,8,0.032738
2,2,2021,8,0.07706525
1,1,2022,8,0.026703
2,1,2022,8,0.05644725
1,2,2022,8,0.03839
2,2,2022,8,0.07415475
1,1,2023,8,0.042117
2,1,2023,8,0.06128375
1,2,2023,8,0.05906175
2,2,2023,8,0.077515
1,1,1952,9,0.000142000000000003
2,1,1952,9,1.24999999998043e-06
1,2,1952,9,0.000314250000000016
2,2,1952,9,2.74999999999581e-06
1,1,1953,9,0.000435749999999985
2,1,1953,9,6.49999999999262e-06
1,2,1953,9,0.000858250000000005
2,2,1953,9,1.37499999999791e-05
1,1,1954,9,0.00231275
2,1,1954,9,0.000833499999999987
1,2,1954,9,0.00426449999999995
2,2,1954,9,0.00101774999999998
1,1,1955,9,0.00128024999999998
2,1,1955,9,0.00312199999999999
1,2,1955,9,0.00224174999999999
2,2,1955,9,0.00394774999999997
1,1,1956,9,0.000749749999999993
2,1,1956,9,0.00284925
1,2,1956,9,0.00139525000000001
2,2,1956,9,0.00344699999999998
1,1,1957,9,0.00116825000000001
2,1,1957,9,0.00103149999999999
1,2,1957,9,0.00228175000000003
2,2,1957,9,0.001525
1,1,1958,9,0.00258074999999999
2,1,1958,9,0.00225875
1,2,1958,9,0.00468724999999998
2,2,1958,9,0.00296425
1,1,1959,9,0.001781
2,1,1959,9,0.003633
1,2,1959,9,0.00314575
2,2,1959,9,0.00477474999999999
1,1,1960,9,0.00155975
2,1,1960,9,0.00246274999999999
1,2,1960,9,0.00280025
2,2,1960,9,0.00304674999999999
1,1,1961,9,0.00208274999999999
2,1,1961,9,0.004297
1,2,1961,9,0.00401924999999997
2,2,1961,9,0.00538125
1,1,1962,9,0.00521975
2,1,1962,9,0.00203624999999999
1,2,1962,9,0.00864175
2,2,1962,9,0.00230649999999999
1,1,1963,9,0.00573699999999999
2,1,1963,9,0.00319325000000001
1,2,1963,9,0.00974049999999999
2,2,1963,9,0.00463750000000002
1,1,1964,9,0.0037005
2,1,1964,9,0.00136475
1,2,1964,9,0.00609900000000002
2,2,1964,9,0.00190099999999999
1,1,1965,9,0.01037875
2,1,1965,9,0.00202225
1,2,1965,9,0.01773375
2,2,1965,9,0.00278424999999999
1,1,1966,9,0.009968
2,1,1966,9,0.00435449999999998
1,2,1966,9,0.01714375
2,2,1966,9,0.00543549999999998
1,1,1967,9,0.00687024999999999
2,1,1967,9,0.00535125
1,2,1967,9,0.01156475
2,2,1967,9,0.00623524999999997
1,1,1968,9,0.01456925
2,1,1968,9,0.00447299999999998
1,2,1968,9,0.02478125
2,2,1968,9,0.00445974999999998
1,1,1969,9,0.00934549999999998
2,1,1969,9,0.00836075
1,2,1969,9,0.015766
2,2,1969,9,0.00707874999999997
1,1,1970,9,0.009966
2,1,1970,9,0.004857
1,2,1970,9,0.01693225
2,2,1970,9,0.00451174999999998
1,1,1971,9,0.01599925
2,1,1971,9,0.0153745
1,2,1971,9,0.0270905
2,2,1971,9,0.01095425
1,1,1972,9,0.01714825
2,1,1972,9,0.0139435
1,2,1972,9,0.0277535
2,2,1972,9,0.01062175
1,1,1973,9,0.01542025
2,1,1973,9,0.004188
1,2,1973,9,0.02616925
2,2,1973,9,0.00465224999999997
1,1,1974,9,0.01892
2,1,1974,9,0.00652549999999999
1,2,1974,9,0.03168625
2,2,1974,9,0.00706774999999998
1,1,1975,9,0.00919149999999999
2,1,1975,9,0.00589324999999999
1,2,1975,9,0.01552425
2,2,1975,9,0.00692074999999998
1,1,1976,9,0.01586425
2,1,1976,9,0.0098125
1,2,1976,9,0.02704675
2,2,1976,9,0.010892
1,1,1977,9,0.00351275000000001
2,1,1977,9,0.0045675
1,2,1977,9,0.00625824999999997
2,2,1977,9,0.00576874999999999
1,1,1978,9,0.00762450000000001
2,1,1978,9,0.00218450000000001
1,2,1978,9,0.013054
2,2,1978,9,0.0035135
1,1,1979,9,0.010589
2,1,1979,9,0.00887099999999999
1,2,1979,9,0.01853025
2,2,1979,9,0.0107775
1,1,1980,9,0.01300825
2,1,1980,9,0.00992199999999999
1,2,1980,9,0.02291225
2,2,1980,9,0.01118875
1,1,1981,9,0.01484125
2,1,1981,9,0.01656475
1,2,1981,9,0.02631675
2,2,1981,9,0.01699025
1,1,1982,9,0.016643
2,1,1982,9,0.013082
1,2,1982,9,0.028671
2,2,1982,9,0.01442075
1,1,1983,9,0.01123725
2,1,1983,9,0.00766324999999998
1,2,1983,9,0.019141
2,2,1983,9,0.00894924999999996
1,1,1984,9,0.01263475
2,1,1984,9,0.00898099999999999
1,2,1984,9,0.02201525
2,2,1984,9,0.00978899999999999
1,1,1985,9,0.0163915
2,1,1985,9,0.00757474999999999
1,2,1985,9,0.02819025
2,2,1985,9,0.0105955
1,1,1986,9,0.01352975
2,1,1986,9,0.01243275
1,2,1986,9,0.0228905
2,2,1986,9,0.01510925
1,1,1987,9,0.01426475
2,1,1987,9,0.01141175
1,2,1987,9,0.02384075
2,2,1987,9,0.01445675
1,1,1988,9,0.0196935
2,1,1988,9,0.0155585
1,2,1988,9,0.03274775
2,2,1988,9,0.0212
1,1,1989,9,0.01953375
2,1,1989,9,0.00906199999999999
1,2,1989,9,0.0315975
2,2,1989,9,0.01296425
1,1,1990,9,0.014824
2,1,1990,9,0.00965574999999999
1,2,1990,9,0.02396775
2,2,1990,9,0.013403
1,1,1991,9,0.0138115
2,1,1991,9,0.00802275
1,2,1991,9,0.0224365
2,2,1991,9,0.01063025
1,1,1992,9,0.01785725
2,1,1992,9,0.01080825
1,2,1992,9,0.0285695
2,2,1992,9,0.0130415
1,1,1993,9,0.0139915
2,1,1993,9,0.00553974999999998
1,2,1993,9,0.0224025
2,2,1993,9,0.00894299999999998
1,1,1994,9,0.01602425
2,1,1994,9,0.00969249999999999
1,2,1994,9,0.026528
2,2,1994,9,0.01513775
1,1,1995,9,0.01148175
2,1,1995,9,0.00661675
1,2,1995,9,0.019132
2,2,1995,9,0.0104465
1,1,1996,9,0.0207695
2,1,1996,9,0.00815399999999999
1,2,1996,9,0.03464175
2,2,1996,9,0.0128705
1,1,1997,9,0.03870875
2,1,1997,9,0.00847599999999998
1,2,1997,9,0.06349675
2,2,1997,9,0.01284875
1,1,1998,9,0.04268575
2,1,1998,9,0.015584
1,2,1998,9,0.069425
2,2,1998,9,0.0238515
1,1,1999,9,0.04571275
2,1,1999,9,0.01875475
1,2,1999,9,0.07463175
2,2,1999,9,0.02847025
1,1,2000,9,0.04644075
2,1,2000,9,0.0243145
1,2,2000,9,0.075501
2,2,2000,9,0.0366335
1,1,2001,9,0.045539
2,1,2001,9,0.0376425
1,2,2001,9,0.074696
2,2,2001,9,0.0530605
1,1,2002,9,0.04944775
2,1,2002,9,0.0411305
1,2,2002,9,0.0808715
2,2,2002,9,0.06008075
1,1,2003,9,0.0419925
2,1,2003,9,0.05520075
1,2,2003,9,0.0695985
2,2,2003,9,0.07027175
1,1,2004,9,0.03885625
2,1,2004,9,0.06354375
1,2,2004,9,0.06423125
2,2,2004,9,0.086807
1,1,2005,9,0.03455925
2,1,2005,9,0.054202
1,2,2005,9,0.05755225
2,2,2005,9,0.070827
1,1,2006,9,0.0230975
2,1,2006,9,0.08645225
1,2,2006,9,0.03821375
2,2,2006,9,0.1123195
1,1,2007,9,0.02164875
2,1,2007,9,0.10158275
1,2,2007,9,0.03587225
2,2,2007,9,0.12578375
1,1,2008,9,0.02238325
2,1,2008,9,0.07188475
1,2,2008,9,0.0377125
2,2,2008,9,0.098267
1,1,2009,9,0.020659
2,1,2009,9,0.05291975
1,2,2009,9,0.03563475
2,2,2009,9,0.077082
1,1,2010,9,0.0213005
2,1,2010,9,0.04424375
1,2,2010,9,0.03682875
2,2,2010,9,0.06205025
1,1,2011,9,0.0223195
2,1,2011,9,0.05588375
1,2,2011,9,0.0399615
2,2,2011,9,0.07994875
1,1,2012,9,0.02387225
2,1,2012,9,0.06078475
1,2,2012,9,0.04125725
2,2,2012,9,0.0850945
1,1,2013,9,0.02214625
2,1,2013,9,0.06199575
1,2,2013,9,0.0382055
2,2,2013,9,0.08490525
1,1,2014,9,0.023773
2,1,2014,9,0.06509925
1,2,2014,9,0.03968725
2,2,2014,9,0.09408925
1,1,2015,9,0.023093
2,1,2015,9,0.07705725
1,2,2015,9,0.03840475
2,2,2015,9,0.106519
1,1,2016,9,0.02629625
2,1,2016,9,0.059776
1,2,2016,9,0.0425805
2,2,2016,9,0.0867885
1,1,2017,9,0.02924775
2,1,2017,9,0.0548335
1,2,2017,9,0.04838275
2,2,2017,9,0.085871
1,1,2018,9,0.02948525
2,1,2018,9,0.0713455
1,2,2018,9,0.0496315
2,2,2018,9,0.10798825
1,1,2019,9,0.03249175
2,1,2019,9,0.0581245
1,2,2019,9,0.05419625
2,2,2019,9,0.0845705
1,1,2020,9,0.01997575
2,1,2020,9,0.060173
1,2,2020,9,0.0322015
2,2,2020,9,0.08054125
1,1,2021,9,0.02030125
2,1,2021,9,0.0564985
1,2,2021,9,0.0324515
2,2,2021,9,0.07585725
1,1,2022,9,0.02249725
2,1,2022,9,0.05192325
1,2,2022,9,0.03798225
2,2,2022,9,0.072764
1,1,2023,9,0.035598
2,1,2023,9,0.05683625
1,2,2023,9,0.058549
2,2,2023,9,0.0762385
1,1,1952,10,0.000118500000000021
2,1,1952,10,1.00000000002876e-06
1,2,1952,10,0.000305
2,2,1952,10,2.74999999999581e-06
1,1,1953,10,0.000366000000000033
2,1,1953,10,5.25000000001219e-06
1,2,1953,10,0.000839749999999972
2,2,1953,10,1.34999999999996e-05
1,1,1954,10,0.00195675000000001
2,1,1954,10,0.000790000000000013
1,2,1954,10,0.00420999999999999
2,2,1954,10,0.00101174999999998
1,1,1955,10,0.00108275000000002
2,1,1955,10,0.00293550000000004
1,2,1955,10,0.00222049999999996
2,2,1955,10,0.00391274999999996
1,1,1956,10,0.000632500000000008
2,1,1956,10,0.00270200000000001
1,2,1956,10,0.00137375000000001
2,2,1956,10,0.00342774999999995
1,1,1957,10,0.000987000000000016
2,1,1957,10,0.00094600000000003
1,2,1957,10,0.00224249999999998
2,2,1957,10,0.00150024999999998
1,1,1958,10,0.00218325000000003
2,1,1958,10,0.00211475000000003
1,2,1958,10,0.00463249999999998
2,2,1958,10,0.00293399999999999
1,1,1959,10,0.00150775
2,1,1959,10,0.00338850000000002
1,2,1959,10,0.00311724999999996
2,2,1959,10,0.00471899999999997
1,1,1960,10,0.0013205
2,1,1960,10,0.00232775000000002
1,2,1960,10,0.00277125
2,2,1960,10,0.003025
1,1,1961,10,0.00175550000000002
2,1,1961,10,0.00405350000000002
1,2,1961,10,0.00394675
2,2,1961,10,0.00534024999999999
1,1,1962,10,0.00454000000000002
2,1,1962,10,0.00199975000000002
1,2,1962,10,0.00855624999999999
2,2,1962,10,0.00229024999999999
1,1,1963,10,0.00491825000000001
2,1,1963,10,0.00293825000000003
1,2,1963,10,0.00965899999999997
2,2,1963,10,0.00456449999999997
1,1,1964,10,0.00319900000000001
2,1,1964,10,0.00126900000000002
1,2,1964,10,0.00605
2,2,1964,10,0.00187124999999999
1,1,1965,10,0.00882650000000001
2,1,1965,10,0.00188550000000001
1,2,1965,10,0.0176065
2,2,1965,10,0.00274449999999998
1,1,1966,10,0.00844500000000001
2,1,1966,10,0.00412425000000002
1,2,1966,10,0.01701475
2,2,1966,10,0.00538624999999998
1,1,1967,10,0.00586575
2,1,1967,10,0.00516175000000002
1,2,1967,10,0.01148225
2,2,1967,10,0.00620074999999998
1,1,1968,10,0.012346
2,1,1968,10,0.00445875000000001
1,2,1968,10,0.02461175
2,2,1968,10,0.00445624999999999
1,1,1969,10,0.00794900000000001
2,1,1969,10,0.00855300000000003
1,2,1969,10,0.0156485
2,2,1969,10,0.00714599999999999
1,1,1970,10,0.00848475000000001
2,1,1970,10,0.00489250000000002
1,2,1970,10,0.01682375
2,2,1970,10,0.00453274999999997
1,1,1971,10,0.01363475
2,1,1971,10,0.01614625
1,2,1971,10,0.026897
2,2,1971,10,0.01117475
1,1,1972,10,0.01476625
2,1,1972,10,0.01450575
1,2,1972,10,0.02761025
2,2,1972,10,0.0107925
1,1,1973,10,0.01304675
2,1,1973,10,0.00404550000000004
1,2,1973,10,0.02596575
2,2,1973,10,0.00463924999999998
1,1,1974,10,0.0161085
2,1,1974,10,0.00636825000000002
1,2,1974,10,0.031508
2,2,1974,10,0.00705074999999999
1,1,1975,10,0.00777825000000001
2,1,1975,10,0.00572475
1,2,1975,10,0.0154235
2,2,1975,10,0.00686975000000001
1,1,1976,10,0.013453
2,1,1976,10,0.00960075000000002
1,2,1976,10,0.02687375
2,2,1976,10,0.010842
1,1,1977,10,0.00296225
2,1,1977,10,0.0043455
1,2,1977,10,0.00617725000000002
2,2,1977,10,0.00570874999999998
1,1,1978,10,0.00646450000000001
2,1,1978,10,0.00197450000000002
1,2,1978,10,0.01294225
2,2,1978,10,0.00343974999999996
1,1,1979,10,0.00894775000000003
2,1,1979,10,0.00851100000000002
1,2,1979,10,0.0183402499999999
2,2,1979,10,0.0106905
1,1,1980,10,0.011008
2,1,1980,10,0.00968750000000002
1,2,1980,10,0.02269075
2,2,1980,10,0.0111235
1,1,1981,10,0.012549
2,1,1981,10,0.01641475
1,2,1981,10,0.026007
2,2,1981,10,0.01698675
1,1,1982,10,0.0140875
2,1,1982,10,0.0127195
1,2,1982,10,0.02844075
2,2,1982,10,0.0143715
1,1,1983,10,0.00950250000000002
2,1,1983,10,0.00736950000000003
1,2,1983,10,0.0189855
2,2,1983,10,0.00889899999999999
1,1,1984,10,0.01070175
2,1,1984,10,0.00882100000000002
1,2,1984,10,0.0218275
2,2,1984,10,0.0097505
1,1,1985,10,0.0138695
2,1,1985,10,0.00705150000000002
1,2,1985,10,0.027968
2,2,1985,10,0.01043925
1,1,1986,10,0.011477
2,1,1986,10,0.01183225
1,2,1986,10,0.0227215
2,2,1986,10,0.0149975
1,1,1987,10,0.01212625
2,1,1987,10,0.010767
1,2,1987,10,0.02370175
2,2,1987,10,0.0143275
1,1,1988,10,0.01673025
2,1,1988,10,0.0145095
1,2,1988,10,0.03252525
2,2,1988,10,0.020927
1,1,1989,10,0.01683075
2,1,1989,10,0.00837850000000001
1,2,1989,10,0.0314045
2,2,1989,10,0.01274925
1,1,1990,10,0.0128705
2,1,1990,10,0.00896950000000002
1,2,1990,10,0.0238175
2,2,1990,10,0.013225
1,1,1991,10,0.0118425
2,1,1991,10,0.00754725000000001
1,2,1991,10,0.0223225
2,2,1991,10,0.010502
1,1,1992,10,0.0153405
2,1,1992,10,0.01046025
1,2,1992,10,0.028428
2,2,1992,10,0.01293925
1,1,1993,10,0.012045
2,1,1993,10,0.00500025000000001
1,2,1993,10,0.02225875
2,2,1993,10,0.0087585
1,1,1994,10,0.0135805
2,1,1994,10,0.00878325000000002
1,2,1994,10,0.02634725
2,2,1994,10,0.014857
1,1,1995,10,0.00971875000000003
2,1,1995,10,0.00601375000000001
1,2,1995,10,0.0189965
2,2,1995,10,0.010246
1,1,1996,10,0.01761275
2,1,1996,10,0.00737025000000002
1,2,1996,10,0.03443425
2,2,1996,10,0.0126175
1,1,1997,10,0.03304
2,1,1997,10,0.007714
1,2,1997,10,0.06313625
2,2,1997,10,0.01262625
1,1,1998,10,0.0365255
2,1,1998,10,0.014178
1,2,1998,10,0.06904875
2,2,1998,10,0.02345275
1,1,1999,10,0.0392515
2,1,1999,10,0.01712675
1,2,1999,10,0.07418425
2,2,1999,10,0.027967
1,1,2000,10,0.0397690000000001
2,1,2000,10,0.02220625
1,2,2000,10,0.0750355
2,2,2000,10,0.03594175
1,1,2001,10,0.03908375
2,1,2001,10,0.03487225
1,2,2001,10,0.07420575
2,2,2001,10,0.05226825
1,1,2002,10,0.04221625
2,1,2002,10,0.03803225
1,2,2002,10,0.08038675
2,2,2002,10,0.05912325
1,1,2003,10,0.03564575
2,1,2003,10,0.052516
1,2,2003,10,0.06908775
2,2,2003,10,0.06951375
1,1,2004,10,0.0330045
2,1,2004,10,0.05943875
1,2,2004,10,0.0638515
2,2,2004,10,0.0856325
1,1,2005,10,0.0293215
2,1,2005,10,0.0508615
1,2,2005,10,0.05717175
2,2,2005,10,0.07005675
1,1,2006,10,0.01956475
2,1,2006,10,0.0810145
1,2,2006,10,0.03795825
2,2,2006,10,0.1112515
1,1,2007,10,0.018349
2,1,2007,10,0.0959455
1,2,2007,10,0.035623
2,2,2007,10,0.1248415
1,1,2008,10,0.01896475
2,1,2008,10,0.066708
1,2,2008,10,0.03743725
2,2,2008,10,0.097018
1,1,2009,10,0.0174675
2,1,2009,10,0.0487845
1,2,2009,10,0.035311
2,2,2009,10,0.07583975
1,1,2010,10,0.01807125
2,1,2010,10,0.04096225
1,2,2010,10,0.03643825
2,2,2010,10,0.06118475
1,1,2011,10,0.01896275
2,1,2011,10,0.0516465
1,2,2011,10,0.03939625
2,2,2011,10,0.07875925
1,1,2012,10,0.0203005
2,1,2012,10,0.05643075
1,2,2012,10,0.04076625
2,2,2012,10,0.08387
1,1,2013,10,0.01889475
2,1,2013,10,0.05806775
1,2,2013,10,0.0377685
2,2,2013,10,0.083749
1,1,2014,10,0.0202525
2,1,2014,10,0.06027625
1,2,2014,10,0.03933825
2,2,2014,10,0.092572
1,1,2015,10,0.019824
2,1,2015,10,0.0721995
1,2,2015,10,0.03807575
2,2,2015,10,0.10501275
1,1,2016,10,0.0226945
2,1,2016,10,0.0554460000000001
1,2,2016,10,0.04227775
2,2,2016,10,0.08543175
1,1,2017,10,0.0250425
2,1,2017,10,0.04984175
1,2,2017,10,0.04802025
2,2,2017,10,0.084267
1,1,2018,10,0.025156
2,1,2018,10,0.06528475
1,2,2018,10,0.04916825
2,2,2018,10,0.10607975
1,1,2019,10,0.02765225
2,1,2019,10,0.05367775
1,2,2019,10,0.05375825
2,2,2019,10,0.0832435
1,1,2020,10,0.01716375
2,1,2020,10,0.05622275
1,2,2020,10,0.0319885
2,2,2020,10,0.07959025
1,1,2021,10,0.017594
2,1,2021,10,0.0527195
1,2,2021,10,0.0322205
2,2,2021,10,0.074992
1,1,2022,10,0.01911975
2,1,2022,10,0.04821175
1,2,2022,10,0.037661
2,2,2022,10,0.07177325
1,1,2023,10,0.03030425
2,1,2023,10,0.053113
1,2,2023,10,0.058132
2,2,2023,10,0.075327
1,1,1952,11,0.000101750000000012
2,1,1952,11,1.000000000001e-06
1,2,1952,11,0.00029825
2,2,1952,11,2.75000000005132e-06
1,1,1953,11,0.000314750000000003
2,1,1953,11,4.50000000001838e-06
1,2,1953,11,0.000825999999999993
2,2,1953,11,1.32500000000202e-05
1,1,1954,11,0.001693
2,1,1954,11,0.000751750000000023
1,2,1954,11,0.00417000000000001
2,2,1954,11,0.00100749999999999
1,1,1955,11,0.00093600000000002
2,1,1955,11,0.002775
1,2,1955,11,0.00220475000000003
2,2,1955,11,0.00388775000000002
1,1,1956,11,0.000546249999999998
2,1,1956,11,0.00257175000000001
1,2,1956,11,0.00135850000000004
2,2,1956,11,0.00341400000000003
1,1,1957,11,0.000853750000000014
2,1,1957,11,0.00087775000000001
1,2,1957,11,0.00221450000000001
2,2,1957,11,0.00148325000000005
1,1,1958,11,0.00188825000000001
2,1,1958,11,0.00199275000000002
1,2,1958,11,0.0045925
2,2,1958,11,0.00291225000000001
1,1,1959,11,0.00130525000000001
2,1,1959,11,0.00318375000000001
1,2,1959,11,0.00309599999999999
2,2,1959,11,0.00467975000000004
1,1,1960,11,0.00114325000000001
2,1,1960,11,0.0022085
1,2,1960,11,0.00275000000000003
2,2,1960,11,0.00301000000000001
1,1,1961,11,0.00151400000000002
2,1,1961,11,0.00384200000000001
1,2,1961,11,0.00389475
2,2,1961,11,0.00531124999999999
1,1,1962,11,0.00403450000000002
2,1,1962,11,0.00197050000000001
1,2,1962,11,0.00849275000000005
2,2,1962,11,0.00227949999999999
1,1,1963,11,0.00430800000000001
2,1,1963,11,0.00273325000000002
1,2,1963,11,0.009598
2,2,1963,11,0.00451275000000001
1,1,1964,11,0.00282525000000003
2,1,1964,11,0.00119275000000002
1,2,1964,11,0.00601300000000005
2,2,1964,11,0.00185025
1,1,1965,11,0.00766849999999999
2,1,1965,11,0.00177475000000002
1,2,1965,11,0.017509
2,2,1965,11,0.00271625000000003
1,1,1966,11,0.00730675
2,1,1966,11,0.00392775000000001
1,2,1966,11,0.0169155
2,2,1966,11,0.00535150000000001
1,1,1967,11,0.00511500000000001
2,1,1967,11,0.00499275000000002
1,2,1967,11,0.0114185
2,2,1967,11,0.00617624999999999
1,1,1968,11,0.0106845
2,1,1968,11,0.00443725
1,2,1968,11,0.02447975
2,2,1968,11,0.00445499999999999
1,1,1969,11,0.00690450000000001
2,1,1969,11,0.00867950000000001
1,2,1969,11,0.0155585
2,2,1969,11,0.00719475000000003
1,1,1970,11,0.00737875000000002
2,1,1970,11,0.00490425000000003
1,2,1970,11,0.01673925
2,2,1970,11,0.00454825000000003
1,1,1971,11,0.01186775
2,1,1971,11,0.01671525
1,2,1971,11,0.02674775
2,2,1971,11,0.01133375
1,1,1972,11,0.012981
2,1,1972,11,0.01490975
1,2,1972,11,0.027495
2,2,1972,11,0.01091575
1,1,1973,11,0.01126775
2,1,1973,11,0.00391125000000001
1,2,1973,11,0.0258095
2,2,1973,11,0.00463025000000006
1,1,1974,11,0.014004
2,1,1974,11,0.00621750000000001
1,2,1974,11,0.031366
2,2,1974,11,0.00703900000000002
1,1,1975,11,0.00671825000000001
2,1,1975,11,0.005581
1,2,1975,11,0.0153445
2,2,1975,11,0.00683450000000002
1,1,1976,11,0.01165125
2,1,1976,11,0.00940875000000002
1,2,1976,11,0.02673825
2,2,1976,11,0.0108075
1,1,1977,11,0.00255225000000001
2,1,1977,11,0.00416075000000002
1,2,1977,11,0.00611800000000001
2,2,1977,11,0.00566675000000005
1,1,1978,11,0.0055965
2,1,1978,11,0.00181300000000001
1,2,1978,11,0.0128575
2,2,1978,11,0.00338775000000002
1,1,1979,11,0.00772300000000001
2,1,1979,11,0.00820325000000002
1,2,1979,11,0.01819875
2,2,1979,11,0.01062925
1,1,1980,11,0.00951675000000002
2,1,1980,11,0.00948200000000002
1,2,1980,11,0.0225245
2,2,1980,11,0.01107825
1,1,1981,11,0.0108395
2,1,1981,11,0.0162415
1,2,1981,11,0.0257785
2,2,1981,11,0.0169855
1,1,1982,11,0.01217675
2,1,1982,11,0.01237975
1,2,1982,11,0.028265
2,2,1982,11,0.0143362500000001
1,1,1983,11,0.00820175000000001
2,1,1983,11,0.00710575000000002
1,2,1983,11,0.01886625
2,2,1983,11,0.00886350000000002
1,1,1984,11,0.0092585
2,1,1984,11,0.00867275000000001
1,2,1984,11,0.02168525
2,2,1984,11,0.00972400000000001
1,1,1985,11,0.01198375
2,1,1985,11,0.00662900000000002
1,2,1985,11,0.02779775
2,2,1985,11,0.010329
1,1,1986,11,0.00994
2,1,1986,11,0.01130525
1,2,1986,11,0.022591
2,2,1986,11,0.01491825
1,1,1987,11,0.01052325
2,1,1987,11,0.01020925
1,2,1987,11,0.023591
2,2,1987,11,0.0142355
1,1,1988,11,0.01450375
2,1,1988,11,0.01364125
1,2,1988,11,0.0323515
2,2,1988,11,0.0207335
1,1,1989,11,0.014803
2,1,1989,11,0.00783275000000003
1,2,1989,11,0.0312525
2,2,1989,11,0.0125975
1,1,1990,11,0.011411
2,1,1990,11,0.00840450000000001
1,2,1990,11,0.0237000000000001
2,2,1990,11,0.013099
1,1,1991,11,0.01036475
2,1,1991,11,0.00715425
1,2,1991,11,0.02223025
2,2,1991,11,0.0104115
1,1,1992,11,0.013446
2,1,1992,11,0.01016675
1,2,1992,11,0.02831275
2,2,1992,11,0.012868
1,1,1993,11,0.0105785
2,1,1993,11,0.004582
1,2,1993,11,0.02214525
2,2,1993,11,0.008629
1,1,1994,11,0.01173925
2,1,1994,11,0.00806325000000002
1,2,1994,11,0.0262055
2,2,1994,11,0.014658
1,1,1995,11,0.00839175
2,1,1995,11,0.00554250000000001
1,2,1995,11,0.018891
2,2,1995,11,0.01010425
1,1,1996,11,0.01524125
2,1,1996,11,0.00675800000000001
1,2,1996,11,0.034269
2,2,1996,11,0.012439
1,1,1997,11,0.02877825
2,1,1997,11,0.00710650000000002
1,2,1997,11,0.0628475
2,2,1997,11,0.012468
1,1,1998,11,0.03188875
2,1,1998,11,0.013059
1,2,1998,11,0.06874525
2,2,1998,11,0.02316925
1,1,1999,11,0.0344
2,1,1999,11,0.015854
1,2,1999,11,0.07382975
2,2,1999,11,0.02761025
1,1,2000,11,0.03474425
2,1,2000,11,0.0205695
1,2,2000,11,0.07466625
2,2,2000,11,0.0354515
1,1,2001,11,0.0342385
2,1,2001,11,0.032671
1,2,2001,11,0.073821
2,2,2001,11,0.051706
1,1,2002,11,0.03676875
2,1,2002,11,0.0355925
1,2,2002,11,0.08
2,2,2002,11,0.05844575
1,1,2003,11,0.030862
2,1,2003,11,0.05031775
1,2,2003,11,0.06868975
2,2,2003,11,0.06897875
1,1,2004,11,0.02859925
2,1,2004,11,0.0561245
1,2,2004,11,0.06354775
2,2,2004,11,0.08480175
1,1,2005,11,0.02537925
2,1,2005,11,0.04805825
1,2,2005,11,0.056872
2,2,2005,11,0.06950975
1,1,2006,11,0.016897
2,1,2006,11,0.0763865
1,2,2006,11,0.0377565
2,2,2006,11,0.110489
1,1,2007,11,0.01585975
2,1,2007,11,0.09102025
1,2,2007,11,0.0354275
2,2,2007,11,0.124166
1,1,2008,11,0.01639625
2,1,2008,11,0.06240275
1,2,2008,11,0.03722325
2,2,2008,11,0.09613
1,1,2009,11,0.015077
2,1,2009,11,0.04548175
1,2,2009,11,0.0350655
2,2,2009,11,0.074961
1,1,2010,11,0.015656
2,1,2010,11,0.0382885
1,2,2010,11,0.03614625
2,2,2010,11,0.06057025
1,1,2011,11,0.01646325
2,1,2011,11,0.0482375
1,2,2011,11,0.03898375
2,2,2011,11,0.077916
1,1,2012,11,0.01762875
2,1,2012,11,0.05291075
1,2,2012,11,0.0404025
2,2,2012,11,0.0830025
1,1,2013,11,0.01646575
2,1,2013,11,0.0549025
1,2,2013,11,0.037444
2,2,2013,11,0.08293175
1,1,2014,11,0.01760625
2,1,2014,11,0.0564565
1,2,2014,11,0.03907225
2,2,2014,11,0.09150075
1,1,2015,11,0.017375
2,1,2015,11,0.06831875
1,2,2015,11,0.0378255
2,2,2015,11,0.10395
1,1,2016,11,0.01998725
2,1,2016,11,0.05201725
1,2,2016,11,0.0420435
2,2,2016,11,0.084474
1,1,2017,11,0.021884
2,1,2017,11,0.0459265
1,2,2017,11,0.04774025
2,2,2017,11,0.08313375
1,1,2018,11,0.0219065
2,1,2018,11,0.06050425
1,2,2018,11,0.04881825
2,2,2018,11,0.10473125
1,1,2019,11,0.02401425
2,1,2019,11,0.0501165
1,2,2019,11,0.05342125
2,2,2019,11,0.08230575
1,1,2020,11,0.0150445
2,1,2020,11,0.052925
1,2,2020,11,0.03182125
2,2,2020,11,0.0789155
1,1,2021,11,0.01555775
2,1,2021,11,0.04955975
1,2,2021,11,0.03204175
2,2,2021,11,0.07437725
1,1,2022,11,0.0165835
2,1,2022,11,0.0451725
1,2,2022,11,0.037415
2,2,2022,11,0.071072
1,1,2023,11,0.026312
2,1,2023,11,0.05001325
1,2,2023,11,0.05780675
2,2,2023,11,0.07468025
1,1,1952,12,8.92499999999852e-05
2,1,1952,12,7.49999999993811e-07
1,2,1952,12,0.000293250000000023
2,2,1952,12,2.74999999999581e-06
1,1,1953,12,0.000278
2,1,1953,12,4.000000000004e-06
1,2,1953,12,0.000816750000000033
2,2,1953,12,1.27500000000058e-05
1,1,1954,12,0.00150224999999998
2,1,1954,12,0.000717999999999996
1,2,1954,12,0.00414124999999999
2,2,1954,12,0.00100450000000002
1,1,1955,12,0.00082974999999999
2,1,1955,12,0.00263774999999999
1,2,1955,12,0.00219350000000001
2,2,1955,12,0.00386999999999998
1,1,1956,12,0.000483499999999998
2,1,1956,12,0.00245775000000001
1,2,1956,12,0.00134774999999998
2,2,1956,12,0.00340400000000002
1,1,1957,12,0.000756499999999993
2,1,1957,12,0.000822749999999983
1,2,1957,12,0.00219425000000001
2,2,1957,12,0.001471
1,1,1958,12,0.0016745
2,1,1958,12,0.00189049999999999
1,2,1958,12,0.0045635
2,2,1958,12,0.00289725000000002
1,1,1959,12,0.00115799999999999
2,1,1959,12,0.00301299999999999
1,2,1959,12,0.00308025000000001
2,2,1959,12,0.00465175000000001
1,1,1960,12,0.00101525
2,1,1960,12,0.00210574999999999
1,2,1960,12,0.00273425000000005
2,2,1960,12,0.00299925000000001
1,1,1961,12,0.00133749999999999
2,1,1961,12,0.00365925
1,2,1961,12,0.00385774999999999
2,2,1961,12,0.00529050000000003
1,1,1962,12,0.00366849999999999
2,1,1962,12,0.00194549999999999
1,2,1962,12,0.00844650000000002
2,2,1962,12,0.002272
1,1,1963,12,0.00386599999999998
2,1,1963,12,0.00256724999999999
1,2,1963,12,0.00955250000000002
2,2,1963,12,0.00447675000000003
1,1,1964,12,0.00255449999999999
2,1,1964,12,0.00113125
1,2,1964,12,0.00598575000000001
2,2,1964,12,0.00183600000000006
1,1,1965,12,0.00683049999999999
2,1,1965,12,0.00168574999999999
1,2,1965,12,0.0174355
2,2,1965,12,0.00269675000000003
1,1,1966,12,0.00648299999999999
2,1,1966,12,0.00376124999999999
1,2,1966,12,0.01684125
2,2,1966,12,0.00532674999999999
1,1,1967,12,0.00457099999999999
2,1,1967,12,0.00484474999999998
1,2,1967,12,0.0113705
2,2,1967,12,0.00615900000000003
1,1,1968,12,0.00948225
2,1,1968,12,0.004412
1,2,1968,12,0.02438025
2,2,1968,12,0.00445400000000001
1,1,1969,12,0.00614774999999998
2,1,1969,12,0.00875825
1,2,1969,12,0.015491
2,2,1969,12,0.00723000000000001
1,1,1970,12,0.00657874999999999
2,1,1970,12,0.00490099999999999
1,2,1970,12,0.016675
2,2,1970,12,0.00455949999999999
1,1,1971,12,0.0105885
2,1,1971,12,0.01713
1,2,1971,12,0.026636
2,2,1971,12,0.011448
1,1,1972,12,0.0116885
2,1,1972,12,0.0151955
1,2,1972,12,0.02740625
2,2,1972,12,0.01100425
1,1,1973,12,0.0099785
2,1,1973,12,0.00378874999999998
1,2,1973,12,0.025692
2,2,1973,12,0.00462375000000004
1,1,1974,12,0.01248125
2,1,1974,12,0.00607749999999999
1,2,1974,12,0.031257
2,2,1974,12,0.00703025000000002
1,1,1975,12,0.00594975
2,1,1975,12,0.00545775000000001
1,2,1975,12,0.01528425
2,2,1975,12,0.00680975
1,1,1976,12,0.010348
2,1,1976,12,0.00923599999999999
1,2,1976,12,0.02663525
2,2,1976,12,0.0107835
1,1,1977,12,0.00225325000000001
2,1,1977,12,0.00400524999999999
1,2,1977,12,0.006075
2,2,1977,12,0.00563750000000002
1,1,1978,12,0.00496649999999998
2,1,1978,12,0.00168699999999999
1,2,1978,12,0.01279425
2,2,1978,12,0.00335150000000001
1,1,1979,12,0.00683424999999999
2,1,1979,12,0.00794049999999999
1,2,1979,12,0.01809425
2,2,1979,12,0.01058675
1,1,1980,12,0.00843524999999998
2,1,1980,12,0.00930224999999998
1,2,1980,12,0.02240225
2,2,1980,12,0.01104725
1,1,1981,12,0.00959699999999999
2,1,1981,12,0.01606025
1,2,1981,12,0.02561225
2,2,1981,12,0.0169855
1,1,1982,12,0.010792
2,1,1982,12,0.01207075
1,2,1982,12,0.02813375
2,2,1982,12,0.014312
1,1,1983,12,0.00725799999999999
2,1,1983,12,0.0068735
1,2,1983,12,0.0187775
2,2,1983,12,0.00883900000000004
1,1,1984,12,0.00821249999999998
2,1,1984,12,0.00853699999999999
1,2,1984,12,0.02157975
2,2,1984,12,0.00970625000000003
1,1,1985,12,0.01061725
2,1,1985,12,0.00628699999999999
1,2,1985,12,0.02767075
2,2,1985,12,0.0102515
1,1,1986,12,0.00882574999999999
2,1,1986,12,0.010849
1,2,1986,12,0.02249275
2,2,1986,12,0.014862
1,1,1987,12,0.0093625
2,1,1987,12,0.00973199999999999
1,2,1987,12,0.0235065
2,2,1987,12,0.0141705
1,1,1988,12,0.01288825
2,1,1988,12,0.01292325
1,2,1988,12,0.0322195
2,2,1988,12,0.0205975
1,1,1989,12,0.01333325
2,1,1989,12,0.0073955
1,2,1989,12,0.03113675
2,2,1989,12,0.01249075
1,1,1990,12,0.01035375
2,1,1990,12,0.00794049999999999
1,2,1990,12,0.0236115
2,2,1990,12,0.01301025
1,1,1991,12,0.00929525
2,1,1991,12,0.00682999999999997
1,2,1991,12,0.02215925
2,2,1991,12,0.01034775
1,1,1992,12,0.01207275
2,1,1992,12,0.00991775
1,2,1992,12,0.02822275
2,2,1992,12,0.012818
1,1,1993,12,0.00951349999999998
2,1,1993,12,0.00425524999999999
1,2,1993,12,0.0220595
2,2,1993,12,0.00853700000000002
1,1,1994,12,0.0104015
2,1,1994,12,0.00749049999999998
1,2,1994,12,0.02609725
2,2,1994,12,0.014518
1,1,1995,12,0.00742899999999999
2,1,1995,12,0.00517224999999999
1,2,1995,12,0.018811
2,2,1995,12,0.01000475
1,1,1996,12,0.0135225
2,1,1996,12,0.00627724999999998
1,2,1996,12,0.03414225
2,2,1996,12,0.0123125
1,1,1997,12,0.02568875
2,1,1997,12,0.0066225
1,2,1997,12,0.0626255
2,2,1997,12,0.0123565
1,1,1998,12,0.02852625
2,1,1998,12,0.012168
1,2,1998,12,0.06851025
2,2,1998,12,0.0229692500000001
1,1,1999,12,0.030883
2,1,1999,12,0.014856
1,2,1999,12,0.0735585
2,2,1999,12,0.02735825
1,1,2000,12,0.03109625
2,1,2000,12,0.01929425
1,2,2000,12,0.0743835
2,2,2000,12,0.0351065
1,1,2001,12,0.0307245
2,1,2001,12,0.0309215
1,2,2001,12,0.07352925
2,2,2001,12,0.0513085
1,1,2002,12,0.0328145
2,1,2002,12,0.0336655
1,2,2002,12,0.0797035
2,2,2002,12,0.057968
1,1,2003,12,0.02738575
2,1,2003,12,0.048517
1,2,2003,12,0.0683885
2,2,2003,12,0.06860275
1,1,2004,12,0.025403
2,1,2004,12,0.05344525
1,2,2004,12,0.06331475
2,2,2004,12,0.0842165
1,1,2005,12,0.02251775
2,1,2005,12,0.04572075
1,2,2005,12,0.0566435
2,2,2005,12,0.069123
1,1,2006,12,0.01495725
2,1,2006,12,0.0724895
1,2,2006,12,0.037603
2,2,2006,12,0.10994775
1,1,2007,12,0.0140505
2,1,2007,12,0.08678825
1,2,2007,12,0.035279
2,2,2007,12,0.12368475
1,1,2008,12,0.01453125
2,1,2008,12,0.05884025
1,2,2008,12,0.037062
2,2,2008,12,0.0955015
1,1,2009,12,0.01334025
2,1,2009,12,0.0428375
1,2,2009,12,0.034883
2,2,2009,12,0.0743415
1,1,2010,12,0.0139
2,1,2010,12,0.03611375
1,2,2010,12,0.035932
2,2,2010,12,0.06013575
1,1,2011,12,0.0146425
2,1,2011,12,0.0454945
1,2,2011,12,0.03868625
2,2,2011,12,0.0773205
1,1,2012,12,0.015684
2,1,2012,12,0.0500645
1,2,2012,12,0.040137
2,2,2012,12,0.08239025
1,1,2013,12,0.014699
2,1,2013,12,0.0523465
1,2,2013,12,0.03720725
2,2,2013,12,0.08235625
1,1,2014,12,0.01568175
2,1,2014,12,0.053418
1,2,2014,12,0.0388745
2,2,2014,12,0.090746
1,1,2015,12,0.01559675
2,1,2015,12,0.065206
1,2,2015,12,0.03764025
2,2,2015,12,0.1032015
1,1,2016,12,0.01802125
2,1,2016,12,0.0492905
1,2,2016,12,0.04186725
2,2,2016,12,0.0837995
1,1,2017,12,0.0195905
2,1,2017,12,0.04284125
1,2,2017,12,0.04752975
2,2,2017,12,0.0823355
1,1,2018,12,0.01954375
2,1,2018,12,0.05671825
1,2,2018,12,0.048559
2,2,2018,12,0.10378075
1,1,2019,12,0.0213705
2,1,2019,12,0.04725525
1,2,2019,12,0.05316875
2,2,2019,12,0.08164525
1,1,2020,12,0.013504
2,1,2020,12,0.05018475
1,2,2020,12,0.03169425
2,2,2020,12,0.07843875
1,1,2021,12,0.01407875
2,1,2021,12,0.04693375
1,2,2021,12,0.031907
2,2,2021,12,0.07394225
1,1,2022,12,0.0147415
2,1,2022,12,0.04268625
1,2,2022,12,0.03723225
2,2,2022,12,0.07057775
1,1,2023,12,0.0234105
2,1,2023,12,0.047444
1,2,2023,12,0.05756025
2,2,2023,12,0.074223
1,1,1952,13,7.95000000000101e-05
2,1,1952,13,7.50000000021567e-07
1,2,1952,13,0.000290250000000047
2,2,1952,13,2.50000000001638e-06
1,1,1953,13,0.000250250000000007
2,1,1953,13,3.25000000001019e-06
1,2,1953,13,0.000810000000000033
2,2,1953,13,1.27500000000613e-05
1,1,1954,13,0.00136375
2,1,1954,13,0.000688999999999995
1,2,1954,13,0.00412100000000004
2,2,1954,13,0.00100275000000005
1,1,1955,13,0.000753250000000011
2,1,1955,13,0.00252150000000001
1,2,1955,13,0.00218525000000003
2,2,1955,13,0.00385750000000001
1,1,1956,13,0.000437500000000007
2,1,1956,13,0.00236000000000003
1,2,1956,13,0.00133975000000003
2,2,1956,13,0.00339725000000002
1,1,1957,13,0.000685000000000019
2,1,1957,13,0.000778000000000001
1,2,1957,13,0.00218025000000005
2,2,1957,13,0.00146275000000007
1,1,1958,13,0.00152000000000002
2,1,1958,13,0.00180425000000001
1,2,1958,13,0.0045425
2,2,1958,13,0.00288700000000003
1,1,1959,13,0.00105225
2,1,1959,13,0.00287100000000001
1,2,1959,13,0.00306875000000006
2,2,1959,13,0.00463250000000004
1,1,1960,13,0.000922250000000013
2,1,1960,13,0.00201775000000001
1,2,1960,13,0.00272325000000007
2,2,1960,13,0.00299175000000007
1,1,1961,13,0.0012085
2,1,1961,13,0.00350450000000002
1,2,1961,13,0.00383150000000004
2,2,1961,13,0.00527575000000002
1,1,1962,13,0.00340400000000002
2,1,1962,13,0.00192425000000002
1,2,1962,13,0.00841325000000004
2,2,1962,13,0.00226675000000004
1,1,1963,13,0.00354825
2,1,1963,13,0.00243300000000002
1,2,1963,13,0.00951925000000003
2,2,1963,13,0.00445150000000005
1,1,1964,13,0.00236000000000003
2,1,1964,13,0.00108150000000001
1,2,1964,13,0.00596575000000005
2,2,1964,13,0.00182575000000001
1,1,1965,13,0.00622975000000001
2,1,1965,13,0.00161250000000002
1,2,1965,13,0.01738175
2,2,1965,13,0.00268300000000005
1,1,1966,13,0.00589249999999999
2,1,1966,13,0.00362100000000001
1,2,1966,13,0.0167870000000001
2,2,1966,13,0.00530975
1,1,1967,13,0.00418075000000001
2,1,1967,13,0.00471674999999999
1,2,1967,13,0.01133575
2,2,1967,13,0.00614700000000001
1,1,1968,13,0.00862175000000001
2,1,1968,13,0.00438525000000001
1,2,1968,13,0.0243065
2,2,1968,13,0.00445375000000003
1,1,1969,13,0.00560550000000001
2,1,1969,13,0.00880475
1,2,1969,13,0.01544125
2,2,1969,13,0.00725500000000001
1,1,1970,13,0.00600600000000001
2,1,1970,13,0.00488825000000001
1,2,1970,13,0.016628
2,2,1970,13,0.00456800000000002
1,1,1971,13,0.0096715
2,1,1971,13,0.01743125
1,2,1971,13,0.0265535000000001
2,2,1971,13,0.01152925
1,1,1972,13,0.01076425
2,1,1972,13,0.015396
1,2,1972,13,0.0273395000000001
2,2,1972,13,0.0110675
1,1,1973,13,0.00905375
2,1,1973,13,0.00368025
1,2,1973,13,0.025606
2,2,1973,13,0.0046195
1,1,1974,13,0.01139275
2,1,1974,13,0.0059515
1,2,1974,13,0.0311757500000001
2,2,1974,13,0.00702450000000004
1,1,1975,13,0.00539975000000001
2,1,1975,13,0.00535225
1,2,1975,13,0.0152397500000001
2,2,1975,13,0.00679275000000001
1,1,1976,13,0.00941500000000001
2,1,1976,13,0.00908375
1,2,1976,13,0.02655925
2,2,1976,13,0.01076725
1,1,1977,13,0.0020375
2,1,1977,13,0.00387575000000001
1,2,1977,13,0.00604400000000005
2,2,1977,13,0.00561675000000006
1,1,1978,13,0.00451400000000002
2,1,1978,13,0.00158800000000001
1,2,1978,13,0.01274825
2,2,1978,13,0.00332600000000005
1,1,1979,13,0.00619450000000002
2,1,1979,13,0.007718
1,2,1979,13,0.01801875
2,2,1979,13,0.01055675
1,1,1980,13,0.00765775000000002
2,1,1980,13,0.00914675000000001
1,2,1980,13,0.0223135
2,2,1980,13,0.0110255
1,1,1981,13,0.0087005
2,1,1981,13,0.0158845
1,2,1981,13,0.025492
2,2,1981,13,0.0169860000000001
1,1,1982,13,0.00979849999999999
2,1,1982,13,0.01179575
1,2,1982,13,0.028038
2,2,1982,13,0.01429475
1,1,1983,13,0.006581
2,1,1983,13,0.00667200000000001
1,2,1983,13,0.01871225
2,2,1983,13,0.00882150000000004
1,1,1984,13,0.00746125
2,1,1984,13,0.00841550000000002
1,2,1984,13,0.02150275
2,2,1984,13,0.00969375000000006
1,1,1985,13,0.00963724999999999
2,1,1985,13,0.00600900000000001
1,2,1985,13,0.0275775
2,2,1985,13,0.01019725
1,1,1986,13,0.00802750000000002
2,1,1986,13,0.01045925
1,2,1986,13,0.0224205000000001
2,2,1986,13,0.01482225
1,1,1987,13,0.00853200000000001
2,1,1987,13,0.00932850000000002
1,2,1987,13,0.0234435000000001
2,2,1987,13,0.0141245
1,1,1988,13,0.011731
2,1,1988,13,0.01233075
1,2,1988,13,0.032122
2,2,1988,13,0.02050175
1,1,1989,13,0.012281
2,1,1989,13,0.00704300000000002
1,2,1989,13,0.03105125
2,2,1989,13,0.0124155
1,1,1990,13,0.00959675000000001
2,1,1990,13,0.00755900000000001
1,2,1990,13,0.0235465
2,2,1990,13,0.0129480000000001
1,1,1991,13,0.00853075000000003
2,1,1991,13,0.00656225000000002
1,2,1991,13,0.0221055000000001
2,2,1991,13,0.01030325
1,1,1992,13,0.0110915
2,1,1992,13,0.00970675000000001
1,2,1992,13,0.0281555000000001
2,2,1992,13,0.0127835000000001
1,1,1993,13,0.00875075
2,1,1993,13,0.00399825000000001
1,2,1993,13,0.0219962500000001
2,2,1993,13,0.00847300000000006
1,1,1994,13,0.00944325000000001
2,1,1994,13,0.00703324999999999
1,2,1994,13,0.02601725
2,2,1994,13,0.0144197500000001
1,1,1995,13,0.00673850000000001
2,1,1995,13,0.00487975000000002
1,2,1995,13,0.01875225
2,2,1995,13,0.00993450000000001
1,1,1996,13,0.012293
2,1,1996,13,0.00589800000000001
1,2,1996,13,0.03404775
2,2,1996,13,0.012224
1,1,1997,13,0.02347875
2,1,1997,13,0.00623500000000002
1,2,1997,13,0.06245975
2,2,1997,13,0.012278
1,1,1998,13,0.026121
2,1,1998,13,0.011457
1,2,1998,13,0.0683345
2,2,1998,13,0.0228280000000001
1,1,1999,13,0.02836525
2,1,1999,13,0.0140705
1,2,1999,13,0.0733565
2,2,1999,13,0.027181
1,1,2000,13,0.02848425
2,1,2000,13,0.018295
1,2,2000,13,0.07417275
2,2,2000,13,0.03486375
1,1,2001,13,0.02820675
2,1,2001,13,0.02952875
1,2,2001,13,0.07331275
2,2,2001,13,0.0510282500000001
1,1,2002,13,0.029984
2,1,2002,13,0.032137
1,2,2002,13,0.07948225
2,2,2002,13,0.05763125
1,1,2003,13,0.0248925
2,1,2003,13,0.04704
1,2,2003,13,0.0681655
2,2,2003,13,0.06833875
1,1,2004,13,0.023116
2,1,2004,13,0.051275
1,2,2004,13,0.0631405
2,2,2004,13,0.08380475
1,1,2005,13,0.02046725
2,1,2005,13,0.04377975
1,2,2005,13,0.0564742500000001
2,2,2005,13,0.06885
1,1,2006,13,0.013567
2,1,2006,13,0.0692335
1,2,2006,13,0.0374887500000001
2,2,2006,13,0.10956475
1,1,2007,13,0.012753
2,1,2007,13,0.08319625
1,2,2007,13,0.035169
2,2,2007,13,0.123344
1,1,2008,13,0.01319425
2,1,2008,13,0.05590325
1,2,2008,13,0.0369430000000001
2,2,2008,13,0.09505825
1,1,2009,13,0.01209225
2,1,2009,13,0.04071325
1,2,2009,13,0.03474975
2,2,2009,13,0.07390525
1,1,2010,13,0.0126355
2,1,2010,13,0.0343455
1,2,2010,13,0.03577675
2,2,2010,13,0.05982975
1,1,2011,13,0.01332325
2,1,2011,13,0.04328425
1,2,2011,13,0.0384727500000001
2,2,2011,13,0.076901
1,1,2012,13,0.01427975
2,1,2012,13,0.04776
1,2,2012,13,0.0399457500000001
2,2,2012,13,0.0819595
1,1,2013,13,0.013424
2,1,2013,13,0.05027775
1,2,2013,13,0.0370365
2,2,2013,13,0.0819510000000001
1,1,2014,13,0.01429925
2,1,2014,13,0.05099075
1,2,2014,13,0.03872975
2,2,2014,13,0.0902155
1,1,2015,13,0.01431875
2,1,2015,13,0.06269975
1,2,2015,13,0.03750475
2,2,2015,13,0.1026755
1,1,2016,13,0.01661075
2,1,2016,13,0.047111
1,2,2016,13,0.041737
2,2,2016,13,0.08332575
1,1,2017,13,0.0179445
2,1,2017,13,0.04039675
1,2,2017,13,0.0473750000000001
2,2,2017,13,0.08177375
1,1,2018,13,0.01784375
2,1,2018,13,0.053705
1,2,2018,13,0.04836975
2,2,2018,13,0.103112
1,1,2019,13,0.01947225
2,1,2019,13,0.044949
1,2,2019,13,0.052983
2,2,2019,13,0.0811810000000001
1,1,2020,13,0.01239975
2,1,2020,13,0.0479165
1,2,2020,13,0.0316000000000001
2,2,2020,13,0.07810275
1,1,2021,13,0.013017
2,1,2021,13,0.04475975
1,2,2021,13,0.03180825
2,2,2021,13,0.0736355
1,1,2022,13,0.013418
2,1,2022,13,0.040652
1,2,2022,13,0.037098
2,2,2022,13,0.0702295000000001
1,1,2023,13,0.0213295
2,1,2023,13,0.04532075
1,2,2023,13,0.05737825
2,2,2023,13,0.073901
1,1,1952,14,7.29999999999897e-05
2,1,1952,14,7.49999999993811e-07
1,2,1952,14,0.000287750000000031
2,2,1952,14,2.50000000001638e-06
1,1,1953,14,0.000230249999999987
2,1,1953,14,3.49999999998962e-06
1,2,1953,14,0.000805250000000035
2,2,1953,14,1.27500000000613e-05
1,1,1954,14,0.00126349999999997
2,1,1954,14,0.000664999999999971
1,2,1954,14,0.00410600000000005
2,2,1954,14,0.00100074999999999
1,1,1955,14,0.00069874999999997
2,1,1955,14,0.00242499999999998
1,2,1955,14,0.00217850000000003
2,2,1955,14,0.00384875000000001
1,1,1956,14,0.000404749999999982
2,1,1956,14,0.00227749999999999
1,2,1956,14,0.00133400000000006
2,2,1956,14,0.00339225000000004
1,1,1957,14,0.000633499999999981
2,1,1957,14,0.00074225
1,2,1957,14,0.00217000000000006
2,2,1957,14,0.00145675000000006
1,1,1958,14,0.00140849999999998
2,1,1958,14,0.0017335
1,2,1958,14,0.00452700000000006
2,2,1958,14,0.00287900000000008
1,1,1959,14,0.000976749999999971
2,1,1959,14,0.00275375
1,2,1959,14,0.00306050000000002
2,2,1959,14,0.00461850000000003
1,1,1960,14,0.000856499999999982
2,1,1960,14,0.00194424999999998
1,2,1960,14,0.00271525000000006
2,2,1960,14,0.00298625000000002
1,1,1961,14,0.00111424999999998
2,1,1961,14,0.00337425
1,2,1961,14,0.00381300000000007
2,2,1961,14,0.00526525
1,1,1962,14,0.00321399999999999
2,1,1962,14,0.00190674999999998
1,2,1962,14,0.00838875000000006
2,2,1962,14,0.00226300000000001
1,1,1963,14,0.00332024999999997
2,1,1963,14,0.00232449999999998
1,2,1963,14,0.00949500000000003
2,2,1963,14,0.00443300000000002
1,1,1964,14,0.00222049999999999
2,1,1964,14,0.00104199999999999
1,2,1964,14,0.00595100000000004
2,2,1964,14,0.00181825000000002
1,1,1965,14,0.00579924999999998
2,1,1965,14,0.00155374999999999
1,2,1965,14,0.01734175
2,2,1965,14,0.00267300000000004
1,1,1966,14,0.00546874999999997
2,1,1966,14,0.00350399999999998
1,2,1966,14,0.01674675
2,2,1966,14,0.00529675000000007
1,1,1967,14,0.00390174999999998
2,1,1967,14,0.00460774999999997
1,2,1967,14,0.0113095
2,2,1967,14,0.00613825000000001
1,1,1968,14,0.00800524999999999
2,1,1968,14,0.00435975
1,2,1968,14,0.0242525
2,2,1968,14,0.0044535
1,1,1969,14,0.00521674999999999
2,1,1969,14,0.00883075
1,2,1969,14,0.0154045
2,2,1969,14,0.00727275000000005
1,1,1970,14,0.00559624999999997
2,1,1970,14,0.00487199999999999
1,2,1970,14,0.016593
2,2,1970,14,0.00457300000000005
1,1,1971,14,0.00901374999999999
2,1,1971,14,0.01765125
1,2,1971,14,0.02649325
2,2,1971,14,0.0115865000000001
1,1,1972,14,0.0101045
2,1,1972,14,0.015537
1,2,1972,14,0.02729025
2,2,1972,14,0.01111175
1,1,1973,14,0.0083905
2,1,1973,14,0.00358675
1,2,1973,14,0.0255427500000001
2,2,1973,14,0.00461625000000004
1,1,1974,14,0.0106145
2,1,1974,14,0.00584124999999999
1,2,1974,14,0.03111575
2,2,1974,14,0.00702050000000004
1,1,1975,14,0.00500624999999999
2,1,1975,14,0.00526349999999998
1,2,1975,14,0.0152065
2,2,1975,14,0.00678050000000008
1,1,1976,14,0.00874724999999998
2,1,1976,14,0.00895124999999999
1,2,1976,14,0.02650325
2,2,1976,14,0.01075525
1,1,1977,14,0.00188149999999998
2,1,1977,14,0.00376849999999998
1,2,1977,14,0.00602150000000001
2,2,1977,14,0.00560175000000007
1,1,1978,14,0.00418949999999998
2,1,1978,14,0.00151024999999999
1,2,1978,14,0.0127147500000001
2,2,1978,14,0.00330775000000005
1,1,1979,14,0.00573425
2,1,1979,14,0.00753124999999999
1,2,1979,14,0.0179645
2,2,1979,14,0.0105352500000001
1,1,1980,14,0.00709725
2,1,1980,14,0.00901299999999999
1,2,1980,14,0.0222497500000001
2,2,1980,14,0.01101025
1,1,1981,14,0.00805199999999998
2,1,1981,14,0.01572225
1,2,1981,14,0.02540575
2,2,1981,14,0.01698625
1,1,1982,14,0.00908575
2,1,1982,14,0.01155725
1,2,1982,14,0.02796825
2,2,1982,14,0.0142825
1,1,1983,14,0.00609499999999999
2,1,1983,14,0.00649974999999997
1,2,1983,14,0.01866475
2,2,1983,14,0.00880875000000003
1,1,1984,14,0.00692124999999999
2,1,1984,14,0.00830899999999998
1,2,1984,14,0.02144725
2,2,1984,14,0.00968475000000002
1,1,1985,14,0.00893374999999999
2,1,1985,14,0.00578324999999999
1,2,1985,14,0.0275095
2,2,1985,14,0.01015875
1,1,1986,14,0.00745524999999997
2,1,1986,14,0.01013
1,2,1986,14,0.0223680000000001
2,2,1986,14,0.014794
1,1,1987,14,0.00793874999999999
2,1,1987,14,0.00899
1,2,1987,14,0.02339725
2,2,1987,14,0.014092
1,1,1988,14,0.0109025
2,1,1988,14,0.01184375
1,2,1988,14,0.0320502500000001
2,2,1988,14,0.0204340000000001
1,1,1989,14,0.01152775
2,1,1989,14,0.00675924999999999
1,2,1989,14,0.0309875000000001
2,2,1989,14,0.0123625000000001
1,1,1990,14,0.00905399999999998
2,1,1990,14,0.00724724999999998
1,2,1990,14,0.0234985
2,2,1990,14,0.0129035000000001
1,1,1991,14,0.00798525
2,1,1991,14,0.00634249999999997
1,2,1991,14,0.022066
2,2,1991,14,0.0102715
1,1,1992,14,0.0103905
2,1,1992,14,0.00952999999999998
1,2,1992,14,0.02810525
2,2,1992,14,0.0127592500000001
1,1,1993,14,0.00820474999999998
2,1,1993,14,0.00379574999999999
1,2,1993,14,0.02194925
2,2,1993,14,0.00842750000000003
1,1,1994,14,0.00875774999999998
2,1,1994,14,0.00666774999999997
1,2,1994,14,0.0259590000000001
2,2,1994,14,0.01435
1,1,1995,14,0.00624449999999999
2,1,1995,14,0.00464774999999998
1,2,1995,14,0.0187085
2,2,1995,14,0.00988525000000007
1,1,1996,14,0.01141325
2,1,1996,14,0.00559799999999999
1,2,1996,14,0.03397775
2,2,1996,14,0.01216125
1,1,1997,14,0.021898
2,1,1997,14,0.00592449999999997
1,2,1997,14,0.06233775
2,2,1997,14,0.0122225
1,1,1998,14,0.02440125
2,1,1998,14,0.010889
1,2,1998,14,0.0682045000000001
2,2,1998,14,0.0227282500000001
1,1,1999,14,0.0265625
2,1,1999,14,0.0134505
1,2,1999,14,0.0732085
2,2,1999,14,0.02705575
1,1,2000,14,0.026614
2,1,2000,14,0.01750825
1,2,2000,14,0.0740185
2,2,2000,14,0.03469275
1,1,2001,14,0.026402
2,1,2001,14,0.0284165
1,2,2001,14,0.0731545
2,2,2001,14,0.05083075
1,1,2002,14,0.027958
2,1,2002,14,0.03092025
1,2,2002,14,0.07931975
2,2,2002,14,0.05739475
1,1,2003,14,0.023105
2,1,2003,14,0.04583
1,2,2003,14,0.068003
2,2,2003,14,0.0681525000000001
1,1,2004,14,0.02148075
2,1,2004,14,0.049515
1,2,2004,14,0.06301225
2,2,2004,14,0.083515
1,1,2005,14,0.0189995
2,1,2005,14,0.04217475
1,2,2005,14,0.05634975
2,2,2005,14,0.0686575
1,1,2006,14,0.01257225
2,1,2006,14,0.0665285
1,2,2006,14,0.03740475
2,2,2006,14,0.10929475
1,1,2007,14,0.011824
2,1,2007,14,0.0801755
1,2,2007,14,0.03508825
2,2,2007,14,0.123103
1,1,2008,14,0.01223575
2,1,2008,14,0.05348825
1,2,2008,14,0.0368560000000001
2,2,2008,14,0.094745
1,1,2009,14,0.01119475
2,1,2009,14,0.039003
1,2,2009,14,0.03465375
2,2,2009,14,0.0735985
1,1,2010,14,0.011723
2,1,2010,14,0.03290875
1,2,2010,14,0.0356650000000001
2,2,2010,14,0.0596135
1,1,2011,14,0.01236375
2,1,2011,14,0.041501
1,2,2011,14,0.03832075
2,2,2011,14,0.076605
1,1,2012,14,0.0132645
2,1,2012,14,0.04589275
1,2,2012,14,0.03980825
2,2,2012,14,0.0816560000000001
1,1,2013,14,0.01250175
2,1,2013,14,0.048601
1,2,2013,14,0.0369140000000001
2,2,2013,14,0.0816662500000001
1,1,2014,14,0.0133055
2,1,2014,14,0.04904425
1,2,2014,14,0.0386245000000001
2,2,2014,14,0.08984225
1,1,2015,14,0.013399
2,1,2015,14,0.06067675
1,2,2015,14,0.037407
2,2,2015,14,0.10230575
1,1,2016,14,0.01559825
2,1,2016,14,0.045363
1,2,2016,14,0.0416425
2,2,2016,14,0.0829927500000001
1,1,2017,14,0.01676325
2,1,2017,14,0.03845075
1,2,2017,14,0.0472622500000001
2,2,2017,14,0.081379
1,1,2018,14,0.01661975
2,1,2018,14,0.05129725
1,2,2018,14,0.048233
2,2,2018,14,0.102642
1,1,2019,14,0.0181095
2,1,2019,14,0.04308625
1,2,2019,14,0.052848
2,2,2019,14,0.08085425
1,1,2020,14,0.0116085
2,1,2020,14,0.04604475
1,2,2020,14,0.03153125
2,2,2020,14,0.0778652500000001
1,1,2021,14,0.01225525
2,1,2021,14,0.04296625
1,2,2021,14,0.031736
2,2,2021,14,0.073419
1,1,2022,14,0.01246675
2,1,2022,14,0.0389885
1,2,2022,14,0.0370005
2,2,2022,14,0.0699845
1,1,2023,14,0.019838
2,1,2023,14,0.043571
1,2,2023,14,0.057245
2,2,2023,14,0.0736742500000001
1,1,1952,15,6.77499999999776e-05
2,1,1952,15,7.49999999993811e-07
1,2,1952,15,0.000285750000000029
2,2,1952,15,2.49999999998862e-06
1,1,1953,15,0.000216250000000001
2,1,1953,15,3.000000000003e-06
1,2,1953,15,0.000802000000000025
2,2,1953,15,1.24999999999986e-05
1,1,1954,15,0.001194
2,1,1954,15,0.000644249999999985
1,2,1954,15,0.00409549999999997
2,2,1954,15,0.000999750000000021
1,1,1955,15,0.000660749999999988
2,1,1955,15,0.00234324999999999
1,2,1955,15,0.00217400000000001
2,2,1955,15,0.00384224999999999
1,1,1956,15,0.00038125
2,1,1956,15,0.00220699999999999
1,2,1956,15,0.00132975000000002
2,2,1956,15,0.00338849999999996
1,1,1957,15,0.000596749999999979
2,1,1957,15,0.000712999999999991
1,2,1957,15,0.00216274999999999
2,2,1957,15,0.00145250000000002
1,1,1958,15,0.001331
2,1,1958,15,0.00167424999999999
1,2,1958,15,0.00451600000000002
2,2,1958,15,0.00287350000000003
1,1,1959,15,0.00092399999999998
2,1,1959,15,0.00265599999999999
1,2,1959,15,0.00305424999999998
2,2,1959,15,0.00460874999999999
1,1,1960,15,0.000810249999999985
2,1,1960,15,0.00188149999999998
1,2,1960,15,0.00270874999999998
2,2,1960,15,0.00298225000000002
1,1,1961,15,0.00104674999999999
2,1,1961,15,0.00326425
1,2,1961,15,0.00379924999999998
2,2,1961,15,0.00525825000000002
1,1,1962,15,0.003081
2,1,1962,15,0.00189175
1,2,1962,15,0.00837099999999996
2,2,1962,15,0.00226025000000002
1,1,1963,15,0.00316174999999999
2,1,1963,15,0.00223625
1,2,1963,15,0.00947674999999998
2,2,1963,15,0.00442049999999999
1,1,1964,15,0.00212324999999999
2,1,1964,15,0.0010095
1,2,1964,15,0.00593974999999997
2,2,1964,15,0.00181324999999999
1,1,1965,15,0.00550200000000001
2,1,1965,15,0.00150549999999999
1,2,1965,15,0.01731175
2,2,1965,15,0.00266625000000004
1,1,1966,15,0.00517524999999999
2,1,1966,15,0.00340574999999999
1,2,1966,15,0.01671675
2,2,1966,15,0.00528849999999997
1,1,1967,15,0.00370799999999999
2,1,1967,15,0.00451449999999998
1,2,1967,15,0.01129025
2,2,1967,15,0.00613249999999999
1,1,1968,15,0.00757849999999999
2,1,1968,15,0.00433449999999999
1,2,1968,15,0.02421075
2,2,1968,15,0.00445299999999998
1,1,1969,15,0.00494649999999999
2,1,1969,15,0.00884075000000001
1,2,1969,15,0.015377
2,2,1969,15,0.00728499999999999
1,1,1970,15,0.00531399999999999
2,1,1970,15,0.00485249999999998
1,2,1970,15,0.01656575
2,2,1970,15,0.00457750000000001
1,1,1971,15,0.00855875
2,1,1971,15,0.0178075
1,2,1971,15,0.0264465
2,2,1971,15,0.0116275
1,1,1972,15,0.0096485
2,1,1972,15,0.015632
1,2,1972,15,0.0272515
2,2,1972,15,0.01114325
1,1,1973,15,0.00792874999999998
2,1,1973,15,0.00350499999999998
1,2,1973,15,0.025495
2,2,1973,15,0.00461349999999999
1,1,1974,15,0.01007825
2,1,1974,15,0.00574474999999999
1,2,1974,15,0.03106875
2,2,1974,15,0.00701750000000001
1,1,1975,15,0.00473274999999998
2,1,1975,15,0.00518874999999999
1,2,1975,15,0.0151815
2,2,1975,15,0.00677224999999998
1,1,1976,15,0.00828699999999999
2,1,1976,15,0.00883699999999998
1,2,1976,15,0.0264595
2,2,1976,15,0.01074725
1,1,1977,15,0.00177125
2,1,1977,15,0.0036795
1,2,1977,15,0.00600525000000002
2,2,1977,15,0.00559150000000003
1,1,1978,15,0.00396249999999998
2,1,1978,15,0.00144849999999999
1,2,1978,15,0.01268925
2,2,1978,15,0.00329499999999999
1,1,1979,15,0.00541149999999999
2,1,1979,15,0.00737450000000001
1,2,1979,15,0.01792375
2,2,1979,15,0.0105205
1,1,1980,15,0.00670699999999999
2,1,1980,15,0.0088985
1,2,1980,15,0.0222015
2,2,1980,15,0.0109995
1,1,1981,15,0.00759650000000001
2,1,1981,15,0.0155735
1,2,1981,15,0.025342
2,2,1981,15,0.0169865
1,1,1982,15,0.00859024999999999
2,1,1982,15,0.0113505
1,2,1982,15,0.0279145
2,2,1982,15,0.014274
1,1,1983,15,0.00575575
2,1,1983,15,0.00635324999999998
1,2,1983,15,0.01862875
2,2,1983,15,0.00880025000000001
1,1,1984,15,0.00654649999999998
2,1,1984,15,0.008216
1,2,1984,15,0.02140475
2,2,1984,15,0.00967899999999999
1,1,1985,15,0.00844524999999999
2,1,1985,15,0.00559999999999999
1,2,1985,15,0.02745775
2,2,1985,15,0.01013175
1,1,1986,15,0.00705749999999999
2,1,1986,15,0.009852
1,2,1986,15,0.02232775
2,2,1986,15,0.01477425
1,1,1987,15,0.00752799999999998
2,1,1987,15,0.00870674999999999
1,2,1987,15,0.02336075
2,2,1987,15,0.01406925
1,1,1988,15,0.01032425
2,1,1988,15,0.0114435
1,2,1988,15,0.031996
2,2,1988,15,0.0203865
1,1,1989,15,0.011004
2,1,1989,15,0.00652975
1,2,1989,15,0.0309395
2,2,1989,15,0.01232575
1,1,1990,15,0.00867925
2,1,1990,15,0.006991
1,2,1990,15,0.0234615
2,2,1990,15,0.0128725
1,1,1991,15,0.00760775
2,1,1991,15,0.00616125000000001
1,2,1991,15,0.02203425
2,2,1991,15,0.0102495
1,1,1992,15,0.00990349999999998
2,1,1992,15,0.00938275
1,2,1992,15,0.02806575
2,2,1992,15,0.01274225
1,1,1993,15,0.00782224999999998
2,1,1993,15,0.00363574999999999
1,2,1993,15,0.02191375
2,2,1993,15,0.00839600000000001
1,1,1994,15,0.00827700000000001
2,1,1994,15,0.00637549999999998
1,2,1994,15,0.02591425
2,2,1994,15,0.0143015
1,1,1995,15,0.00589899999999999
2,1,1995,15,0.00446425
1,2,1995,15,0.0186755
2,2,1995,15,0.00985075000000002
1,1,1996,15,0.0108025
2,1,1996,15,0.00536
1,2,1996,15,0.033924
2,2,1996,15,0.012118
1,1,1997,15,0.02080125
2,1,1997,15,0.00567675000000001
1,2,1997,15,0.0622425
2,2,1997,15,0.01218375
1,1,1998,15,0.02320725
2,1,1998,15,0.01043725
1,2,1998,15,0.068103
2,2,1998,15,0.0226585
1,1,1999,15,0.02531175
2,1,1999,15,0.0129625
1,2,1999,15,0.073093
2,2,1999,15,0.0269675
1,1,2000,15,0.02530975
2,1,2000,15,0.01688925
1,2,2000,15,0.0739
2,2,2000,15,0.0345725
1,1,2001,15,0.0251475
2,1,2001,15,0.027531
1,2,2001,15,0.073033
2,2,2001,15,0.05069125
1,1,2002,15,0.02654725
2,1,2002,15,0.0299585
1,2,2002,15,0.079194
2,2,2002,15,0.057228
1,1,2003,15,0.0218525
2,1,2003,15,0.0448405
1,2,2003,15,0.06788025
2,2,2003,15,0.06802225
1,1,2004,15,0.020343
2,1,2004,15,0.048088
1,2,2004,15,0.062913
2,2,2004,15,0.08331125
1,1,2005,15,0.017976
2,1,2005,15,0.04084875
1,2,2005,15,0.0562545
2,2,2005,15,0.06852175
1,1,2006,15,0.01187525
2,1,2006,15,0.064279
1,2,2006,15,0.037341
2,2,2006,15,0.1091025
1,1,2007,15,0.01117325
2,1,2007,15,0.07763875
1,2,2007,15,0.035027
2,2,2007,15,0.1229315
1,1,2008,15,0.01156775
2,1,2008,15,0.05150775
1,2,2008,15,0.03678975
2,2,2008,15,0.09452475
1,1,2009,15,0.0105665
2,1,2009,15,0.0376315
1,2,2009,15,0.03458125
2,2,2009,15,0.073383
1,1,2010,15,0.0110815
2,1,2010,15,0.03174475
1,2,2010,15,0.03558225
2,2,2010,15,0.05946125
1,1,2011,15,0.01168325
2,1,2011,15,0.04006825
1,2,2011,15,0.03821025
2,2,2011,15,0.07639675
1,1,2012,15,0.01254575
2,1,2012,15,0.04438375
1,2,2012,15,0.03970725
2,2,2012,15,0.0814425
1,1,2013,15,0.01185175
2,1,2013,15,0.047247
1,2,2013,15,0.03682325
2,2,2013,15,0.08146625
1,1,2014,15,0.01260625
2,1,2014,15,0.047488
1,2,2014,15,0.0385465
2,2,2014,15,0.08958025
1,1,2015,15,0.01275575
2,1,2015,15,0.05905375
1,2,2015,15,0.037333
2,2,2015,15,0.10204675
1,1,2016,15,0.0148915
2,1,2016,15,0.043968
1,2,2016,15,0.0415705
2,2,2016,15,0.08275825
1,1,2017,15,0.0159385
2,1,2017,15,0.03690875
1,2,2017,15,0.0471765
2,2,2017,15,0.08110175
1,1,2018,15,0.01575925
2,1,2018,15,0.0493805
1,2,2018,15,0.04813075
2,2,2018,15,0.1023115
1,1,2019,15,0.01715375
2,1,2019,15,0.041585
1,2,2019,15,0.05274625
2,2,2019,15,0.08062475
1,1,2020,15,0.01105475
2,1,2020,15,0.044503
1,2,2020,15,0.0314785
2,2,2020,15,0.0776985
1,1,2021,15,0.01172225
2,1,2021,15,0.04148575
1,2,2021,15,0.031681
2,2,2021,15,0.073266
1,1,2022,15,0.01180075
2,1,2022,15,0.037632
1,2,2022,15,0.03692725
2,2,2022,15,0.06981175
1,1,2023,15,0.018793
2,1,2023,15,0.04213075
1,2,2023,15,0.057144
2,2,2023,15,0.07351425
1,1,1952,16,6.34999999999941e-05
2,1,1952,16,5.00000000014378e-07
1,2,1952,16,0.00028475
2,2,1952,16,2.49999999998862e-06
1,1,1953,16,0.000205250000000018
2,1,1953,16,3.00000000003076e-06
1,2,1953,16,0.000799749999999988
2,2,1953,16,1.24999999999986e-05
1,1,1954,16,0.00114375
2,1,1954,16,0.000626750000000009
1,2,1954,16,0.00408724999999999
2,2,1954,16,0.000999000000000028
1,1,1955,16,0.000633750000000016
2,1,1955,16,0.00227500000000003
1,2,1955,16,0.00217075
2,2,1955,16,0.00383800000000001
1,1,1956,16,0.00036425000000001
2,1,1956,16,0.00214750000000002
1,2,1956,16,0.00132700000000002
2,2,1956,16,0.00338624999999998
1,1,1957,16,0.000569500000000001
2,1,1957,16,0.000689250000000002
1,2,1957,16,0.00215775000000001
2,2,1957,16,0.00144925000000001
1,1,1958,16,0.00127550000000001
2,1,1958,16,0.00162475000000001
1,2,1958,16,0.0045075
2,2,1958,16,0.00286999999999998
1,1,1959,16,0.000886500000000012
2,1,1959,16,0.00257525
1,2,1959,16,0.00304975000000002
2,2,1959,16,0.00460175000000002
1,1,1960,16,0.000777250000000007
2,1,1960,16,0.00182850000000001
1,2,1960,16,0.00270425000000002
2,2,1960,16,0.00297975
1,1,1961,16,0.000997999999999999
2,1,1961,16,0.00317200000000001
1,2,1961,16,0.0037895
2,2,1961,16,0.00525300000000001
1,1,1962,16,0.00298675000000001
2,1,1962,16,0.00187825000000003
1,2,1962,16,0.00835775
2,2,1962,16,0.00225875000000003
1,1,1963,16,0.00305075000000002
2,1,1963,16,0.00216425000000001
1,2,1963,16,0.00946275000000002
2,2,1963,16,0.00441150000000001
1,1,1964,16,0.002055
2,1,1964,16,0.000982750000000004
1,2,1964,16,0.00593125
2,2,1964,16,0.00180999999999998
1,1,1965,16,0.00529500000000002
2,1,1965,16,0.00146600000000002
1,2,1965,16,0.017288
2,2,1965,16,0.00266125
1,1,1966,16,0.00497125000000001
2,1,1966,16,0.00332325
1,2,1966,16,0.016693
2,2,1966,16,0.00528224999999999
1,1,1967,16,0.00357400000000002
2,1,1967,16,0.00443475000000002
1,2,1967,16,0.01127475
2,2,1967,16,0.00612799999999997
1,1,1968,16,0.00728400000000001
2,1,1968,16,0.00431049999999999
1,2,1968,16,0.0241785
2,2,1968,16,0.00445299999999998
1,1,1969,16,0.00475975000000001
2,1,1969,16,0.00883975000000001
1,2,1969,16,0.0153555
2,2,1969,16,0.00729425
1,1,1970,16,0.00511775
2,1,1970,16,0.00483150000000002
1,2,1970,16,0.01654475
2,2,1970,16,0.00458075000000002
1,1,1971,16,0.00824350000000001
2,1,1971,16,0.01791475
1,2,1971,16,0.026411
2,2,1971,16,0.011657
1,1,1972,16,0.00933550000000002
2,1,1972,16,0.0156915
1,2,1972,16,0.0272205
2,2,1972,16,0.0111665
1,1,1973,16,0.00761050000000002
2,1,1973,16,0.00343450000000001
1,2,1973,16,0.02545825
2,2,1973,16,0.004612
1,1,1974,16,0.00970875000000002
2,1,1974,16,0.00566025000000001
1,2,1974,16,0.03103125
2,2,1974,16,0.00701574999999999
1,1,1975,16,0.00454525
2,1,1975,16,0.00512400000000002
1,2,1975,16,0.0151615
2,2,1975,16,0.00676650000000001
1,1,1976,16,0.00796850000000002
2,1,1976,16,0.00873650000000001
1,2,1976,16,0.0264255
2,2,1976,16,0.01074175
1,1,1977,16,0.00169375000000002
2,1,1977,16,0.00360475000000002
1,2,1977,16,0.00599325000000001
2,2,1977,16,0.00558449999999999
1,1,1978,16,0.00380550000000002
2,1,1978,16,0.00139975000000001
1,2,1978,16,0.01267025
2,2,1978,16,0.00328624999999999
1,1,1979,16,0.00518650000000001
2,1,1979,16,0.007242
1,2,1979,16,0.01789275
2,2,1979,16,0.01051025
1,1,1980,16,0.00643375000000002
2,1,1980,16,0.00879950000000002
1,2,1980,16,0.0221655
2,2,1980,16,0.01099225
1,1,1981,16,0.00727675
2,1,1981,16,0.01543725
1,2,1981,16,0.0252945
2,2,1981,16,0.01698725
1,1,1982,16,0.00824650000000002
2,1,1982,16,0.01117025
1,2,1982,16,0.0278735
2,2,1982,16,0.01426825
1,1,1983,16,0.00552200000000003
2,1,1983,16,0.00622775
1,2,1983,16,0.018601
2,2,1983,16,0.00879374999999999
1,1,1984,16,0.00628500000000001
2,1,1984,16,0.00813350000000002
1,2,1984,16,0.02137225
2,2,1984,16,0.00967499999999999
1,1,1985,16,0.00810725000000001
2,1,1985,16,0.00545000000000001
1,2,1985,16,0.027418
2,2,1985,16,0.01011275
1,1,1986,16,0.00678300000000001
2,1,1986,16,0.00961624999999999
1,2,1986,16,0.02229625
2,2,1986,16,0.0147605
1,1,1987,16,0.007246
2,1,1987,16,0.00846825000000001
1,2,1987,16,0.02333175
2,2,1987,16,0.01405275
1,1,1988,16,0.00992925
2,1,1988,16,0.011113
1,2,1988,16,0.0319525
2,2,1988,16,0.02035275
1,1,1989,16,0.01064475
2,1,1989,16,0.00634400000000002
1,2,1989,16,0.030901
2,2,1989,16,0.0122995
1,1,1990,16,0.00841900000000001
2,1,1990,16,0.00678075
1,2,1990,16,0.0234325
2,2,1990,16,0.0128505
1,1,1991,16,0.00734950000000001
2,1,1991,16,0.00601125000000002
1,2,1991,16,0.022009
2,2,1991,16,0.01023375
1,1,1992,16,0.009573
2,1,1992,16,0.0092565
1,2,1992,16,0.02803375
2,2,1992,16,0.0127305
1,1,1993,16,0.00756200000000001
2,1,1993,16,0.00350900000000001
1,2,1993,16,0.021885
2,2,1993,16,0.00837349999999998
1,1,1994,16,0.00795050000000003
2,1,1994,16,0.00614125000000001
1,2,1994,16,0.0258785
2,2,1994,16,0.0142675
1,1,1995,16,0.00566325000000001
2,1,1995,16,0.00431775000000001
1,2,1995,16,0.01864925
2,2,1995,16,0.00982650000000002
1,1,1996,16,0.010385
2,1,1996,16,0.00517125000000002
1,2,1996,16,0.03388075
2,2,1996,16,0.01208675
1,1,1997,16,0.02005225
2,1,1997,16,0.00547800000000001
1,2,1997,16,0.062166
2,2,1997,16,0.012156
1,1,1998,16,0.0223935
2,1,1998,16,0.01007625
1,2,1998,16,0.068021
2,2,1998,16,0.022609
1,1,1999,16,0.02445375
2,1,1999,16,0.012578
1,2,1999,16,0.0730015
2,2,1999,16,0.02690525
1,1,2000,16,0.02442075
2,1,2000,16,0.016404
1,2,2000,16,0.073805
2,2,2000,16,0.03448775
1,1,2001,16,0.0242855
2,1,2001,16,0.02682725
1,2,2001,16,0.072937
2,2,2001,16,0.0505925
1,1,2002,16,0.02558575
2,1,2002,16,0.02919175
1,2,2002,16,0.079093
2,2,2002,16,0.0571105
1,1,2003,16,0.020999
2,1,2003,16,0.0440275
1,2,2003,16,0.06778225
2,2,2003,16,0.06793025
1,1,2004,16,0.0195675
2,1,2004,16,0.04693125
1,2,2004,16,0.062833
2,2,2004,16,0.083168
1,1,2005,16,0.0172775
2,1,2005,16,0.039753
1,2,2005,16,0.0561785
2,2,2005,16,0.0684255
1,1,2006,16,0.011402
2,1,2006,16,0.062418
1,2,2006,16,0.03728975
2,2,2006,16,0.108966
1,1,2007,16,0.010731
2,1,2007,16,0.07551325
1,2,2007,16,0.03497825
2,2,2007,16,0.12280825
1,1,2008,16,0.011109
2,1,2008,16,0.04987925
1,2,2008,16,0.03673775
2,2,2008,16,0.094368
1,1,2009,16,0.010132
2,1,2009,16,0.0365245
1,2,2009,16,0.0345255
2,2,2009,16,0.073231
1,1,2010,16,0.01063525
2,1,2010,16,0.03079825
1,2,2010,16,0.03551925
2,2,2010,16,0.05935375
1,1,2011,16,0.01120225
2,1,2011,16,0.03891175
1,2,2011,16,0.0381285
2,2,2011,16,0.07624975
1,1,2012,16,0.01204525
2,1,2012,16,0.04316025
1,2,2012,16,0.0396315
2,2,2012,16,0.0812915
1,1,2013,16,0.0113975
2,1,2013,16,0.046147
1,2,2013,16,0.0367555
2,2,2013,16,0.08132525
1,1,2014,16,0.0121265
2,1,2014,16,0.04623825
1,2,2014,16,0.03848525
2,2,2014,16,0.08939575
1,1,2015,16,0.01231075
2,1,2015,16,0.05773725
1,2,2015,16,0.037276
2,2,2015,16,0.10186375
1,1,2016,16,0.01440575
2,1,2016,16,0.04284575
1,2,2016,16,0.041514
2,2,2016,16,0.08259375
1,1,2017,16,0.015371
2,1,2017,16,0.03567975
1,2,2017,16,0.04710975
2,2,2017,16,0.0809065
1,1,2018,16,0.01516525
2,1,2018,16,0.0478475
1,2,2018,16,0.048053
2,2,2018,16,0.10207925
1,1,2019,16,0.0164985
2,1,2019,16,0.0403695
1,2,2019,16,0.052667
2,2,2019,16,0.0804635
1,1,2020,16,0.01067725
2,1,2020,16,0.04323
1,2,2020,16,0.031437
2,2,2020,16,0.0775805
1,1,2021,16,0.01135625
2,1,2021,16,0.0402675
1,2,2021,16,0.03163825
2,2,2021,16,0.07315825
1,1,2022,16,0.01134225
2,1,2022,16,0.036521
1,2,2022,16,0.03687075
2,2,2022,16,0.06969
1,1,2023,16,0.01808075
2,1,2023,16,0.04094375
1,2,2023,16,0.057064
2,2,2023,16,0.073401
1,1,1952,17,6.00000000000045e-05
2,1,1952,17,4.99999999986622e-07
1,2,1952,17,0.000284500000000021
2,2,1952,17,2.50000000001638e-06
1,1,1953,17,0.00019725000000001
2,1,1953,17,2.49999999998862e-06
1,2,1953,17,0.000798000000000021
2,2,1953,17,1.24999999999986e-05
1,1,1954,17,0.001106
2,1,1954,17,0.000612249999999981
1,2,1954,17,0.00408175
2,2,1954,17,0.000999000000000028
1,1,1955,17,0.000613499999999989
2,1,1955,17,0.00221824999999998
1,2,1955,17,0.00216850000000002
2,2,1955,17,0.00383500000000003
1,1,1956,17,0.000351500000000005
2,1,1956,17,0.00209799999999999
1,2,1956,17,0.00132525
2,2,1956,17,0.00338474999999999
1,1,1957,17,0.000549250000000001
2,1,1957,17,0.000669749999999997
1,2,1957,17,0.00215425000000002
2,2,1957,17,0.00144749999999999
1,1,1958,17,0.00123375000000001
2,1,1958,17,0.001584
1,2,1958,17,0.00450200000000001
2,2,1958,17,0.00286750000000002
1,1,1959,17,0.000858999999999999
2,1,1959,17,0.00250925000000002
1,2,1959,17,0.00304650000000001
2,2,1959,17,0.00459700000000002
1,1,1960,17,0.000752499999999989
2,1,1960,17,0.00178449999999999
1,2,1960,17,0.00270125000000004
2,2,1960,17,0.00297775
1,1,1961,17,0.00096075000000001
2,1,1961,17,0.00309524999999999
1,2,1961,17,0.00378325000000002
2,2,1961,17,0.00524950000000002
1,1,1962,17,0.00291649999999999
2,1,1962,17,0.00186724999999999
1,2,1962,17,0.00834825
2,2,1962,17,0.00225775
1,1,1963,17,0.00296825000000001
2,1,1963,17,0.00210574999999999
1,2,1963,17,0.00945325000000002
2,2,1963,17,0.00440525000000003
1,1,1964,17,0.00200475
2,1,1964,17,0.00096099999999999
1,2,1964,17,0.00592575000000001
2,2,1964,17,0.00180750000000002
1,1,1965,17,0.00514149999999999
2,1,1965,17,0.00143375000000001
1,2,1965,17,0.0172715
2,2,1965,17,0.00265825000000003
1,1,1966,17,0.00482025
2,1,1966,17,0.00325549999999999
1,2,1966,17,0.01667625
2,2,1966,17,0.00527850000000002
1,1,1967,17,0.00347425000000001
2,1,1967,17,0.00436824999999999
1,2,1967,17,0.011264
2,2,1967,17,0.00612525000000003
1,1,1968,17,0.00706599999999999
2,1,1968,17,0.00429000000000002
1,2,1968,17,0.02415525
2,2,1968,17,0.00445350000000005
1,1,1969,17,0.00462124999999999
2,1,1969,17,0.0088345
1,2,1969,17,0.01534025
2,2,1969,17,0.00730075000000002
1,1,1970,17,0.00497225000000001
2,1,1970,17,0.0048125
1,2,1970,17,0.01653
2,2,1970,17,0.00458249999999999
1,1,1971,17,0.00800925
2,1,1971,17,0.0179935
1,2,1971,17,0.0263855
2,2,1971,17,0.011678
1,1,1972,17,0.00910450000000002
2,1,1972,17,0.015733
1,2,1972,17,0.02719875
2,2,1972,17,0.011183
1,1,1973,17,0.00737474999999999
2,1,1973,17,0.00337499999999999
1,2,1973,17,0.025432
2,2,1973,17,0.00461075
1,1,1974,17,0.00943574999999999
2,1,1974,17,0.0055885
1,2,1974,17,0.0310045
2,2,1974,17,0.00701425
1,1,1975,17,0.00440649999999998
2,1,1975,17,0.00506999999999999
1,2,1975,17,0.01514725
2,2,1975,17,0.0067625
1,1,1976,17,0.0077325
2,1,1976,17,0.00865199999999999
1,2,1976,17,0.02640175
2,2,1976,17,0.01073825
1,1,1977,17,0.00163525
2,1,1977,17,0.00354299999999999
1,2,1977,17,0.00598475000000004
2,2,1977,17,0.00557950000000002
1,1,1978,17,0.00368874999999999
2,1,1978,17,0.00136049999999999
1,2,1978,17,0.0126565
2,2,1978,17,0.00328025000000004
1,1,1979,17,0.00501874999999999
2,1,1979,17,0.007132
1,2,1979,17,0.01787125
2,2,1979,17,0.010503
1,1,1980,17,0.00622975000000001
2,1,1980,17,0.00871649999999999
1,2,1980,17,0.0221395
2,2,1980,17,0.0109875
1,1,1981,17,0.0070375
2,1,1981,17,0.01532025
1,2,1981,17,0.02526125
2,2,1981,17,0.0169875
1,1,1982,17,0.00799149999999998
2,1,1982,17,0.01101875
1,2,1982,17,0.02784475
2,2,1982,17,0.01426425
1,1,1983,17,0.00534849999999998
2,1,1983,17,0.00612275000000001
1,2,1983,17,0.01858125
2,2,1983,17,0.00878974999999999
1,1,1984,17,0.0060905
2,1,1984,17,0.00806374999999998
1,2,1984,17,0.0213495
2,2,1984,17,0.00967224999999999
1,1,1985,17,0.00785574999999999
2,1,1985,17,0.00532774999999999
1,2,1985,17,0.02738925
2,2,1985,17,0.0101
1,1,1986,17,0.00657975
2,1,1986,17,0.00942075000000001
1,2,1986,17,0.022274
2,2,1986,17,0.0147505
1,1,1987,17,0.0070375
2,1,1987,17,0.00827125000000001
1,2,1987,17,0.02331175
2,2,1987,17,0.01404175
1,1,1988,17,0.00963700000000001
2,1,1988,17,0.01084175
1,2,1988,17,0.03192175
2,2,1988,17,0.0203295
1,1,1989,17,0.01037925
2,1,1989,17,0.00619349999999999
1,2,1989,17,0.0308735
2,2,1989,17,0.01228175
1,1,1990,17,0.00822599999999998
2,1,1990,17,0.00660849999999999
1,2,1990,17,0.0234125
2,2,1990,17,0.01283575
1,1,1991,17,0.007159
2,1,1991,17,0.00588824999999998
1,2,1991,17,0.02199175
2,2,1991,17,0.01022325
1,1,1992,17,0.00932875
2,1,1992,17,0.00915150000000001
1,2,1992,17,0.028011
2,2,1992,17,0.0127225
1,1,1993,17,0.00736924999999999
2,1,1993,17,0.00340750000000001
1,2,1993,17,0.02186525
2,2,1993,17,0.00835825000000001
1,1,1994,17,0.00770925
2,1,1994,17,0.00595175000000001
1,2,1994,17,0.0258535
2,2,1994,17,0.0142435
1,1,1995,17,0.00548899999999999
2,1,1995,17,0.00419975
1,2,1995,17,0.018631
2,2,1995,17,0.00980975000000001
1,1,1996,17,0.01007675
2,1,1996,17,0.00502
1,2,1996,17,0.03384975
2,2,1996,17,0.0120655
1,1,1997,17,0.019499
2,1,1997,17,0.00531775000000001
1,2,1997,17,0.06211175
2,2,1997,17,0.01213675
1,1,1998,17,0.021793
2,1,1998,17,0.0097855
1,2,1998,17,0.06796275
2,2,1998,17,0.02257375
1,1,1999,17,0.0238195
2,1,1999,17,0.01227075
1,2,1999,17,0.07293675
2,2,1999,17,0.02686175
1,1,2000,17,0.0237635
2,1,2000,17,0.0160165
1,2,2000,17,0.07373725
2,2,2000,17,0.0344285
1,1,2001,17,0.02364725
2,1,2001,17,0.02626075
1,2,2001,17,0.07286875
2,2,2001,17,0.050524
1,1,2002,17,0.02487575
2,1,2002,17,0.02857525
1,2,2002,17,0.0790215
2,2,2002,17,0.05702825
1,1,2003,17,0.0203675
2,1,2003,17,0.043362
1,2,2003,17,0.067713
2,2,2003,17,0.06786625
1,1,2004,17,0.01899525
2,1,2004,17,0.04599
1,2,2004,17,0.06277625
2,2,2004,17,0.0830675
1,1,2005,17,0.01676075
2,1,2005,17,0.038853
1,2,2005,17,0.05612475
2,2,2005,17,0.0683577500000001
1,1,2006,17,0.0110525
2,1,2006,17,0.060887
1,2,2006,17,0.0372535
2,2,2006,17,0.10887025
1,1,2007,17,0.01040375
2,1,2007,17,0.073755
1,2,2007,17,0.0349435
2,2,2007,17,0.12272175
1,1,2008,17,0.0107695
2,1,2008,17,0.04854525
1,2,2008,17,0.03670025
2,2,2008,17,0.094258
1,1,2009,17,0.00980875
2,1,2009,17,0.03562775
1,2,2009,17,0.034486
2,2,2009,17,0.07312475
1,1,2010,17,0.010302
2,1,2010,17,0.0300285
1,2,2010,17,0.035475
2,2,2010,17,0.05927825
1,1,2011,17,0.0108395
2,1,2011,17,0.03797425
1,2,2011,17,0.0380715
2,2,2011,17,0.0761465
1,1,2012,17,0.0116705
2,1,2012,17,0.0421655
1,2,2012,17,0.039578
2,2,2012,17,0.081186
1,1,2013,17,0.01105725
2,1,2013,17,0.04525175
1,2,2013,17,0.03670775
2,2,2013,17,0.0812265
1,1,2014,17,0.01176975
2,1,2014,17,0.04522725
1,2,2014,17,0.03844275
2,2,2014,17,0.0892665
1,1,2015,17,0.01197975
2,1,2015,17,0.056668
1,2,2015,17,0.037236
2,2,2015,17,0.101736
1,1,2016,17,0.01404575
2,1,2016,17,0.04193725
1,2,2016,17,0.041474
2,2,2016,17,0.0824785
1,1,2017,17,0.01495025
2,1,2017,17,0.0346895
1,2,2017,17,0.0470625
2,2,2017,17,0.08076975
1,1,2018,17,0.014723
2,1,2018,17,0.04661025
1,2,2018,17,0.0479975
2,2,2018,17,0.10191625
1,1,2019,17,0.0160125
2,1,2019,17,0.039382
1,2,2019,17,0.0526105
2,2,2019,17,0.08035
1,1,2020,17,0.01039825
2,1,2020,17,0.04218525
1,2,2020,17,0.03140725
2,2,2020,17,0.07749725
1,1,2021,17,0.011085
2,1,2021,17,0.0392675
1,2,2021,17,0.03160775
2,2,2021,17,0.073082
1,1,2022,17,0.0110015
2,1,2022,17,0.035613
1,2,2022,17,0.0368305
2,2,2022,17,0.06960475
1,1,2023,17,0.0175545
2,1,2023,17,0.03997
1,2,2023,17,0.057007
2,2,2023,17,0.07332175
1,1,1952,18,5.77500000000231e-05
2,1,1952,18,5.00000000014378e-07
1,2,1952,18,0.000284000000000006
2,2,1952,18,2.49999999998862e-06
1,1,1953,18,0.000190750000000017
2,1,1953,18,2.74999999999581e-06
1,2,1953,18,0.00079700000000002
2,2,1953,18,1.24999999999986e-05
1,1,1954,18,0.00107725
2,1,1954,18,0.000600500000000004
1,2,1954,18,0.00407775000000002
2,2,1954,18,0.000998499999999986
1,1,1955,18,0.000598750000000009
2,1,1955,18,0.00217200000000001
1,2,1955,18,0.00216675000000002
2,2,1955,18,0.003833
1,1,1956,18,0.000341750000000002
2,1,1956,18,0.00205775
1,2,1956,18,0.00132350000000001
2,2,1956,18,0.00338350000000001
1,1,1957,18,0.000533250000000013
2,1,1957,18,0.000654249999999995
1,2,1957,18,0.0021515
2,2,1957,18,0.00144625000000001
1,1,1958,18,0.00120225000000002
2,1,1958,18,0.00155125
1,2,1958,18,0.00449799999999997
2,2,1958,18,0.00286574999999997
1,1,1959,18,0.00083850000000002
2,1,1959,18,0.0024555
1,2,1959,18,0.00304425
2,2,1959,18,0.0045935
1,1,1960,18,0.00073425000000002
2,1,1960,18,0.00174875000000002
1,2,1960,18,0.00269925000000001
2,2,1960,18,0.00297675
1,1,1961,18,0.000932000000000016
2,1,1961,18,0.00303300000000001
1,2,1961,18,0.00377825000000001
2,2,1961,18,0.00524674999999999
1,1,1962,18,0.00286375
2,1,1962,18,0.001858
1,2,1962,18,0.00834150000000003
2,2,1962,18,0.00225699999999998
1,1,1963,18,0.00290599999999999
2,1,1963,18,0.00205825000000001
1,2,1963,18,0.0094465
2,2,1963,18,0.00440100000000002
1,1,1964,18,0.00196675000000002
2,1,1964,18,0.000943750000000021
1,2,1964,18,0.0059215
2,2,1964,18,0.00180574999999997
1,1,1965,18,0.00502575
2,1,1965,18,0.00140750000000001
1,2,1965,18,0.0172595
2,2,1965,18,0.00265600000000002
1,1,1966,18,0.0047065
2,1,1966,18,0.00319975
1,2,1966,18,0.0166645
2,2,1966,18,0.00527524999999998
1,1,1967,18,0.00339925000000002
2,1,1967,18,0.00431300000000001
1,2,1967,18,0.01125625
2,2,1967,18,0.00612325
1,1,1968,18,0.00690175000000001
2,1,1968,18,0.00427174999999999
1,2,1968,18,0.024139
2,2,1968,18,0.00445375000000001
1,1,1969,18,0.00451750000000001
2,1,1969,18,0.008828
1,2,1969,18,0.01532925
2,2,1969,18,0.00730575000000003
1,1,1970,18,0.00486325000000001
2,1,1970,18,0.00479575000000002
1,2,1970,18,0.01651925
2,2,1970,18,0.00458424999999998
1,1,1971,18,0.00783325000000001
2,1,1971,18,0.01805225
1,2,1971,18,0.02636725
2,2,1971,18,0.01169275
1,1,1972,18,0.00893125
2,1,1972,18,0.015762
1,2,1972,18,0.027183
2,2,1972,18,0.01119375
1,1,1973,18,0.00719724999999999
2,1,1973,18,0.00332575000000002
1,2,1973,18,0.025413
2,2,1973,18,0.00461025000000001
1,1,1974,18,0.00923099999999999
2,1,1974,18,0.00552925000000001
1,2,1974,18,0.03098575
2,2,1974,18,0.00701350000000003
1,1,1975,18,0.00430249999999999
2,1,1975,18,0.00502575
1,2,1975,18,0.0151375
2,2,1975,18,0.00676000000000002
1,1,1976,18,0.00755525000000001
2,1,1976,18,0.00858150000000002
1,2,1976,18,0.02638425
2,2,1976,18,0.0107355
1,1,1977,18,0.00159125000000002
2,1,1977,18,0.00349250000000001
1,2,1977,18,0.00597899999999998
2,2,1977,18,0.005576
1,1,1978,18,0.00360075000000001
2,1,1978,18,0.00132925
1,2,1978,18,0.01264675
2,2,1978,18,0.00327599999999997
1,1,1979,18,0.00489175
2,1,1979,18,0.00704125
1,2,1979,18,0.017856
2,2,1979,18,0.010498
1,1,1980,18,0.00607550000000001
2,1,1980,18,0.0086475
1,2,1980,18,0.0221215
2,2,1980,18,0.01098425
1,1,1981,18,0.006856
2,1,1981,18,0.0152205
1,2,1981,18,0.02523775
2,2,1981,18,0.01698775
1,1,1982,18,0.00779925000000001
2,1,1982,18,0.01089275
1,2,1982,18,0.02782425
2,2,1982,18,0.0142615
1,1,1983,18,0.005218
2,1,1983,18,0.00603600000000001
1,2,1983,18,0.018567
2,2,1983,18,0.00878674999999998
1,1,1984,18,0.00594349999999999
2,1,1984,18,0.0080055
1,2,1984,18,0.0213335
2,2,1984,18,0.0096705
1,1,1985,18,0.00766650000000002
2,1,1985,18,0.0052285
1,2,1985,18,0.02736925
2,2,1985,18,0.0100905
1,1,1986,18,0.00642675000000001
2,1,1986,18,0.00925875000000001
1,2,1986,18,0.02225825
2,2,1986,18,0.014744
1,1,1987,18,0.00688149999999998
2,1,1987,18,0.00810850000000002
1,2,1987,18,0.023297
2,2,1987,18,0.0140335
1,1,1988,18,0.00941725000000002
2,1,1988,18,0.01061975
1,2,1988,18,0.03189975
2,2,1988,18,0.020313
1,1,1989,18,0.01017975
2,1,1989,18,0.00607075000000001
1,2,1989,18,0.0308545
2,2,1989,18,0.012269
1,1,1990,18,0.008081
2,1,1990,18,0.00646774999999999
1,2,1990,18,0.023398
2,2,1990,18,0.01282475
1,1,1991,18,0.00701650000000001
2,1,1991,18,0.00578775000000001
1,2,1991,18,0.02197875
2,2,1991,18,0.01021525
1,1,1992,18,0.0091465
2,1,1992,18,0.00906475000000001
1,2,1992,18,0.027995
2,2,1992,18,0.0127165
1,1,1993,18,0.00722475
2,1,1993,18,0.00332550000000001
1,2,1993,18,0.02185075
2,2,1993,18,0.00834749999999998
1,1,1994,18,0.00752775
2,1,1994,18,0.00579875000000002
1,2,1994,18,0.02583525
2,2,1994,18,0.01422625
1,1,1995,18,0.005358
2,1,1995,18,0.004105
1,2,1995,18,0.01861775
2,2,1995,18,0.00979774999999997
1,1,1996,18,0.00984574999999999
2,1,1996,18,0.0048985
1,2,1996,18,0.033828
2,2,1996,18,0.01205025
1,1,1997,18,0.01908425
2,1,1997,18,0.00518800000000003
1,2,1997,18,0.06207275
2,2,1997,18,0.01212325
1,1,1998,18,0.021343
2,1,1998,18,0.00955075
1,2,1998,18,0.06792125
2,2,1998,18,0.0225495
1,1,1999,18,0.02334275
2,1,1999,18,0.01202425
1,2,1999,18,0.0728905
2,2,1999,18,0.02683125
1,1,2000,18,0.02327075
2,1,2000,18,0.0157055
1,2,2000,18,0.073689
2,2,2000,18,0.0343865
1,1,2001,18,0.02316725
2,1,2001,18,0.02580425
1,2,2001,18,0.07282025
2,2,2001,18,0.05047525
1,1,2002,18,0.024343
2,1,2002,18,0.028078
1,2,2002,18,0.0789705
2,2,2002,18,0.0569705
1,1,2003,18,0.01989325
2,1,2003,18,0.0428175
1,2,2003,18,0.06766375
2,2,2003,18,0.067821
1,1,2004,18,0.018566
2,1,2004,18,0.04522325
1,2,2004,18,0.06273575
2,2,2004,18,0.08299675
1,1,2005,18,0.016373
2,1,2005,18,0.03811525
1,2,2005,18,0.05608625
2,2,2005,18,0.06831075
1,1,2006,18,0.0107905
2,1,2006,18,0.05962975
1,2,2006,18,0.03722725
2,2,2006,18,0.1088025
1,1,2007,18,0.0101585
2,1,2007,18,0.07230475
1,2,2007,18,0.034919
2,2,2007,18,0.122661
1,1,2008,18,0.010514
2,1,2008,18,0.0474535
1,2,2008,18,0.0366745
2,2,2008,18,0.094181
1,1,2009,18,0.00956499999999999
2,1,2009,18,0.0348995
1,2,2009,18,0.03445825
2,2,2009,18,0.0730495
1,1,2010,18,0.01005
2,1,2010,18,0.0294015
1,2,2010,18,0.03544375
2,2,2010,18,0.059225
1,1,2011,18,0.0105635
2,1,2011,18,0.037214
1,2,2011,18,0.038031
2,2,2011,18,0.07607375
1,1,2012,18,0.01138625
2,1,2012,18,0.04135625
1,2,2012,18,0.0395405
2,2,2012,18,0.08111125
1,1,2013,18,0.01079925
2,1,2013,18,0.04452275
1,2,2013,18,0.036674
2,2,2013,18,0.08115725
1,1,2014,18,0.011501
2,1,2014,18,0.0444075
1,2,2014,18,0.03841175
2,2,2014,18,0.089176
1,1,2015,18,0.01172975
2,1,2015,18,0.0557985
1,2,2015,18,0.03720775
2,2,2015,18,0.10164675
1,1,2016,18,0.01377475
2,1,2016,18,0.04120175
1,2,2016,18,0.0414455
2,2,2016,18,0.0823975
1,1,2017,18,0.01463375
2,1,2017,18,0.03389025
1,2,2017,18,0.04702875
2,2,2017,18,0.08067375
1,1,2018,18,0.014389
2,1,2018,18,0.0456095
1,2,2018,18,0.04795825
2,2,2018,18,0.101802
1,1,2019,18,0.01564675
2,1,2019,18,0.0385785
1,2,2019,18,0.05257075
2,2,2019,18,0.08027075
1,1,2020,18,0.0101885
2,1,2020,18,0.0413285
1,2,2020,18,0.031386
2,2,2020,18,0.07743925
1,1,2021,18,0.01088075
2,1,2021,18,0.03844825
1,2,2021,18,0.031586
2,2,2021,18,0.07302875
1,1,2022,18,0.010745
2,1,2022,18,0.0348705
1,2,2022,18,0.03680175
2,2,2022,18,0.06954475
1,1,2023,18,0.017159
2,1,2023,18,0.039172
1,2,2023,18,0.05696625
2,2,2023,18,0.073266
1,1,1952,19,5.39999999999985e-05
2,1,1952,19,4.99999999986622e-07
1,2,1952,19,0.000282500000000019
2,2,1952,19,2.25000000000919e-06
1,1,1953,19,0.000181249999999994
2,1,1953,19,2.49999999998862e-06
1,2,1953,19,0.000795250000000025
2,2,1953,19,1.22500000000192e-05
1,1,1954,19,0.00103449999999999
2,1,1954,19,0.000580999999999998
1,2,1954,19,0.00407299999999999
2,2,1954,19,0.000997250000000005
1,1,1955,19,0.000576749999999987
2,1,1955,19,0.00209599999999999
1,2,1955,19,0.002164
2,2,1955,19,0.00383
1,1,1956,19,0.000327499999999981
2,1,1956,19,0.00199074999999999
1,2,1956,19,0.00132150000000003
2,2,1956,19,0.00338150000000004
1,1,1957,19,0.000509750000000003
2,1,1957,19,0.000629249999999998
1,2,1957,19,0.00214825000000002
2,2,1957,19,0.001444
1,1,1958,19,0.00115525
2,1,1958,19,0.001497
1,2,1958,19,0.00449299999999997
2,2,1958,19,0.00286275000000002
1,1,1959,19,0.000807749999999996
2,1,1959,19,0.00236675
1,2,1959,19,0.00304100000000002
2,2,1959,19,0.00458975
1,1,1960,19,0.000706749999999978
2,1,1960,19,0.00168949999999998
1,2,1960,19,0.00269600000000003
2,2,1960,19,0.00297449999999999
1,1,1961,19,0.00088924999999998
2,1,1961,19,0.00292949999999997
1,2,1961,19,0.00377274999999999
2,2,1961,19,0.00524350000000001
1,1,1962,19,0.00278475
2,1,1962,19,0.00184324999999999
1,2,1962,19,0.00833400000000001
2,2,1962,19,0.00225524999999999
1,1,1963,19,0.00281399999999998
2,1,1963,19,0.00198199999999998
1,2,1963,19,0.00943825000000004
2,2,1963,19,0.00439575000000003
1,1,1964,19,0.00191074999999999
2,1,1964,19,0.000915749999999993
1,2,1964,19,0.00591649999999999
2,2,1964,19,0.00180325000000003
1,1,1965,19,0.00485625000000001
2,1,1965,19,0.00136524999999998
1,2,1965,19,0.0172465
2,2,1965,19,0.00265274999999998
1,1,1966,19,0.00453924999999999
2,1,1966,19,0.00310824999999998
1,2,1966,19,0.0166515
2,2,1966,19,0.00527149999999998
1,1,1967,19,0.00328924999999999
2,1,1967,19,0.004222
1,2,1967,19,0.0112475
2,2,1967,19,0.00612050000000003
1,1,1968,19,0.00666125000000001
2,1,1968,19,0.00424125
1,2,1968,19,0.024121
2,2,1968,19,0.00445299999999998
1,1,1969,19,0.00436449999999999
2,1,1969,19,0.00881274999999998
1,2,1969,19,0.0153175
2,2,1969,19,0.00730975
1,1,1970,19,0.00470299999999998
2,1,1970,19,0.00476599999999999
1,2,1970,19,0.01650725
2,2,1970,19,0.00458500000000001
1,1,1971,19,0.00757449999999998
2,1,1971,19,0.018137
1,2,1971,19,0.0263475
2,2,1971,19,0.01170775
1,1,1972,19,0.00867825
2,1,1972,19,0.0158
1,2,1972,19,0.02716525
2,2,1972,19,0.01120575
1,1,1973,19,0.006937
2,1,1973,19,0.003244
1,2,1973,19,0.0253925
2,2,1973,19,0.00460875000000005
1,1,1974,19,0.00893099999999999
2,1,1974,19,0.00542949999999998
1,2,1974,19,0.030965
2,2,1974,19,0.00701200000000002
1,1,1975,19,0.00415024999999999
2,1,1975,19,0.00495200000000001
1,2,1975,19,0.015126
2,2,1975,19,0.00675625000000002
1,1,1976,19,0.00729525
2,1,1976,19,0.00846425000000001
1,2,1976,19,0.02636525
2,2,1976,19,0.010732
1,1,1977,19,0.001526
2,1,1977,19,0.00341
1,2,1977,19,0.00597200000000003
2,2,1977,19,0.00557174999999999
1,1,1978,19,0.00347175
2,1,1978,19,0.00127899999999997
1,2,1978,19,0.01263575
2,2,1978,19,0.00327074999999999
1,1,1979,19,0.0047045
2,1,1979,19,0.00689224999999999
1,2,1979,19,0.017839
2,2,1979,19,0.010492
1,1,1980,19,0.00584750000000001
2,1,1980,19,0.00853274999999998
1,2,1980,19,0.0221015
2,2,1980,19,0.0109795
1,1,1981,19,0.00658675
2,1,1981,19,0.01505175
1,2,1981,19,0.025212
2,2,1981,19,0.01698775
1,1,1982,19,0.00751674999999999
2,1,1982,19,0.01068275
1,2,1982,19,0.02780125
2,2,1982,19,0.0142575
1,1,1983,19,0.00502649999999999
2,1,1983,19,0.00589275
1,2,1983,19,0.01855125
2,2,1983,19,0.00878299999999999
1,1,1984,19,0.00572699999999998
2,1,1984,19,0.00790774999999999
1,2,1984,19,0.02131525
2,2,1984,19,0.00966750000000005
1,1,1985,19,0.00738824999999999
2,1,1985,19,0.0050675
1,2,1985,19,0.02734725
2,2,1985,19,0.01008025
1,1,1986,19,0.00620274999999998
2,1,1986,19,0.00899325000000001
1,2,1986,19,0.02224075
2,2,1986,19,0.01473575
1,1,1987,19,0.00665274999999999
2,1,1987,19,0.00784199999999999
1,2,1987,19,0.0232805
2,2,1987,19,0.0140245
1,1,1988,19,0.00909599999999999
2,1,1988,19,0.0102585
1,2,1988,19,0.031876
2,2,1988,19,0.020295
1,1,1989,19,0.00988749999999999
2,1,1989,19,0.00587299999999999
1,2,1989,19,0.03083275
2,2,1989,19,0.0122545
1,1,1990,19,0.00786775000000001
2,1,1990,19,0.00623974999999999
1,2,1990,19,0.0233815
2,2,1990,19,0.01281275
1,1,1991,19,0.00680799999999998
2,1,1991,19,0.00562425
1,2,1991,19,0.02196425
2,2,1991,19,0.01020675
1,1,1992,19,0.00888049999999999
2,1,1992,19,0.0089215
1,2,1992,19,0.02797675
2,2,1992,19,0.01271025
1,1,1993,19,0.00701325
2,1,1993,19,0.00319524999999998
1,2,1993,19,0.02183475
2,2,1993,19,0.00833525000000002
1,1,1994,19,0.00726350000000001
2,1,1994,19,0.00555249999999999
1,2,1994,19,0.0258155
2,2,1994,19,0.01420775
1,1,1995,19,0.005167
2,1,1995,19,0.00395324999999999
1,2,1995,19,0.018603
2,2,1995,19,0.00978424999999999
1,1,1996,19,0.00950774999999998
2,1,1996,19,0.0047045
1,2,1996,19,0.03380375
2,2,1996,19,0.01203375
1,1,1997,19,0.01847825
2,1,1997,19,0.00498024999999999
1,2,1997,19,0.062031
2,2,1997,19,0.012108
1,1,1998,19,0.02068575
2,1,1998,19,0.0091755
1,2,1998,19,0.067876
2,2,1998,19,0.02252275
1,1,1999,19,0.02264525
2,1,1999,19,0.011633
1,2,1999,19,0.0728405
2,2,1999,19,0.02679825
1,1,2000,19,0.0225495
2,1,2000,19,0.0152125
1,2,2000,19,0.07363675
2,2,2000,19,0.034342
1,1,2001,19,0.022464
2,1,2001,19,0.0250755
1,2,2001,19,0.072768
2,2,2001,19,0.05042325
1,1,2002,19,0.023565
2,1,2002,19,0.02728525
1,2,2002,19,0.07891475
2,2,2002,19,0.0569085
1,1,2003,19,0.01919825
2,1,2003,19,0.04193375
1,2,2003,19,0.06761025
2,2,2003,19,0.0677725
1,1,2004,19,0.01793975
2,1,2004,19,0.043986
1,2,2004,19,0.0626915
2,2,2004,19,0.08292125
1,1,2005,19,0.0158055
2,1,2005,19,0.03691375
1,2,2005,19,0.05604425
2,2,2005,19,0.06825925
1,1,2006,19,0.0104075
2,1,2006,19,0.05758075
1,2,2006,19,0.03719875
2,2,2006,19,0.10873
1,1,2007,19,0.00979949999999999
2,1,2007,19,0.0699295
1,2,2007,19,0.034892
2,2,2007,19,0.12259575
1,1,2008,19,0.01014
2,1,2008,19,0.045682
1,2,2008,19,0.03664525
2,2,2008,19,0.094098
1,1,2009,19,0.00920575000000001
2,1,2009,19,0.0337285
1,2,2009,19,0.03442775
2,2,2009,19,0.07296975
1,1,2010,19,0.00967699999999999
2,1,2010,19,0.02839
1,2,2010,19,0.03540975
2,2,2010,19,0.059168
1,1,2011,19,0.010151
2,1,2011,19,0.0359915
1,2,2011,19,0.037987
2,2,2011,19,0.07599625
1,1,2012,19,0.01096475
2,1,2012,19,0.0400515
1,2,2012,19,0.03949925
2,2,2012,19,0.08103225
1,1,2013,19,0.01041675
2,1,2013,19,0.04334725
1,2,2013,19,0.03663725
2,2,2013,19,0.08108275
1,1,2014,19,0.011106
2,1,2014,19,0.04309275
1,2,2014,19,0.03837875
2,2,2014,19,0.089079
1,1,2015,19,0.0113615
2,1,2015,19,0.0543985
1,2,2015,19,0.0371765
2,2,2015,19,0.1015505
1,1,2016,19,0.01337725
2,1,2016,19,0.04002
1,2,2016,19,0.04141475
2,2,2016,19,0.082311
1,1,2017,19,0.01416875
2,1,2017,19,0.03261175
1,2,2017,19,0.04699225
2,2,2017,19,0.08057125
1,1,2018,19,0.01389725
2,1,2018,19,0.044007
1,2,2018,19,0.0479155
2,2,2018,19,0.10167975
1,1,2019,19,0.01510975
2,1,2019,19,0.03728375
1,2,2019,19,0.052527
2,2,2019,19,0.08018575
1,1,2020,19,0.00988174999999999
2,1,2020,19,0.039935
1,2,2020,19,0.03136275
2,2,2020,19,0.0773765
1,1,2021,19,0.0105815
2,1,2021,19,0.037116
1,2,2021,19,0.03156225
2,2,2021,19,0.0729715
1,1,2022,19,0.01036725
2,1,2022,19,0.03366775
1,2,2022,19,0.036771
2,2,2022,19,0.06948025
1,1,2023,19,0.01658025
2,1,2023,19,0.037874
1,2,2023,19,0.05692225
2,2,2023,19,0.07320625
