Yr,Month,Fleet,Area,Length,Obs,Exp,Nsamp_adj
1998,11,1,1,30,9.97108e-05,0.000104134,0.001
1998,11,1,1,40,9.97108e-05,0.000227239,0.001
1998,11,1,1,50,9.97108e-05,0.00187125,0.001
1998,11,1,1,60,9.97108e-05,0.0112889,0.001
1998,11,1,1,70,9.97108e-05,0.0324208,0.001
1998,11,1,1,80,0.0804678,0.0461377,0.001
1998,11,1,1,90,0.0779581,0.0436376,0.001
1998,11,1,1,100,0.228663,0.0497543,0.001
1998,11,1,1,110,0.248749,0.0660635,0.001
1998,11,1,1,120,0.0503349,0.0719626,0.001
1998,11,1,1,130,0.0352602,0.0677877,0.001
1998,11,1,1,140,0.0252132,0.0668377,0.001
1998,11,1,1,150,0.0427975,0.0735533,0.001
1998,11,1,1,160,0.0453073,0.083952,0.001
1998,11,1,1,170,0.0704207,0.0917838,0.001
1998,11,1,1,180,0.0427975,0.0910256,0.001
1998,11,1,1,190,9.97108e-05,0.0774615,0.001
1998,11,1,1,200,0.0302408,0.0540882,0.001
1998,11,1,1,210,0.0201937,0.0314532,0.001
1998,11,1,1,220,9.97108e-05,0.0170365,0.001
1998,11,1,1,230,9.97108e-05,0.00972196,0.001
1998,11,1,1,240,9.97108e-05,0.00573149,0.001
1998,11,1,1,250,9.97108e-05,0.00317158,0.001
1998,11,1,1,260,9.97108e-05,0.00156198,0.001
1998,11,1,1,270,9.97108e-05,0.000690089,0.001
1998,11,1,1,280,9.97108e-05,0.000300318,0.001
1998,11,1,1,290,9.97108e-05,0.000157433,0.001
1998,11,1,1,300,9.97108e-05,0.000113933,0.001
1998,11,1,1,310,9.97108e-05,0.00010366,0.001
1999,11,1,1,30,9.97108e-05,0.00010157,0.001
1999,11,1,1,40,9.97108e-05,0.000153327,0.001
1999,11,1,1,50,9.97108e-05,0.000845662,0.001
1999,11,1,1,60,0.00221351,0.00483745,0.001
1999,11,1,1,70,0.0405351,0.0141259,0.001
1999,11,1,1,80,0.00221351,0.0225834,0.001
1999,11,1,1,90,0.0468765,0.0315208,0.001
1999,11,1,1,100,0.0106686,0.0545621,0.001
1999,11,1,1,110,0.191434,0.0833619,0.001
1999,11,1,1,120,0.112677,0.0961503,0.001
1999,11,1,1,130,0.225528,0.0933158,0.001
1999,11,1,1,140,0.095767,0.0857429,0.001
1999,11,1,1,150,0.0489902,0.0788005,0.001
1999,11,1,1,160,0.0447627,0.0763087,0.001
1999,11,1,1,170,0.00644103,0.0794533,0.001
1999,11,1,1,180,0.0830844,0.081602,0.001
1999,11,1,1,190,9.97108e-05,0.0729589,0.001
1999,11,1,1,200,0.00644103,0.0527583,0.001
1999,11,1,1,210,9.97108e-05,0.0313101,0.001
1999,11,1,1,220,0.0405351,0.0172005,0.001
1999,11,1,1,230,0.0405351,0.0099698,0.001
1999,11,1,1,240,9.97108e-05,0.00596501,0.001
1999,11,1,1,250,9.97108e-05,0.00332731,0.001
1999,11,1,1,260,9.97108e-05,0.00163845,0.001
1999,11,1,1,270,9.97108e-05,0.000718997,0.001
1999,11,1,1,280,9.97108e-05,0.000309131,0.001
1999,11,1,1,290,9.97108e-05,0.000159698,0.001
1999,11,1,1,300,9.97108e-05,0.00011444,0.001
1999,11,1,1,310,9.97108e-05,0.00010379,0.001
2001,8,1,1,30,9.97108e-05,0.000149947,0.001
2001,8,1,1,40,9.97108e-05,0.00114341,0.001
2001,8,1,1,50,0.0177969,0.00902284,0.001
2001,8,1,1,60,9.97108e-05,0.0297694,0.001
2001,8,1,1,70,0.00305218,0.0401629,0.001
2001,8,1,1,80,9.97108e-05,0.0292532,0.001
2001,8,1,1,90,0.0354941,0.0300589,0.001
2001,8,1,1,100,0.00600465,0.0464784,0.001
2001,8,1,1,110,0.0561439,0.056733,0.001
2001,8,1,1,120,0.0354941,0.0587586,0.001
2001,8,1,1,130,0.0384467,0.0662103,0.001
2001,8,1,1,140,0.0207494,0.0806009,0.001
2001,8,1,1,150,0.097461,0.093372,0.001
2001,8,1,1,160,0.194805,0.0968481,0.001
2001,8,1,1,170,0.289213,0.0912237,0.001
2001,8,1,1,180,0.0473041,0.0819949,0.001
2001,8,1,1,190,0.103348,0.0686928,0.001
2001,8,1,1,200,0.0177969,0.0492989,0.001
2001,8,1,1,210,0.0177969,0.0297568,0.001
2001,8,1,1,220,0.0177969,0.0168926,0.001
2001,8,1,1,230,9.97108e-05,0.0102378,0.001
2001,8,1,1,240,9.97108e-05,0.00637196,0.001
2001,8,1,1,250,9.97108e-05,0.0036444,0.001
2001,8,1,1,260,9.97108e-05,0.001813,0.001
2001,8,1,1,270,9.97108e-05,0.000791864,0.001
2001,8,1,1,280,9.97108e-05,0.000333104,0.001
2001,8,1,1,290,9.97108e-05,0.000166131,0.001
2001,8,1,1,300,9.97108e-05,0.00011589,0.001
2001,8,1,1,310,9.97108e-05,0.000104147,0.001
2011,2,1,1,30,9.97108e-05,0.00655591,0.001
2011,2,1,1,40,9.97108e-05,0.00208309,0.001
2011,2,1,1,50,9.97108e-05,0.000484754,0.001
2011,2,1,1,60,9.97108e-05,0.00327934,0.001
2011,2,1,1,70,0.0075408,0.0155252,0.001
2011,2,1,1,80,0.0521874,0.0387701,0.001
2011,2,1,1,90,0.0670697,0.0555908,0.001
2011,2,1,1,100,0.13404,0.0611162,0.001
2011,2,1,1,110,0.163804,0.0746234,0.001
2011,2,1,1,120,0.163804,0.0943327,0.001
2011,2,1,1,130,0.0745108,0.103428,0.001
2011,2,1,1,140,0.0521874,0.10009,0.001
2011,2,1,1,150,0.0447463,0.0919926,0.001
2011,2,1,1,160,0.0596285,0.0836272,0.001
2011,2,1,1,170,0.0670697,0.0763394,0.001
2011,2,1,1,180,0.0670697,0.0670224,0.001
2011,2,1,1,190,0.0224231,0.051957,0.001
2011,2,1,1,200,0.0149819,0.0336223,0.001
2011,2,1,1,210,0.0075408,0.0183497,0.001
2011,2,1,1,220,9.97108e-05,0.00936665,0.001
2011,2,1,1,230,9.97108e-05,0.00512723,0.001
2011,2,1,1,240,9.97108e-05,0.00302989,0.001
2011,2,1,1,250,9.97108e-05,0.00174898,0.001
2011,2,1,1,260,9.97108e-05,0.000921171,0.001
2011,2,1,1,270,9.97108e-05,0.000446469,0.001
2011,2,1,1,280,9.97108e-05,0.00022207,0.001
2011,2,1,1,290,9.97108e-05,0.000135976,0.001
2011,2,1,1,300,9.97108e-05,0.000108843,0.001
2011,2,1,1,310,9.97108e-05,0.00010229,0.001
2012,8,1,1,30,9.97108e-05,0.000131438,0.001
2012,8,1,1,40,9.97108e-05,0.000758929,0.001
2012,8,1,1,50,0.00483566,0.00573802,0.001
2012,8,1,1,60,0.00957165,0.018891,0.001
2012,8,1,1,70,0.0364577,0.0259157,0.001
2012,8,1,1,80,0.0474593,0.0213093,0.001
2012,8,1,1,90,0.101231,0.0280727,0.001
2012,8,1,1,100,0.129647,0.0484034,0.001
2012,8,1,1,110,0.0285155,0.0663237,0.001
2012,8,1,1,120,0.0680796,0.0802438,0.001
2012,8,1,1,130,0.0601374,0.0948551,0.001
2012,8,1,1,140,0.0885532,0.10401,0.001
2012,8,1,1,150,0.129647,0.105194,0.001
2012,8,1,1,160,0.0838172,0.10019,0.001
2012,8,1,1,170,0.0633437,0.0894964,0.001
2012,8,1,1,180,0.0665499,0.0744537,0.001
2012,8,1,1,190,9.97108e-05,0.0559793,0.001
2012,8,1,1,200,0.0237795,0.0363282,0.001
2012,8,1,1,210,0.057078,0.020284,0.001
2012,8,1,1,220,9.97108e-05,0.0105944,0.001
2012,8,1,1,230,9.97108e-05,0.00576824,0.001
2012,8,1,1,240,9.97108e-05,0.00328982,0.001
2012,8,1,1,250,9.97108e-05,0.00182438,0.001
2012,8,1,1,260,9.97108e-05,0.000932908,0.001
2012,8,1,1,270,9.97108e-05,0.000444802,0.001
2012,8,1,1,280,9.97108e-05,0.000220287,0.001
2012,8,1,1,290,9.97108e-05,0.000135337,0.001
2012,8,1,1,300,9.97108e-05,0.0001087,0.001
2012,8,1,1,310,9.97108e-05,0.000102269,0.001
2013,8,1,1,30,9.97108e-05,0.000127197,0.001
2013,8,1,1,40,9.97108e-05,0.000670866,0.001
2013,8,1,1,50,9.97108e-05,0.00498712,0.001
2013,8,1,1,60,9.97108e-05,0.0164314,0.001
2013,8,1,1,70,0.0210181,0.0229657,0.001
2013,8,1,1,80,0.00707247,0.0211269,0.001
2013,8,1,1,90,0.0698276,0.0322819,0.001
2013,8,1,1,100,0.0907459,0.0554508,0.001
2013,8,1,1,110,0.153501,0.0700273,0.001
2013,8,1,1,120,0.209283,0.0745968,0.001
2013,8,1,1,130,0.0349636,0.0815398,0.001
2013,8,1,1,140,0.0419364,0.0909894,0.001
2013,8,1,1,150,0.0279909,0.0986611,0.001
2013,8,1,1,160,0.0698276,0.101435,0.001
2013,8,1,1,170,0.0768003,0.0962033,0.001
2013,8,1,1,180,0.055882,0.0826277,0.001
2013,8,1,1,190,0.0349636,0.0623962,0.001
2013,8,1,1,200,0.0279909,0.0400537,0.001
2013,8,1,1,210,0.0489092,0.0220937,0.001
2013,8,1,1,220,0.00707247,0.0115127,0.001
2013,8,1,1,230,0.00707247,0.00629931,0.001
2013,8,1,1,240,9.97108e-05,0.00357638,0.001
2013,8,1,1,250,0.00707247,0.00194799,0.001
2013,8,1,1,260,9.97108e-05,0.000973957,0.001
2013,8,1,1,270,9.97108e-05,0.000455283,0.001
2013,8,1,1,280,0.00707247,0.000222326,0.001
2013,8,1,1,290,9.97108e-05,0.000135623,0.001
2013,8,1,1,300,9.97108e-05,0.000108722,0.001
2013,8,1,1,310,9.97108e-05,0.000102266,0.001
2014,2,1,1,30,9.97108e-05,0.00278721,0.001
2014,2,1,1,40,9.97108e-05,0.000931491,0.001
2014,2,1,1,50,0.0175929,0.000378981,0.001
2014,2,1,1,60,9.97108e-05,0.00257281,0.001
2014,2,1,1,70,0.035086,0.0121091,0.001
2014,2,1,1,80,0.0700722,0.0303103,0.001
2014,2,1,1,90,0.0175929,0.0440121,0.001
2014,2,1,1,100,0.035086,0.0500089,0.001
2014,2,1,1,110,0.22751,0.0629076,0.001
2014,2,1,1,120,0.175031,0.0796056,0.001
2014,2,1,1,130,0.0875653,0.0875715,0.001
2014,2,1,1,140,0.0875653,0.0899333,0.001
2014,2,1,1,150,0.052579,0.094602,0.001
2014,2,1,1,160,0.035086,0.0991827,0.001
2014,2,1,1,170,0.035086,0.0974051,0.001
2014,2,1,1,180,0.035086,0.0862336,0.001
2014,2,1,1,190,0.052579,0.0662546,0.001
2014,2,1,1,200,9.97108e-05,0.0427839,0.001
2014,2,1,1,210,0.035086,0.0235774,0.001
2014,2,1,1,220,9.97108e-05,0.0122435,0.001
2014,2,1,1,230,9.97108e-05,0.00668839,0.001
2014,2,1,1,240,9.97108e-05,0.003792,0.001
2014,2,1,1,250,9.97108e-05,0.00205321,0.001
2014,2,1,1,260,9.97108e-05,0.00101509,0.001
2014,2,1,1,270,9.97108e-05,0.00046767,0.001
2014,2,1,1,280,9.97108e-05,0.000225049,0.001
2014,2,1,1,290,9.97108e-05,0.000135975,0.001
2014,2,1,1,300,9.97108e-05,0.000108699,0.001
2014,2,1,1,310,9.97108e-05,0.00010222,0.001
2014,5,1,1,30,9.97108e-05,0.000213468,0.001
2014,5,1,1,40,9.97108e-05,0.00142676,0.001
2014,5,1,1,50,0.0137921,0.00506441,0.001
2014,5,1,1,60,0.0137921,0.00629374,0.001
2014,5,1,1,70,0.0309596,0.00681719,0.001
2014,5,1,1,80,0.0583442,0.0186195,0.001
2014,5,1,1,90,0.060082,0.0401256,0.001
2014,5,1,1,100,0.0411767,0.0562839,0.001
2014,5,1,1,110,0.029222,0.0652157,0.001
2014,5,1,1,120,0.104634,0.077354,0.001
2014,5,1,1,130,0.102896,0.0885246,0.001
2014,5,1,1,140,0.168092,0.092091,0.001
2014,5,1,1,150,0.0976835,0.0944515,0.001
2014,5,1,1,160,0.159403,0.0981121,0.001
2014,5,1,1,170,0.060082,0.0974358,0.001
2014,5,1,1,180,0.0429143,0.0876033,0.001
2014,5,1,1,190,0.0155297,0.0680712,0.001
2014,5,1,1,200,9.97108e-05,0.0442136,0.001
2014,5,1,1,210,9.97108e-05,0.0244071,0.001
2014,5,1,1,220,9.97108e-05,0.0126618,0.001
2014,5,1,1,230,9.97108e-05,0.00690423,0.001
2014,5,1,1,240,9.97108e-05,0.00390773,0.001
2014,5,1,1,250,9.97108e-05,0.00211044,0.001
2014,5,1,1,260,9.97108e-05,0.00103925,0.001
2014,5,1,1,270,9.97108e-05,0.000476356,0.001
2014,5,1,1,280,9.97108e-05,0.000227798,0.001
2014,5,1,1,290,9.97108e-05,0.000136766,0.001
2014,5,1,1,300,9.97108e-05,0.000108908,0.001
2014,5,1,1,310,9.97108e-05,0.000102287,0.001
2018,8,1,1,30,9.97108e-05,0.000134496,0.001
2018,8,1,1,40,0.0131445,0.000822496,0.001
2018,8,1,1,50,0.0760449,0.00628263,0.001
2018,8,1,1,60,0.102135,0.020723,0.001
2018,8,1,1,70,0.0867657,0.0285985,0.001
2018,8,1,1,80,0.0974866,0.024333,0.001
2018,8,1,1,90,0.131973,0.033275,0.001
2018,8,1,1,100,0.0238654,0.0549865,0.001
2018,8,1,1,110,9.97108e-05,0.066217,0.001
2018,8,1,1,120,0.0261895,0.0648985,0.001
2018,8,1,1,130,0.0499551,0.0662417,0.001
2018,8,1,1,140,0.0998106,0.0727468,0.001
2018,8,1,1,150,0.0380723,0.078926,0.001
2018,8,1,1,160,0.0522791,0.0830266,0.001
2018,8,1,1,170,0.063,0.0871665,0.001
2018,8,1,1,180,0.0131445,0.0895712,0.001
2018,8,1,1,190,0.061838,0.0811946,0.001
2018,8,1,1,200,0.0380723,0.0596436,0.001
2018,8,1,1,210,9.97108e-05,0.0359159,0.001
2018,8,1,1,220,0.0131445,0.0199984,0.001
2018,8,1,1,230,0.0119825,0.0116117,0.001
2018,8,1,1,240,9.97108e-05,0.00682577,0.001
2018,8,1,1,250,9.97108e-05,0.0036897,0.001
2018,8,1,1,260,9.97108e-05,0.00174936,0.001
2018,8,1,1,270,9.97108e-05,0.000738678,0.001
2018,8,1,1,280,9.97108e-05,0.000307985,0.001
2018,8,1,1,290,9.97108e-05,0.000157408,0.001
2018,8,1,1,300,9.97108e-05,0.00011347,0.001
2018,8,1,1,310,9.97108e-05,0.000103411,0.001
2018,11,1,1,30,9.97108e-05,0.000103524,0.001
2018,11,1,1,40,9.97108e-05,0.00020964,0.001
2018,11,1,1,50,0.0651652,0.00162694,0.001
2018,11,1,1,60,0.0651652,0.00975014,0.001
2018,11,1,1,70,0.156716,0.028032,0.001
2018,11,1,1,80,0.0651652,0.0402981,0.001
2018,11,1,1,90,0.0262024,0.0397798,0.001
2018,11,1,1,100,9.97108e-05,0.0483963,0.001
2018,11,1,1,110,9.97108e-05,0.0660717,0.001
2018,11,1,1,120,0.0129597,0.073268,0.001
2018,11,1,1,130,0.0390624,0.0711095,0.001
2018,11,1,1,140,0.0193897,0.0716426,0.001
2018,11,1,1,150,0.0708296,0.076521,0.001
2018,11,1,1,160,0.180522,0.0814835,0.001
2018,11,1,1,170,0.0905023,0.0856482,0.001
2018,11,1,1,180,0.0776423,0.0874591,0.001
2018,11,1,1,190,0.0258196,0.0792499,0.001
2018,11,1,1,200,0.0386797,0.0585241,0.001
2018,11,1,1,210,9.97108e-05,0.0354768,0.001
2018,11,1,1,220,0.0519224,0.0198865,0.001
2018,11,1,1,230,9.97108e-05,0.0116288,0.001
2018,11,1,1,240,9.97108e-05,0.00688109,0.001
2018,11,1,1,250,9.97108e-05,0.00373772,0.001
2018,11,1,1,260,9.97108e-05,0.00177677,0.001
2018,11,1,1,270,0.0129597,0.000750379,0.001
2018,11,1,1,280,9.97108e-05,0.000311973,0.001
2018,11,1,1,290,9.97108e-05,0.00015855,0.001
2018,11,1,1,300,9.97108e-05,0.000113755,0.001
2018,11,1,1,310,9.97108e-05,0.000103495,0.001
2023,5,1,1,30,9.97108e-05,0.000514394,0.001
2023,5,1,1,40,9.97108e-05,0.00493379,0.001
2023,5,1,1,50,9.97108e-05,0.0180869,0.001
2023,5,1,1,60,0.00264407,0.0211676,0.001
2023,5,1,1,70,0.00215079,0.0138667,0.001
2023,5,1,1,80,9.97108e-05,0.0261177,0.001
2023,5,1,1,90,9.97108e-05,0.0534266,0.001
2023,5,1,1,100,0.00420187,0.0678278,0.001
2023,5,1,1,110,0.0230769,0.0628547,0.001
2023,5,1,1,120,0.0834669,0.0602791,0.001
2023,5,1,1,130,0.118179,0.0699054,0.001
2023,5,1,1,140,0.150997,0.0850484,0.001
2023,5,1,1,150,0.187371,0.0991788,0.001
2023,5,1,1,160,0.158889,0.104402,0.001
2023,5,1,1,170,0.0720691,0.0956646,0.001
2023,5,1,1,180,0.0536873,0.0774529,0.001
2023,5,1,1,190,0.019546,0.0563769,0.001
2023,5,1,1,200,0.0353055,0.036051,0.001
2023,5,1,1,210,0.0348122,0.02002,0.001
2023,5,1,1,220,0.0312813,0.0107407,0.001
2023,5,1,1,230,0.00773282,0.00652068,0.001
2023,5,1,1,240,0.0133928,0.00429182,0.001
2023,5,1,1,250,9.97108e-05,0.00262126,0.001
2023,5,1,1,260,9.97108e-05,0.00137632,0.001
2023,5,1,1,270,9.97108e-05,0.000629008,0.001
2023,5,1,1,280,9.97108e-05,0.000279662,0.001
2023,5,1,1,290,9.97108e-05,0.000150657,0.001
2023,5,1,1,300,9.97108e-05,0.000111943,0.001
2023,5,1,1,310,9.97108e-05,0.00010298,0.001
2023,8,1,1,30,9.97108e-05,0.000140582,0.001
2023,8,1,1,40,0.00631439,0.000948953,0.001
2023,8,1,1,50,0.0093024,0.00736464,0.001
2023,8,1,1,60,0.0415309,0.0243366,0.001
2023,8,1,1,70,0.0187437,0.033636,0.001
2023,8,1,1,80,0.00723083,0.0288361,0.001
2023,8,1,1,90,0.00308773,0.0397817,0.001
2023,8,1,1,100,0.00631439,0.0652981,0.001
2023,8,1,1,110,0.0374241,0.0766459,0.001
2023,8,1,1,120,0.0648298,0.0711149,0.001
2023,8,1,1,130,0.0897248,0.0691599,0.001
2023,8,1,1,140,0.139314,0.0777814,0.001
2023,8,1,1,150,0.205272,0.0909915,0.001
2023,8,1,1,160,0.177674,0.0992221,0.001
2023,8,1,1,170,0.0678999,0.0948022,0.001
2023,8,1,1,180,0.0416856,0.0789656,0.001
2023,8,1,1,190,0.00308773,0.0578333,0.001
2023,8,1,1,200,0.0179457,0.0366559,0.001
2023,8,1,1,210,0.0239217,0.0200896,0.001
2023,8,1,1,220,0.0266635,0.0106309,0.001
2023,8,1,1,230,0.00814729,0.0063854,0.001
2023,8,1,1,240,0.00308773,0.00419045,0.001
2023,8,1,1,250,9.97108e-05,0.00256669,0.001
2023,8,1,1,260,9.97108e-05,0.00135481,0.001
2023,8,1,1,270,9.97108e-05,0.000622901,0.001
2023,8,1,1,280,9.97108e-05,0.000278516,0.001
2023,8,1,1,290,9.97108e-05,0.000150581,0.001
2023,8,1,1,300,9.97108e-05,0.000111982,0.001
2023,8,1,1,310,9.97108e-05,0.000103009,0.001
1991,8,2,1,30,9.97108e-05,9.98341e-05,0.001
1991,8,2,1,40,9.97108e-05,0.000109195,0.001
1991,8,2,1,50,9.97108e-05,0.000343456,0.001
1991,8,2,1,60,9.97108e-05,0.00214912,0.001
1991,8,2,1,70,9.97108e-05,0.0064328,0.001
1991,8,2,1,80,9.97108e-05,0.0129597,0.001
1991,8,2,1,90,0.0141435,0.0361953,0.001
1991,8,2,1,100,9.97108e-05,0.0800278,0.001
1991,8,2,1,110,9.97108e-05,0.103583,0.001
1991,8,2,1,120,0.0422311,0.0913636,0.001
1991,8,2,1,130,0.0281873,0.0787999,0.001
1991,8,2,1,140,0.0703186,0.0741019,0.001
1991,8,2,1,150,0.168625,0.0714738,0.001
1991,8,2,1,160,0.196713,0.070292,0.001
1991,8,2,1,170,0.196713,0.071095,0.001
1991,8,2,1,180,0.0984062,0.0725898,0.001
1991,8,2,1,190,0.0703186,0.0702249,0.001
1991,8,2,1,200,0.0422311,0.0596737,0.001
1991,8,2,1,210,0.0281873,0.0440299,0.001
1991,8,2,1,220,0.0141435,0.0263129,0.001
1991,8,2,1,230,0.0141435,0.0115892,0.001
1991,8,2,1,240,0.0141435,0.00577282,0.001
1991,8,2,1,250,9.97108e-05,0.00407452,0.001
1991,8,2,1,260,9.97108e-05,0.00297478,0.001
1991,8,2,1,270,9.97108e-05,0.00188501,0.001
1991,8,2,1,280,9.97108e-05,0.00101017,0.001
1991,8,2,1,290,9.97108e-05,0.000474132,0.001
1991,8,2,1,300,9.97108e-05,0.000222456,0.001
1991,8,2,1,310,9.97108e-05,0.000139212,0.001
1993,8,2,1,30,9.97108e-05,9.98527e-05,0.001
1993,8,2,1,40,9.97108e-05,0.000110623,0.001
1993,8,2,1,50,9.97108e-05,0.000379867,0.001
1993,8,2,1,60,0.00782853,0.00244219,0.001
1993,8,2,1,70,0.0273806,0.0070625,0.001
1993,8,2,1,80,9.97108e-05,0.0117945,0.001
1993,8,2,1,90,0.00782853,0.0273325,0.001
1993,8,2,1,100,0.0505669,0.0591223,0.001
1993,8,2,1,110,0.0855766,0.0787852,0.001
1993,8,2,1,120,0.0582957,0.0754638,0.001
1993,8,2,1,130,0.0582957,0.0750086,0.001
1993,8,2,1,140,0.0432984,0.082252,0.001
1993,8,2,1,150,0.101494,0.0888396,0.001
1993,8,2,1,160,0.152882,0.0901435,0.001
1993,8,2,1,170,0.105129,0.0868968,0.001
1993,8,2,1,180,0.0623902,0.0819668,0.001
1993,8,2,1,190,0.0737533,0.0743371,0.001
1993,8,2,1,200,0.0901312,0.0607539,0.001
1993,8,2,1,210,0.0273806,0.0438325,0.001
1993,8,2,1,220,0.0310148,0.0258585,0.001
1993,8,2,1,230,0.00782853,0.0113316,0.001
1993,8,2,1,240,9.97108e-05,0.00564529,0.001
1993,8,2,1,250,9.97108e-05,0.00398538,0.001
1993,8,2,1,260,9.97108e-05,0.00290712,0.001
1993,8,2,1,270,0.00782853,0.00184033,0.001
1993,8,2,1,280,9.97108e-05,0.000986269,0.001
1993,8,2,1,290,9.97108e-05,0.000464026,0.001
1993,8,2,1,300,9.97108e-05,0.000219106,0.001
1993,8,2,1,310,9.97108e-05,0.000138137,0.001
1995,8,2,1,30,9.97108e-05,9.9809e-05,0.001
1995,8,2,1,40,9.97108e-05,0.000107263,0.001
1995,8,2,1,50,9.97108e-05,0.000293728,0.001
1995,8,2,1,60,9.97108e-05,0.00172833,0.001
1995,8,2,1,70,0.0681534,0.00507643,0.001
1995,8,2,1,80,9.97108e-05,0.0097196,0.001
1995,8,2,1,90,0.0341265,0.0261268,0.001
1995,8,2,1,100,0.0715245,0.0584516,0.001
1995,8,2,1,110,0.0951225,0.0794538,0.001
1995,8,2,1,120,0.0850091,0.0773704,0.001
1995,8,2,1,130,0.0644668,0.0748748,0.001
1995,8,2,1,140,0.0577245,0.076454,0.001
1995,8,2,1,150,0.03044,0.0783486,0.001
1995,8,2,1,160,0.0712091,0.0813724,0.001
1995,8,2,1,170,0.132205,0.0858637,0.001
1995,8,2,1,180,0.0644668,0.0885884,0.001
1995,8,2,1,190,0.0371823,0.0836765,0.001
1995,8,2,1,200,0.122407,0.0684026,0.001
1995,8,2,1,210,0.0543533,0.0484716,0.001
1995,8,2,1,220,0.00684195,0.0277613,0.001
1995,8,2,1,230,9.97108e-05,0.0117117,0.001
1995,8,2,1,240,0.00347087,0.00566193,0.001
1995,8,2,1,250,9.97108e-05,0.00394084,0.001
1995,8,2,1,260,9.97108e-05,0.00285946,0.001
1995,8,2,1,270,9.97108e-05,0.00180673,0.001
1995,8,2,1,280,9.97108e-05,0.000967909,0.001
1995,8,2,1,290,9.97108e-05,0.000456067,0.001
1995,8,2,1,300,9.97108e-05,0.000216383,0.001
1995,8,2,1,310,9.97108e-05,0.000137226,0.001
1996,8,2,1,30,9.97108e-05,9.97871e-05,0.001
1996,8,2,1,40,9.97108e-05,0.000105573,0.001
1996,8,2,1,50,0.00489939,0.000250274,0.001
1996,8,2,1,60,9.97108e-05,0.00136153,0.001
1996,8,2,1,70,0.024098,0.00391315,0.001
1996,8,2,1,80,0.00489939,0.00710981,0.001
1996,8,2,1,90,0.0144987,0.0184393,0.001
1996,8,2,1,100,0.00664622,0.0427223,0.001
1996,8,2,1,110,0.067736,0.0640694,0.001
1996,8,2,1,120,0.0371911,0.0724174,0.001
1996,8,2,1,130,0.0515901,0.0780858,0.001
1996,8,2,1,140,0.131013,0.0818077,0.001
1996,8,2,1,150,0.0982808,0.0829606,0.001
1996,8,2,1,160,0.0642423,0.085215,0.001
1996,8,2,1,170,0.129267,0.0896107,0.001
1996,8,2,1,180,0.095228,0.0930158,0.001
1996,8,2,1,190,0.0568306,0.0891753,0.001
1996,8,2,1,200,0.0699236,0.0743122,0.001
1996,8,2,1,210,0.0489781,0.0537478,0.001
1996,8,2,1,220,0.0288977,0.0312152,0.001
1996,8,2,1,230,0.0293386,0.0131031,0.001
1996,8,2,1,240,0.00969907,0.00620415,0.001
1996,8,2,1,250,0.00969907,0.00424057,0.001
1996,8,2,1,260,0.00489939,0.00304515,0.001
1996,8,2,1,270,0.0114459,0.00191289,0.001
1996,8,2,1,280,9.97108e-05,0.0010199,0.001
1996,8,2,1,290,9.97108e-05,0.000476994,0.001
1996,8,2,1,300,9.97108e-05,0.000223151,0.001
1996,8,2,1,310,9.97108e-05,0.000139378,0.001
2014,5,2,1,30,9.97108e-05,0.000100202,0.001
2014,5,2,1,40,9.97108e-05,0.000120541,0.001
2014,5,2,1,50,9.97108e-05,0.000327483,0.001
2014,5,2,1,60,9.97108e-05,0.00081377,0.001
2014,5,2,1,70,9.97108e-05,0.00195501,0.001
2014,5,2,1,80,0.0201825,0.00973405,0.001
2014,5,2,1,90,0.117785,0.0315822,0.001
2014,5,2,1,100,0.120596,0.0563996,0.001
2014,5,2,1,110,0.246214,0.0697356,0.001
2014,5,2,1,120,0.0668747,0.0747891,0.001
2014,5,2,1,130,0.125717,0.0770261,0.001
2014,5,2,1,140,0.109852,0.0770533,0.001
2014,5,2,1,150,0.0309268,0.079218,0.001
2014,5,2,1,160,0.0323326,0.0853362,0.001
2014,5,2,1,170,0.0631596,0.0916516,0.001
2014,5,2,1,180,0.0430769,0.0928744,0.001
2014,5,2,1,190,9.97108e-05,0.0847074,0.001
2014,5,2,1,200,9.97108e-05,0.0672218,0.001
2014,5,2,1,210,0.010844,0.0471266,0.001
2014,5,2,1,220,9.97108e-05,0.0270801,0.001
2014,5,2,1,230,0.010844,0.0112634,0.001
2014,5,2,1,240,9.97108e-05,0.00517903,0.001
2014,5,2,1,250,9.97108e-05,0.00339771,0.001
2014,5,2,1,260,9.97108e-05,0.00236051,0.001
2014,5,2,1,270,9.97108e-05,0.00146022,0.001
2014,5,2,1,280,9.97108e-05,0.000783898,0.001
2014,5,2,1,290,9.97108e-05,0.00038034,0.001
2014,5,2,1,300,9.97108e-05,0.000192058,0.001
2014,5,2,1,310,9.97108e-05,0.000129684,0.001
2015,5,2,1,30,9.97108e-05,0.000100905,0.001
2015,5,2,1,40,9.97108e-05,0.000150273,0.001
2015,5,2,1,50,9.97108e-05,0.000647935,0.001
2015,5,2,1,60,0.0825881,0.00165252,0.001
2015,5,2,1,70,0.0193966,0.00185838,0.001
2015,5,2,1,80,9.97108e-05,0.00465689,0.001
2015,5,2,1,90,9.97108e-05,0.0151992,0.001
2015,5,2,1,100,0.00761258,0.031779,0.001
2015,5,2,1,110,0.0118838,0.0511704,0.001
2015,5,2,1,120,0.0740457,0.0680735,0.001
2015,5,2,1,130,0.0622617,0.078438,0.001
2015,5,2,1,140,0.102038,0.0829889,0.001
2015,5,2,1,150,0.0998258,0.0858308,0.001
2015,5,2,1,160,0.129877,0.0900965,0.001
2015,5,2,1,170,0.131936,0.0961163,0.001
2015,5,2,1,180,0.119123,0.100257,0.001
2015,5,2,1,190,0.0419351,0.0952503,0.001
2015,5,2,1,200,0.0783169,0.0780798,0.001
2015,5,2,1,210,0.0376639,0.0558354,0.001
2015,5,2,1,220,9.97108e-05,0.0323293,0.001
2015,5,2,1,230,9.97108e-05,0.013412,0.001
2015,5,2,1,240,9.97108e-05,0.00611683,0.001
2015,5,2,1,250,9.97108e-05,0.00397126,0.001
2015,5,2,1,260,9.97108e-05,0.0027211,0.001
2015,5,2,1,270,9.97108e-05,0.00165388,0.001
2015,5,2,1,280,9.97108e-05,0.000869435,0.001
2015,5,2,1,290,9.97108e-05,0.000411074,0.001
2015,5,2,1,300,9.97108e-05,0.000200977,0.001
2015,5,2,1,310,9.97108e-05,0.000132211,0.001
2016,5,2,1,30,9.97108e-05,0.000100436,0.0019852
2016,5,2,1,40,0.0180532,0.000130441,0.0019852
2016,5,2,1,50,9.97108e-05,0.000434717,0.0019852
2016,5,2,1,60,0.189939,0.00111345,0.0019852
2016,5,2,1,70,0.0813329,0.00222698,0.0019852
2016,5,2,1,80,0.00223323,0.0100066,0.0019852
2016,5,2,1,90,0.0180532,0.0312518,0.0019852
2016,5,2,1,100,0.0201867,0.0504362,0.0019852
2016,5,2,1,110,9.97108e-05,0.0502939,0.0019852
2016,5,2,1,120,0.00436677,0.0455034,0.0019852
2016,5,2,1,130,0.0265873,0.0514292,0.0019852
2016,5,2,1,140,0.0351214,0.0645742,0.0019852
2016,5,2,1,150,0.0765437,0.078666,0.0019852
2016,5,2,1,160,0.112451,0.0903521,0.0019852
2016,5,2,1,170,0.106232,0.0994837,0.0019852
2016,5,2,1,180,0.130949,0.105056,0.0019852
2016,5,2,1,190,0.0850778,0.101424,0.0019852
2016,5,2,1,200,0.0321027,0.0848936,0.0019852
2016,5,2,1,210,0.0265873,0.0620987,0.0019852
2016,5,2,1,220,0.00650029,0.0367418,0.0019852
2016,5,2,1,230,0.00436677,0.0154645,0.0019852
2016,5,2,1,240,0.0180532,0.0070665,0.0019852
2016,5,2,1,250,9.97108e-05,0.00455831,0.0019852
2016,5,2,1,260,9.97108e-05,0.00309148,0.0019852
2016,5,2,1,270,0.00436677,0.00185439,0.0019852
2016,5,2,1,280,9.97108e-05,0.000958827,0.0019852
2016,5,2,1,290,9.97108e-05,0.000443438,0.0019852
2016,5,2,1,300,9.97108e-05,0.000210432,0.0019852
2016,5,2,1,310,9.97108e-05,0.000134921,0.0019852
1991,5,3,1,30,9.97108e-05,0.000158301,3.67496
1991,5,3,1,40,9.97108e-05,0.000711894,3.67496
1991,5,3,1,50,9.97108e-05,0.00227649,3.67496
1991,5,3,1,60,9.97108e-05,0.00274275,3.67496
1991,5,3,1,70,9.97108e-05,0.0025548,3.67496
1991,5,3,1,80,9.97108e-05,0.00687039,3.67496
1991,5,3,1,90,9.97108e-05,0.0169286,3.67496
1991,5,3,1,100,9.97108e-05,0.0270242,3.67496
1991,5,3,1,110,9.97108e-05,0.033353,3.67496
1991,5,3,1,120,9.97108e-05,0.0417823,3.67496
1991,5,3,1,130,9.97108e-05,0.0545865,3.67496
1991,5,3,1,140,0.11089,0.0663606,3.67496
1991,5,3,1,150,0.11089,0.0751128,3.67496
1991,5,3,1,160,0.11089,0.0821572,3.67496
1991,5,3,1,170,0.221679,0.0886953,3.67496
1991,5,3,1,180,9.97108e-05,0.0942451,3.67496
1991,5,3,1,190,9.97108e-05,0.0933737,3.67496
1991,5,3,1,200,0.11089,0.0803828,3.67496
1991,5,3,1,210,0.11089,0.0598034,3.67496
1991,5,3,1,220,0.11089,0.0429378,3.67496
1991,5,3,1,230,0.11089,0.0342126,3.67496
1991,5,3,1,240,9.97108e-05,0.0296747,3.67496
1991,5,3,1,250,9.97108e-05,0.0247991,3.67496
1991,5,3,1,260,9.97108e-05,0.0183062,3.67496
1991,5,3,1,270,9.97108e-05,0.0114078,3.67496
1991,5,3,1,280,9.97108e-05,0.00585875,3.67496
1991,5,3,1,290,9.97108e-05,0.00246318,3.67496
1991,5,3,1,300,9.97108e-05,0.000872395,3.67496
1991,5,3,1,310,9.97108e-05,0.000347297,3.67496
1992,5,3,1,30,9.97108e-05,0.000171162,1.6202
1992,5,3,1,40,9.97108e-05,0.000845958,1.6202
1992,5,3,1,50,9.97108e-05,0.00274445,1.6202
1992,5,3,1,60,9.97108e-05,0.00318631,1.6202
1992,5,3,1,70,9.97108e-05,0.00206004,1.6202
1992,5,3,1,80,9.97108e-05,0.00394218,1.6202
1992,5,3,1,90,9.97108e-05,0.00991753,1.6202
1992,5,3,1,100,9.97108e-05,0.0182485,1.6202
1992,5,3,1,110,9.97108e-05,0.0299703,1.6202
1992,5,3,1,120,0.249377,0.0485463,1.6202
1992,5,3,1,130,9.97108e-05,0.0680427,1.6202
1992,5,3,1,140,9.97108e-05,0.0788371,1.6202
1992,5,3,1,150,9.97108e-05,0.0826703,1.6202
1992,5,3,1,160,9.97108e-05,0.085554,1.6202
1992,5,3,1,170,9.97108e-05,0.0892583,1.6202
1992,5,3,1,180,0.124738,0.0923638,1.6202
1992,5,3,1,190,0.124738,0.0896984,1.6202
1992,5,3,1,200,9.97108e-05,0.0762786,1.6202
1992,5,3,1,210,0.249377,0.0563995,1.6202
1992,5,3,1,220,9.97108e-05,0.0404452,1.6202
1992,5,3,1,230,9.97108e-05,0.0322939,1.6202
1992,5,3,1,240,0.249377,0.0280497,1.6202
1992,5,3,1,250,9.97108e-05,0.0234305,1.6202
1992,5,3,1,260,9.97108e-05,0.0172768,1.6202
1992,5,3,1,270,9.97108e-05,0.0107578,1.6202
1992,5,3,1,280,9.97108e-05,0.00552462,1.6202
1992,5,3,1,290,9.97108e-05,0.0023256,1.6202
1992,5,3,1,300,9.97108e-05,0.000827441,1.6202
1992,5,3,1,310,9.97108e-05,0.000332944,1.6202
1993,5,3,1,30,9.97108e-05,0.000162929,18.8959
1993,5,3,1,40,9.97108e-05,0.000760068,18.8959
1993,5,3,1,50,9.97108e-05,0.00244264,18.8959
1993,5,3,1,60,9.97108e-05,0.0028709,18.8959
1993,5,3,1,70,9.97108e-05,0.00213658,18.8959
1993,5,3,1,80,9.97108e-05,0.00476509,18.8959
1993,5,3,1,90,9.97108e-05,0.0116427,18.8959
1993,5,3,1,100,0.0651285,0.0189736,18.8959
1993,5,3,1,110,0.021776,0.0250349,18.8959
1993,5,3,1,120,0.0434522,0.0355607,18.8959
1993,5,3,1,130,0.021776,0.0538928,18.8959
1993,5,3,1,140,0.0868048,0.0751754,18.8959
1993,5,3,1,150,0.108481,0.0918041,18.8959
1993,5,3,1,160,0.108481,0.0990573,18.8959
1993,5,3,1,170,0.0651285,0.0993763,18.8959
1993,5,3,1,180,0.0651285,0.0973688,18.8959
1993,5,3,1,190,0.130157,0.0910827,18.8959
1993,5,3,1,200,0.130157,0.075862,18.8959
1993,5,3,1,210,0.021776,0.055402,18.8959
1993,5,3,1,220,0.021776,0.039398,18.8959
1993,5,3,1,230,0.0434522,0.0313355,18.8959
1993,5,3,1,240,0.0434522,0.0272128,18.8959
1993,5,3,1,250,9.97108e-05,0.0227414,18.8959
1993,5,3,1,260,0.021776,0.0167655,18.8959
1993,5,3,1,270,9.97108e-05,0.0104337,18.8959
1993,5,3,1,280,9.97108e-05,0.00535622,18.8959
1993,5,3,1,290,9.97108e-05,0.00225553,18.8959
1993,5,3,1,300,9.97108e-05,0.000804374,18.8959
1993,5,3,1,310,9.97108e-05,0.000325543,18.8959
1996,5,3,1,30,9.97108e-05,0.000131507,0.818695
1996,5,3,1,40,9.97108e-05,0.000431882,0.818695
1996,5,3,1,50,9.97108e-05,0.00127931,0.818695
1996,5,3,1,60,9.97108e-05,0.00151038,0.818695
1996,5,3,1,70,9.97108e-05,0.00125492,0.818695
1996,5,3,1,80,9.97108e-05,0.00304465,0.818695
1996,5,3,1,90,9.97108e-05,0.00769291,0.818695
1996,5,3,1,100,9.97108e-05,0.0138585,0.818695
1996,5,3,1,110,9.97108e-05,0.0221335,0.818695
1996,5,3,1,120,9.97108e-05,0.0358421,0.818695
1996,5,3,1,130,9.97108e-05,0.0526086,0.818695
1996,5,3,1,140,0.498654,0.0667149,0.818695
1996,5,3,1,150,9.97108e-05,0.0782368,0.818695
1996,5,3,1,160,9.97108e-05,0.0893261,0.818695
1996,5,3,1,170,9.97108e-05,0.099924,0.818695
1996,5,3,1,180,9.97108e-05,0.107179,0.818695
1996,5,3,1,190,9.97108e-05,0.10448,0.818695
1996,5,3,1,200,9.97108e-05,0.0876983,0.818695
1996,5,3,1,210,9.97108e-05,0.0636189,0.818695
1996,5,3,1,220,9.97108e-05,0.044135,0.818695
1996,5,3,1,230,9.97108e-05,0.0334656,0.818695
1996,5,3,1,240,9.97108e-05,0.0277567,0.818695
1996,5,3,1,250,0.498654,0.0225757,0.818695
1996,5,3,1,260,9.97108e-05,0.0164344,0.818695
1996,5,3,1,270,9.97108e-05,0.01017,0.818695
1996,5,3,1,280,9.97108e-05,0.00520633,0.818695
1996,5,3,1,290,9.97108e-05,0.00218972,0.818695
1996,5,3,1,300,9.97108e-05,0.000781765,0.818695
1996,5,3,1,310,9.97108e-05,0.000317975,0.818695
1997,5,3,1,30,9.97108e-05,0.000156963,0.820172
1997,5,3,1,40,9.97108e-05,0.000697603,0.820172
1997,5,3,1,50,9.97108e-05,0.00221728,0.820172
1997,5,3,1,60,9.97108e-05,0.00255103,0.820172
1997,5,3,1,70,9.97108e-05,0.00150244,0.820172
1997,5,3,1,80,9.97108e-05,0.00242834,0.820172
1997,5,3,1,90,9.97108e-05,0.00587637,0.820172
1997,5,3,1,100,9.97108e-05,0.0103509,0.820172
1997,5,3,1,110,9.97108e-05,0.0161668,0.820172
1997,5,3,1,120,9.97108e-05,0.0268047,0.820172
1997,5,3,1,130,9.97108e-05,0.0428574,0.820172
1997,5,3,1,140,9.97108e-05,0.0609234,0.820172
1997,5,3,1,150,9.97108e-05,0.0778622,0.820172
1997,5,3,1,160,9.97108e-05,0.0917855,0.820172
1997,5,3,1,170,9.97108e-05,0.102918,0.820172
1997,5,3,1,180,9.97108e-05,0.110503,0.820172
1997,5,3,1,190,9.97108e-05,0.108462,0.820172
1997,5,3,1,200,9.97108e-05,0.0919736,0.820172
1997,5,3,1,210,9.97108e-05,0.0677022,0.820172
1997,5,3,1,220,9.97108e-05,0.0478985,0.820172
1997,5,3,1,230,0.498654,0.0367377,0.820172
1997,5,3,1,240,9.97108e-05,0.0302701,0.820172
1997,5,3,1,250,9.97108e-05,0.0242683,0.820172
1997,5,3,1,260,0.498654,0.0174572,0.820172
1997,5,3,1,270,9.97108e-05,0.0107247,0.820172
1997,5,3,1,280,9.97108e-05,0.00546791,0.820172
1997,5,3,1,290,9.97108e-05,0.00229283,0.820172
1997,5,3,1,300,9.97108e-05,0.000814748,0.820172
1997,5,3,1,310,9.97108e-05,0.000328377,0.820172
2012,5,3,1,30,9.97108e-05,0.000166656,0.820013
2012,5,3,1,40,9.97108e-05,0.000798912,0.820013
2012,5,3,1,50,9.97108e-05,0.00257837,0.820013
2012,5,3,1,60,9.97108e-05,0.00300166,0.820013
2012,5,3,1,70,9.97108e-05,0.00201143,0.820013
2012,5,3,1,80,9.97108e-05,0.00400896,0.820013
2012,5,3,1,90,9.97108e-05,0.00995604,0.820013
2012,5,3,1,100,9.97108e-05,0.0175398,0.820013
2012,5,3,1,110,9.97108e-05,0.0269651,0.820013
2012,5,3,1,120,9.97108e-05,0.0427121,0.820013
2012,5,3,1,130,0.498654,0.0631233,0.820013
2012,5,3,1,140,0.498654,0.0812448,0.820013
2012,5,3,1,150,9.97108e-05,0.0943668,0.820013
2012,5,3,1,160,9.97108e-05,0.101726,0.820013
2012,5,3,1,170,9.97108e-05,0.103288,0.820013
2012,5,3,1,180,9.97108e-05,0.100171,0.820013
2012,5,3,1,190,9.97108e-05,0.0907069,0.820013
2012,5,3,1,200,9.97108e-05,0.0731111,0.820013
2012,5,3,1,210,9.97108e-05,0.0522903,0.820013
2012,5,3,1,220,9.97108e-05,0.036165,0.820013
2012,5,3,1,230,9.97108e-05,0.0270314,0.820013
2012,5,3,1,240,9.97108e-05,0.0218669,0.820013
2012,5,3,1,250,9.97108e-05,0.0174985,0.820013
2012,5,3,1,260,9.97108e-05,0.0127396,0.820013
2012,5,3,1,270,9.97108e-05,0.00798903,0.820013
2012,5,3,1,280,9.97108e-05,0.00417916,0.820013
2012,5,3,1,290,9.97108e-05,0.00180709,0.820013
2012,5,3,1,300,9.97108e-05,0.000669621,0.820013
2012,5,3,1,310,9.97108e-05,0.000286825,0.820013
2013,5,3,1,30,9.97108e-05,0.000155807,0.40932
2013,5,3,1,40,9.97108e-05,0.000685697,0.40932
2013,5,3,1,50,9.97108e-05,0.00217944,0.40932
2013,5,3,1,60,9.97108e-05,0.00256924,0.40932
2013,5,3,1,70,9.97108e-05,0.00198754,0.40932
2013,5,3,1,80,9.97108e-05,0.00459192,0.40932
2013,5,3,1,90,9.97108e-05,0.0112716,0.40932
2013,5,3,1,100,9.97108e-05,0.0185169,0.40932
2013,5,3,1,110,9.97108e-05,0.0247568,0.40932
2013,5,3,1,120,9.97108e-05,0.0350569,0.40932
2013,5,3,1,130,9.97108e-05,0.0516697,0.40932
2013,5,3,1,140,9.97108e-05,0.0708217,0.40932
2013,5,3,1,150,9.97108e-05,0.0889656,0.40932
2013,5,3,1,160,9.97108e-05,0.102838,0.40932
2013,5,3,1,170,9.97108e-05,0.109803,0.40932
2013,5,3,1,180,9.97108e-05,0.108637,0.40932
2013,5,3,1,190,9.97108e-05,0.0977099,0.40932
2013,5,3,1,200,9.97108e-05,0.0774803,0.40932
2013,5,3,1,210,0.997208,0.0548362,0.40932
2013,5,3,1,220,9.97108e-05,0.0380633,0.40932
2013,5,3,1,230,9.97108e-05,0.0286772,0.40932
2013,5,3,1,240,9.97108e-05,0.0230466,0.40932
2013,5,3,1,250,9.97108e-05,0.018077,0.40932
2013,5,3,1,260,9.97108e-05,0.0128744,0.40932
2013,5,3,1,270,9.97108e-05,0.00793377,0.40932
2013,5,3,1,280,9.97108e-05,0.00410133,0.40932
2013,5,3,1,290,9.97108e-05,0.00176124,0.40932
2013,5,3,1,300,9.97108e-05,0.000651576,0.40932
2013,5,3,1,310,9.97108e-05,0.000280326,0.40932
2015,5,3,1,30,9.97108e-05,0.000149924,72.3531
2015,5,3,1,40,9.97108e-05,0.000624072,72.3531
2015,5,3,1,50,9.97108e-05,0.0019561,72.3531
2015,5,3,1,60,9.97108e-05,0.00223788,72.3531
2015,5,3,1,70,9.97108e-05,0.00124219,72.3531
2015,5,3,1,80,9.97108e-05,0.00178505,72.3531
2015,5,3,1,90,0.00579746,0.00445092,72.3531
2015,5,3,1,100,0.00579746,0.00892258,72.3531
2015,5,3,1,110,0.0342863,0.0169512,72.3531
2015,5,3,1,120,0.0513796,0.0313267,72.3531
2015,5,3,1,130,0.0627751,0.0494909,72.3531
2015,5,3,1,140,0.0570773,0.066064,72.3531
2015,5,3,1,150,0.039984,0.0799797,72.3531
2015,5,3,1,160,0.0798684,0.0927032,72.3531
2015,5,3,1,170,0.114055,0.104922,72.3531
2015,5,3,1,180,0.142544,0.113232,72.3531
2015,5,3,1,190,0.125451,0.109664,72.3531
2015,5,3,1,200,0.0513796,0.0908679,72.3531
2015,5,3,1,210,0.0684729,0.0654923,72.3531
2015,5,3,1,220,0.0513796,0.0455359,72.3531
2015,5,3,1,230,0.039984,0.0341372,72.3531
2015,5,3,1,240,0.0342863,0.0271798,72.3531
2015,5,3,1,250,0.017193,0.020916,72.3531
2015,5,3,1,260,0.00579746,0.0144713,72.3531
2015,5,3,1,270,0.00579746,0.00862943,72.3531
2015,5,3,1,280,9.97108e-05,0.00432465,72.3531
2015,5,3,1,290,9.97108e-05,0.00180884,72.3531
2015,5,3,1,300,9.97108e-05,0.000655598,72.3531
2015,5,3,1,310,0.00579746,0.000278116,72.3531
2016,5,3,1,30,9.97108e-05,0.00012973,62.7069
2016,5,3,1,40,9.97108e-05,0.000413381,62.7069
2016,5,3,1,50,9.97108e-05,0.00121532,62.7069
2016,5,3,1,60,9.97108e-05,0.0014581,62.7069
2016,5,3,1,70,9.97108e-05,0.00138864,62.7069
2016,5,3,1,80,9.97108e-05,0.00369239,62.7069
2016,5,3,1,90,0.0171735,0.00895162,62.7069
2016,5,3,1,100,0.0171735,0.0138705,62.7069
2016,5,3,1,110,0.0137587,0.0162184,62.7069
2016,5,3,1,120,0.0547358,0.0205084,62.7069
2016,5,3,1,130,0.0274177,0.0320453,62.7069
2016,5,3,1,140,0.0547358,0.0507602,62.7069
2016,5,3,1,150,0.109372,0.0722543,62.7069
2016,5,3,1,160,0.0547358,0.0915433,62.7069
2016,5,3,1,170,0.0922981,0.106906,62.7069
2016,5,3,1,180,0.160593,0.116799,62.7069
2016,5,3,1,190,0.0888833,0.114948,62.7069
2016,5,3,1,200,0.116201,0.0972546,62.7069
2016,5,3,1,210,0.0888833,0.0717034,62.7069
2016,5,3,1,220,0.0205882,0.0509836,62.7069
2016,5,3,1,230,0.00692923,0.0387885,62.7069
2016,5,3,1,240,0.0410768,0.0309607,62.7069
2016,5,3,1,250,0.0137587,0.0236963,62.7069
2016,5,3,1,260,0.00692923,0.016245,62.7069
2016,5,3,1,270,0.00692923,0.00957901,62.7069
2016,5,3,1,280,0.00692923,0.00474145,62.7069
2016,5,3,1,290,9.97108e-05,0.00195694,62.7069
2016,5,3,1,300,9.97108e-05,0.000697977,62.7069
2016,5,3,1,310,9.97108e-05,0.000289965,62.7069
2017,5,3,1,30,9.97108e-05,0.000153364,30.7404
2017,5,3,1,40,9.97108e-05,0.00066003,30.7404
2017,5,3,1,50,9.97108e-05,0.00208438,30.7404
2017,5,3,1,60,9.97108e-05,0.00239972,30.7404
2017,5,3,1,70,9.97108e-05,0.0014364,30.7404
2017,5,3,1,80,9.97108e-05,0.00239164,30.7404
2017,5,3,1,90,0.0281873,0.00590222,30.7404
2017,5,3,1,100,9.97108e-05,0.0108565,30.7404
2017,5,3,1,110,9.97108e-05,0.0178175,30.7404
2017,5,3,1,120,9.97108e-05,0.0285708,30.7404
2017,5,3,1,130,0.0141435,0.0395733,30.7404
2017,5,3,1,140,0.0562748,0.0472782,30.7404
2017,5,3,1,150,0.119472,0.0573553,30.7404
2017,5,3,1,160,0.0211654,0.0754416,30.7404
2017,5,3,1,170,0.0703186,0.0979663,30.7404
2017,5,3,1,180,0.168625,0.115715,30.7404
2017,5,3,1,190,0.0984062,0.1185,30.7404
2017,5,3,1,200,0.0843624,0.102187,30.7404
2017,5,3,1,210,0.126494,0.0763014,30.7404
2017,5,3,1,220,0.0703186,0.0552182,30.7404
2017,5,3,1,230,0.042231,0.0429954,30.7404
2017,5,3,1,240,0.0281873,0.034885,30.7404
2017,5,3,1,250,9.97108e-05,0.0268207,30.7404
2017,5,3,1,260,0.042231,0.018319,30.7404
2017,5,3,1,270,0.0141435,0.0107175,30.7404
2017,5,3,1,280,0.0141435,0.00525277,30.7404
2017,5,3,1,290,9.97108e-05,0.00214286,30.7404
2017,5,3,1,300,9.97108e-05,0.000752301,30.7404
2017,5,3,1,310,9.97108e-05,0.000305434,30.7404
2018,5,3,1,30,9.97108e-05,0.000160186,15.6096
2018,5,3,1,40,9.97108e-05,0.000731372,15.6096
2018,5,3,1,50,9.97108e-05,0.00233977,15.6096
2018,5,3,1,60,9.97108e-05,0.00273412,15.6096
2018,5,3,1,70,9.97108e-05,0.00192182,15.6096
2018,5,3,1,80,9.97108e-05,0.00400482,15.6096
2018,5,3,1,90,0.0312593,0.00963592,15.6096
2018,5,3,1,100,9.97108e-05,0.0152446,15.6096
2018,5,3,1,110,0.0312593,0.0186981,15.6096
2018,5,3,1,120,0.062419,0.0242686,15.6096
2018,5,3,1,130,9.97108e-05,0.0351517,15.6096
2018,5,3,1,140,0.062419,0.0485057,15.6096
2018,5,3,1,150,9.97108e-05,0.0605641,15.6096
2018,5,3,1,160,0.0312593,0.0719896,15.6096
2018,5,3,1,170,0.0935786,0.0874685,15.6096
2018,5,3,1,180,0.124738,0.105833,15.6096
2018,5,3,1,190,0.249377,0.114484,15.6096
2018,5,3,1,200,0.0935786,0.102984,15.6096
2018,5,3,1,210,0.0935786,0.0787844,15.6096
2018,5,3,1,220,9.97108e-05,0.0580445,15.6096
2018,5,3,1,230,0.062419,0.0462486,15.6096
2018,5,3,1,240,9.97108e-05,0.0384076,15.6096
2018,5,3,1,250,0.0312593,0.0299605,15.6096
2018,5,3,1,260,0.0312593,0.0205514,15.6096
2018,5,3,1,270,9.97108e-05,0.0119829,15.6096
2018,5,3,1,280,9.97108e-05,0.00582401,15.6096
2018,5,3,1,290,9.97108e-05,0.00234716,15.6096
2018,5,3,1,300,9.97108e-05,0.00080978,15.6096
2018,5,3,1,310,9.97108e-05,0.000320543,15.6096
2019,5,3,1,30,9.97108e-05,0.00022642,74.9141
2019,5,3,1,40,9.97108e-05,0.00142291,74.9141
2019,5,3,1,50,9.97108e-05,0.0047848,74.9141
2019,5,3,1,60,9.97108e-05,0.00550401,74.9141
2019,5,3,1,70,9.97108e-05,0.00304269,74.9141
2019,5,3,1,80,9.97108e-05,0.004522,74.9141
2019,5,3,1,90,0.0458386,0.0107521,74.9141
2019,5,3,1,100,0.0549864,0.0178173,74.9141
2019,5,3,1,110,0.0366908,0.0240086,74.9141
2019,5,3,1,120,0.0366908,0.0326905,74.9141
2019,5,3,1,130,0.0366908,0.0428801,74.9141
2019,5,3,1,140,0.0275431,0.0503233,74.9141
2019,5,3,1,150,0.0549864,0.0572558,74.9141
2019,5,3,1,160,0.0549864,0.0675963,74.9141
2019,5,3,1,170,0.0549864,0.0817696,74.9141
2019,5,3,1,180,0.0504125,0.0972664,74.9141
2019,5,3,1,190,0.14189,0.105297,74.9141
2019,5,3,1,200,0.0641342,0.0964015,74.9141
2019,5,3,1,210,0.119021,0.0754466,74.9141
2019,5,3,1,220,0.0915775,0.0570555,74.9141
2019,5,3,1,230,0.0458386,0.0468665,74.9141
2019,5,3,1,240,0.0366908,0.0400485,74.9141
2019,5,3,1,250,0.0366908,0.0319011,74.9141
2019,5,3,1,260,0.00924752,0.0221468,74.9141
2019,5,3,1,270,9.97108e-05,0.0129676,74.9141
2019,5,3,1,280,9.97108e-05,0.00629227,74.9141
2019,5,3,1,290,9.97108e-05,0.00252039,74.9141
2019,5,3,1,300,9.97108e-05,0.0008598,74.9141
2019,5,3,1,310,9.97108e-05,0.000334099,74.9141
2020,5,3,1,30,9.97108e-05,0.000176898,6.57248
2020,5,3,1,40,9.97108e-05,0.000906167,6.57248
2020,5,3,1,50,9.97108e-05,0.002966,6.57248
2020,5,3,1,60,9.97108e-05,0.00356149,6.57248
2020,5,3,1,70,9.97108e-05,0.00317887,6.57248
2020,5,3,1,80,9.97108e-05,0.00832708,6.57248
2020,5,3,1,90,9.97108e-05,0.0203436,6.57248
2020,5,3,1,100,9.97108e-05,0.0315828,6.57248
2020,5,3,1,110,9.97108e-05,0.0361601,6.57248
2020,5,3,1,120,9.97108e-05,0.0407134,6.57248
2020,5,3,1,130,9.97108e-05,0.0496979,6.57248
2020,5,3,1,140,9.97108e-05,0.0581406,6.57248
2020,5,3,1,150,9.97108e-05,0.0633289,6.57248
2020,5,3,1,160,9.97108e-05,0.0676526,6.57248
2020,5,3,1,170,0.143168,0.0750556,6.57248
2020,5,3,1,180,0.071634,0.086092,6.57248
2020,5,3,1,190,0.176749,0.0926102,6.57248
2020,5,3,1,200,0.248284,0.084831,6.57248
2020,5,3,1,210,0.143168,0.0664599,6.57248
2020,5,3,1,220,9.97108e-05,0.0508246,6.57248
2020,5,3,1,230,0.071634,0.0430106,6.57248
2020,5,3,1,240,0.071634,0.0380531,6.57248
2020,5,3,1,250,0.071634,0.0311502,6.57248
2020,5,3,1,260,9.97108e-05,0.022024,6.57248
2020,5,3,1,270,9.97108e-05,0.0130365,6.57248
2020,5,3,1,280,9.97108e-05,0.00635949,6.57248
2020,5,3,1,290,9.97108e-05,0.00255095,6.57248
2020,5,3,1,300,9.97108e-05,0.000869013,6.57248
2020,5,3,1,310,9.97108e-05,0.000336445,6.57248
2023,5,3,1,30,9.97108e-05,0.000184875,31.2193
2023,5,3,1,40,9.97108e-05,0.000989258,31.2193
2023,5,3,1,50,9.97108e-05,0.00325459,31.2193
2023,5,3,1,60,9.97108e-05,0.00381385,31.2193
2023,5,3,1,70,9.97108e-05,0.00269715,31.2193
2023,5,3,1,80,9.97108e-05,0.00572551,31.2193
2023,5,3,1,90,9.97108e-05,0.0137684,31.2193
2023,5,3,1,100,9.97108e-05,0.021381,31.2193
2023,5,3,1,110,9.97108e-05,0.0248584,31.2193
2023,5,3,1,120,0.0243205,0.0301158,31.2193
2023,5,3,1,130,0.01769,0.0433971,31.2193
2023,5,3,1,140,0.0352803,0.064171,31.2193
2023,5,3,1,150,0.0551717,0.0877152,31.2193
2023,5,3,1,160,0.0595011,0.105588,31.2193
2023,5,3,1,170,0.0243205,0.110898,31.2193
2023,5,3,1,180,0.125533,0.104692,31.2193
2023,5,3,1,190,0.15422,0.0912404,31.2193
2023,5,3,1,200,0.248802,0.0720876,31.2193
2023,5,3,1,210,0.030951,0.0512346,31.2193
2023,5,3,1,220,0.0442119,0.0365866,31.2193
2023,5,3,1,230,0.0352803,0.0306875,31.2193
2023,5,3,1,240,0.0770914,0.02869,31.2193
2023,5,3,1,250,0.0419108,0.0253287,31.2193
2023,5,3,1,260,0.00673015,0.0191745,31.2193
2023,5,3,1,270,0.01769,0.0119681,31.2193
2023,5,3,1,280,9.97108e-05,0.00606229,31.2193
2023,5,3,1,290,9.97108e-05,0.00249247,31.2193
2023,5,3,1,300,9.97108e-05,0.000861457,31.2193
2023,5,3,1,310,9.97108e-05,0.000335713,31.2193
1993,5,6,1,30,9.97108e-05,0.000162929,0.001
1993,5,6,1,40,9.97108e-05,0.000760068,0.001
1993,5,6,1,50,9.97108e-05,0.00244264,0.001
1993,5,6,1,60,0.062419,0.0028709,0.001
1993,5,6,1,70,9.97108e-05,0.00213658,0.001
1993,5,6,1,80,9.97108e-05,0.00476509,0.001
1993,5,6,1,90,9.97108e-05,0.0116427,0.001
1993,5,6,1,100,9.97108e-05,0.0189736,0.001
1993,5,6,1,110,9.97108e-05,0.0250349,0.001
1993,5,6,1,120,0.124738,0.0355607,0.001
1993,5,6,1,130,0.0312593,0.0538928,0.001
1993,5,6,1,140,0.0935786,0.0751754,0.001
1993,5,6,1,150,0.062419,0.0918041,0.001
1993,5,6,1,160,9.97108e-05,0.0990573,0.001
1993,5,6,1,170,0.062419,0.0993763,0.001
1993,5,6,1,180,0.124738,0.0973688,0.001
1993,5,6,1,190,0.124738,0.0910827,0.001
1993,5,6,1,200,0.062419,0.075862,0.001
1993,5,6,1,210,0.062419,0.055402,0.001
1993,5,6,1,220,0.062419,0.039398,0.001
1993,5,6,1,230,0.062419,0.0313355,0.001
1993,5,6,1,240,0.062419,0.0272128,0.001
1993,5,6,1,250,9.97108e-05,0.0227414,0.001
1993,5,6,1,260,9.97108e-05,0.0167655,0.001
1993,5,6,1,270,9.97108e-05,0.0104337,0.001
1993,5,6,1,280,9.97108e-05,0.00535622,0.001
1993,5,6,1,290,9.97108e-05,0.00225553,0.001
1993,5,6,1,300,9.97108e-05,0.000804374,0.001
1993,5,6,1,310,9.97108e-05,0.000325543,0.001
1997,5,6,1,30,9.97108e-05,0.000156963,0.001
1997,5,6,1,40,9.97108e-05,0.000697603,0.001
1997,5,6,1,50,9.97108e-05,0.00221728,0.001
1997,5,6,1,60,9.97108e-05,0.00255103,0.001
1997,5,6,1,70,9.97108e-05,0.00150244,0.001
1997,5,6,1,80,9.97108e-05,0.00242834,0.001
1997,5,6,1,90,9.97108e-05,0.00587637,0.001
1997,5,6,1,100,0.062419,0.0103509,0.001
1997,5,6,1,110,9.97108e-05,0.0161668,0.001
1997,5,6,1,120,9.97108e-05,0.0268047,0.001
1997,5,6,1,130,9.97108e-05,0.0428574,0.001
1997,5,6,1,140,0.062419,0.0609234,0.001
1997,5,6,1,150,0.062419,0.0778622,0.001
1997,5,6,1,160,0.124738,0.0917855,0.001
1997,5,6,1,170,0.124738,0.102918,0.001
1997,5,6,1,180,0.124738,0.110503,0.001
1997,5,6,1,190,0.062419,0.108462,0.001
1997,5,6,1,200,0.249377,0.0919736,0.001
1997,5,6,1,210,0.062419,0.0677022,0.001
1997,5,6,1,220,0.062419,0.0478985,0.001
1997,5,6,1,230,9.97108e-05,0.0367377,0.001
1997,5,6,1,240,9.97108e-05,0.0302701,0.001
1997,5,6,1,250,9.97108e-05,0.0242683,0.001
1997,5,6,1,260,9.97108e-05,0.0174572,0.001
1997,5,6,1,270,9.97108e-05,0.0107247,0.001
1997,5,6,1,280,9.97108e-05,0.00546791,0.001
1997,5,6,1,290,9.97108e-05,0.00229283,0.001
1997,5,6,1,300,9.97108e-05,0.000814748,0.001
1997,5,6,1,310,9.97108e-05,0.000328377,0.001
2004,8,7,1,30,9.97108e-05,9.99051e-05,0.00114441
2004,8,7,1,40,9.97108e-05,0.000114646,0.00114441
2004,8,7,1,50,9.97108e-05,0.000483007,0.00114441
2004,8,7,1,60,9.97108e-05,0.00329748,0.00114441
2004,8,7,1,70,9.97108e-05,0.00945399,0.00114441
2004,8,7,1,80,9.97108e-05,0.0144168,0.00114441
2004,8,7,1,90,0.0324249,0.0294853,0.00114441
2004,8,7,1,100,0.0508294,0.0620016,0.00114441
2004,8,7,1,110,0.0795618,0.0817641,0.00114441
2004,8,7,1,120,0.0903401,0.0769089,0.00114441
2004,8,7,1,130,0.108294,0.0745822,0.00114441
2004,8,7,1,140,0.0633992,0.0796325,0.00114441
2004,8,7,1,150,0.0548724,0.0832045,0.00114441
2004,8,7,1,160,0.086297,0.0814294,0.00114441
2004,8,7,1,170,0.0602567,0.0773625,0.00114441
2004,8,7,1,180,0.0611573,0.0755189,0.00114441
2004,8,7,1,190,0.135685,0.0732615,0.00114441
2004,8,7,1,200,0.0768696,0.0637917,0.00114441
2004,8,7,1,210,0.0445445,0.0482681,0.00114441
2004,8,7,1,220,0.0256897,0.0296963,0.00114441
2004,8,7,1,230,0.0095271,0.0137173,0.00114441
2004,8,7,1,240,0.00638462,0.00724659,0.00114441
2004,8,7,1,250,0.00324219,0.0053521,0.00114441
2004,8,7,1,260,0.0095271,0.00400078,0.00114441
2004,8,7,1,270,9.97108e-05,0.00254439,0.00114441
2004,8,7,1,280,9.97108e-05,0.00134342,0.00114441
2004,8,7,1,290,9.97108e-05,0.00060662,0.00114441
2004,8,7,1,300,9.97108e-05,0.000263923,0.00114441
2004,8,7,1,310,9.97108e-05,0.000151758,0.00114441
2004,11,7,1,30,9.97108e-05,9.97321e-05,0.001
2004,11,7,1,40,9.97108e-05,0.000101996,0.001
2004,11,7,1,50,9.97108e-05,0.000196285,0.001
2004,11,7,1,60,9.97108e-05,0.0016431,0.001
2004,11,7,1,70,9.97108e-05,0.00957433,0.001
2004,11,7,1,80,9.97108e-05,0.0244992,0.001
2004,11,7,1,90,0.0110569,0.0360819,0.001
2004,11,7,1,100,0.0110569,0.0542013,0.001
2004,11,7,1,110,0.131587,0.0785884,0.001
2004,11,7,1,120,0.0987149,0.0816484,0.001
2004,11,7,1,130,0.0877576,0.0754159,0.001
2004,11,7,1,140,0.0987149,0.075961,0.001
2004,11,7,1,150,0.0603644,0.0800689,0.001
2004,11,7,1,160,0.0713218,0.0811711,0.001
2004,11,7,1,170,0.0603644,0.0787866,0.001
2004,11,7,1,180,0.109672,0.0762924,0.001
2004,11,7,1,190,0.082279,0.0725739,0.001
2004,11,7,1,200,0.0713218,0.0624304,0.001
2004,11,7,1,210,0.0439286,0.0470888,0.001
2004,11,7,1,220,0.0165355,0.0290126,0.001
2004,11,7,1,230,0.0110569,0.0134216,0.001
2004,11,7,1,240,0.0110569,0.00709463,0.001
2004,11,7,1,250,0.0165355,0.00524872,0.001
2004,11,7,1,260,9.97108e-05,0.00393565,0.001
2004,11,7,1,270,0.00557832,0.00251241,0.001
2004,11,7,1,280,9.97108e-05,0.00133171,0.001
2004,11,7,1,290,9.97108e-05,0.000603629,0.001
2004,11,7,1,300,9.97108e-05,0.00026352,0.001
2004,11,7,1,310,9.97108e-05,0.000151859,0.001
2000,2,8,1,30,9.97108e-05,0.00642723,0.001
2000,2,8,1,40,9.97108e-05,0.00203499,0.001
2000,2,8,1,50,9.97108e-05,0.000312011,0.001
2000,2,8,1,60,9.97108e-05,0.00162703,0.001
2000,2,8,1,70,9.97108e-05,0.0075834,0.001
2000,2,8,1,80,0.018229,0.0195566,0.001
2000,2,8,1,90,0.0726167,0.0318289,0.001
2000,2,8,1,100,0.018229,0.0465001,0.001
2000,2,8,1,110,0.0363582,0.0719686,0.001
2000,2,8,1,120,0.0726167,0.0960039,0.001
2000,2,8,1,130,0.23578,0.101911,0.001
2000,2,8,1,140,0.0907459,0.0939106,0.001
2000,2,8,1,150,0.181392,0.0844615,0.001
2000,2,8,1,160,0.0544874,0.0791329,0.001
2000,2,8,1,170,0.0907459,0.0794446,0.001
2000,2,8,1,180,0.018229,0.0805253,0.001
2000,2,8,1,190,0.0363582,0.0723352,0.001
2000,2,8,1,200,0.0363582,0.0527414,0.001
2000,2,8,1,210,0.0363582,0.0315157,0.001
2000,2,8,1,220,9.97108e-05,0.0174138,0.001
2000,2,8,1,230,9.97108e-05,0.0101498,0.001
2000,2,8,1,240,9.97108e-05,0.00610076,0.001
2000,2,8,1,250,9.97108e-05,0.00341117,0.001
2000,2,8,1,260,9.97108e-05,0.00167857,0.001
2000,2,8,1,270,9.97108e-05,0.000733448,0.001
2000,2,8,1,280,9.97108e-05,0.000312922,0.001
2000,2,8,1,290,9.97108e-05,0.000160344,0.001
2000,2,8,1,300,9.97108e-05,0.000114464,0.001
2000,2,8,1,310,9.97108e-05,0.000103741,0.001
2001,5,8,1,30,9.97108e-05,0.000606653,0.0013954
2001,5,8,1,40,9.97108e-05,0.00600814,0.0013954
2001,5,8,1,50,0.0348826,0.022052,0.0013954
2001,5,8,1,60,0.011694,0.0253559,0.0013954
2001,5,8,1,70,0.0580711,0.0134139,0.0013954
2001,5,8,1,80,0.0464768,0.0185608,0.0013954
2001,5,8,1,90,0.0348826,0.0373232,0.0013954
2001,5,8,1,100,0.0696654,0.0488732,0.0013954
2001,5,8,1,110,0.0580711,0.0497954,0.0013954
2001,5,8,1,120,0.0580711,0.0557979,0.0013954
2001,5,8,1,130,0.174014,0.072121,0.0013954
2001,5,8,1,140,0.0580711,0.0896304,0.0013954
2001,5,8,1,150,0.116043,0.0995812,0.0013954
2001,5,8,1,160,0.0348826,0.0982529,0.0013954
2001,5,8,1,170,0.104448,0.0901516,0.0013954
2001,5,8,1,180,0.0348826,0.0814519,0.0013954
2001,5,8,1,190,0.0812597,0.0692941,0.0013954
2001,5,8,1,200,9.97108e-05,0.0502352,0.0013954
2001,5,8,1,210,9.97108e-05,0.0304467,0.0013954
2001,5,8,1,220,0.011694,0.0172592,0.0013954
2001,5,8,1,230,9.97108e-05,0.0103923,0.0013954
2001,5,8,1,240,0.011694,0.00642215,0.0013954
2001,5,8,1,250,9.97108e-05,0.00365446,0.0013954
2001,5,8,1,260,9.97108e-05,0.00181215,0.0013954
2001,5,8,1,270,9.97108e-05,0.00078997,0.0013954
2001,5,8,1,280,9.97108e-05,0.000332054,0.0013954
2001,5,8,1,290,9.97108e-05,0.000165716,0.0013954
2001,5,8,1,300,9.97108e-05,0.000115756,0.0013954
2001,5,8,1,310,9.97108e-05,0.000104095,0.0013954
2002,5,8,1,30,9.97108e-05,0.000378707,0.001
2002,5,8,1,40,9.97108e-05,0.0033532,0.001
2002,5,8,1,50,9.97108e-05,0.012238,0.001
2002,5,8,1,60,9.97108e-05,0.0147731,0.001
2002,5,8,1,70,0.03845,0.0128848,0.001
2002,5,8,1,80,0.0959755,0.0310414,0.001
2002,5,8,1,90,0.03845,0.0645937,0.001
2002,5,8,1,100,0.0768004,0.082414,0.001
2002,5,8,1,110,0.03845,0.076307,0.001
2002,5,8,1,120,0.03845,0.0690447,0.001
2002,5,8,1,130,0.0768004,0.0682565,0.001
2002,5,8,1,140,0.172676,0.0688427,0.001
2002,5,8,1,150,0.191851,0.0735235,0.001
2002,5,8,1,160,0.115151,0.0812078,0.001
2002,5,8,1,170,0.0959755,0.0844348,0.001
2002,5,8,1,180,9.97108e-05,0.0794844,0.001
2002,5,8,1,190,9.97108e-05,0.0660216,0.001
2002,5,8,1,200,0.0192749,0.0462228,0.001
2002,5,8,1,210,9.97108e-05,0.0273291,0.001
2002,5,8,1,220,9.97108e-05,0.0154054,0.001
2002,5,8,1,230,9.97108e-05,0.00946301,0.001
2002,5,8,1,240,9.97108e-05,0.00602159,0.001
2002,5,8,1,250,9.97108e-05,0.00350626,0.001
2002,5,8,1,260,9.97108e-05,0.00176425,0.001
2002,5,8,1,270,9.97108e-05,0.000775726,0.001
2002,5,8,1,280,9.97108e-05,0.000327924,0.001
2002,5,8,1,290,9.97108e-05,0.000164541,0.001
2002,5,8,1,300,9.97108e-05,0.000115443,0.001
2002,5,8,1,310,9.97108e-05,0.000103997,0.001
2002,8,8,1,30,9.97108e-05,0.000127222,0.00167341
2002,8,8,1,40,9.97108e-05,0.000671511,0.00167341
2002,8,8,1,50,9.97108e-05,0.0049965,0.00167341
2002,8,8,1,60,0.0193291,0.0165345,0.00167341
2002,8,8,1,70,0.00971445,0.0238235,0.00167341
2002,8,8,1,80,0.0289439,0.0255845,0.00167341
2002,8,8,1,90,0.0770175,0.0457055,0.00167341
2002,8,8,1,100,0.0577881,0.0787325,0.00167341
2002,8,8,1,110,0.0289439,0.092912,0.00167341
2002,8,8,1,120,0.0770175,0.0845695,0.00167341
2002,8,8,1,130,0.0674027,0.0745114,0.00167341
2002,8,8,1,140,0.0757203,0.0701268,0.00167341
2002,8,8,1,150,0.147449,0.0712252,0.00167341
2002,8,8,1,160,0.103267,0.0767795,0.00167341
2002,8,8,1,170,0.1212,0.0809398,0.00167341
2002,8,8,1,180,0.0757203,0.0779071,0.00167341
2002,8,8,1,190,0.0731259,0.065362,0.00167341
2002,8,8,1,200,0.018032,0.0457072,0.00167341
2002,8,8,1,210,0.00906587,0.026859,0.00167341
2002,8,8,1,220,0.00906587,0.0150519,0.00167341
2002,8,8,1,230,9.97108e-05,0.00924907,0.00167341
2002,8,8,1,240,9.97108e-05,0.00591863,0.00167341
2002,8,8,1,250,9.97108e-05,0.00346722,0.00167341
2002,8,8,1,260,9.97108e-05,0.00175278,0.00167341
2002,8,8,1,270,9.97108e-05,0.000773321,0.00167341
2002,8,8,1,280,9.97108e-05,0.000327711,0.00167341
2002,8,8,1,290,9.97108e-05,0.000164635,0.00167341
2002,8,8,1,300,9.97108e-05,0.000115506,0.00167341
2002,8,8,1,310,9.97108e-05,0.00010403,0.00167341
2003,11,8,1,30,9.97108e-05,0.000103675,0.00141299
2003,11,8,1,40,9.97108e-05,0.000214008,0.00141299
2003,11,8,1,50,9.97108e-05,0.00168732,0.00141299
2003,11,8,1,60,0.0362268,0.0101247,0.00141299
2003,11,8,1,70,0.0506777,0.0290262,0.00141299
2003,11,8,1,80,0.021776,0.0410919,0.00141299
2003,11,8,1,90,0.00732516,0.0382382,0.00141299
2003,11,8,1,100,0.0434522,0.0439107,0.00141299
2003,11,8,1,110,0.166284,0.064298,0.00141299
2003,11,8,1,120,0.108481,0.08538,0.00141299
2003,11,8,1,130,0.115706,0.100304,0.00141299
2003,11,8,1,140,0.159059,0.103658,0.00141299
2003,11,8,1,150,0.072354,0.0942111,0.00141299
2003,11,8,1,160,0.101256,0.0810901,0.00141299
2003,11,8,1,170,0.0579031,0.0732969,0.00141299
2003,11,8,1,180,0.0434522,0.0692087,0.00141299
2003,11,8,1,190,0.00732516,0.0602163,0.00141299
2003,11,8,1,200,0.00732516,0.0433699,0.00141299
2003,11,8,1,210,9.97108e-05,0.02566,0.00141299
2003,11,8,1,220,9.97108e-05,0.0141725,0.00141299
2003,11,8,1,230,9.97108e-05,0.00860676,0.00141299
2003,11,8,1,240,9.97108e-05,0.00557188,0.00141299
2003,11,8,1,250,9.97108e-05,0.003342,0.00141299
2003,11,8,1,260,9.97108e-05,0.00172721,0.00141299
2003,11,8,1,270,9.97108e-05,0.000773968,0.00141299
2003,11,8,1,280,9.97108e-05,0.000330439,0.00141299
2003,11,8,1,290,9.97108e-05,0.000165859,0.00141299
2003,11,8,1,300,9.97108e-05,0.00011587,0.00141299
2003,11,8,1,310,9.97108e-05,0.000104144,0.00141299
2004,5,8,1,30,9.97108e-05,0.000523581,0.001
2004,5,8,1,40,9.97108e-05,0.00504059,0.001
2004,5,8,1,50,9.97108e-05,0.0184756,0.001
2004,5,8,1,60,0.0175928,0.0215012,0.001
2004,5,8,1,70,9.97108e-05,0.0132396,0.001
2004,5,8,1,80,0.0175928,0.023228,0.001
2004,5,8,1,90,0.0263394,0.0478529,0.001
2004,5,8,1,100,0.0525791,0.0633373,0.001
2004,5,8,1,110,0.131298,0.0655235,0.001
2004,5,8,1,120,0.201271,0.0721811,0.001
2004,5,8,1,130,0.148791,0.0864182,0.001
2004,5,8,1,140,0.140045,0.0967208,0.001
2004,5,8,1,150,0.0613257,0.0971115,0.001
2004,5,8,1,160,0.0963119,0.0881992,0.001
2004,5,8,1,170,0.0350859,0.076686,0.001
2004,5,8,1,180,0.00884626,0.06775,0.001
2004,5,8,1,190,0.0438326,0.0571657,0.001
2004,5,8,1,200,0.00884626,0.0410799,0.001
2004,5,8,1,210,9.97108e-05,0.0244756,0.001
2004,5,8,1,220,0.00884626,0.0135827,0.001
2004,5,8,1,230,9.97108e-05,0.00823526,0.001
2004,5,8,1,240,9.97108e-05,0.00532889,0.001
2004,5,8,1,250,9.97108e-05,0.00321098,0.001
2004,5,8,1,260,9.97108e-05,0.0016709,0.001
2004,5,8,1,270,9.97108e-05,0.000753768,0.001
2004,5,8,1,280,9.97108e-05,0.000324012,0.001
2004,5,8,1,290,9.97108e-05,0.000163969,0.001
2004,5,8,1,300,9.97108e-05,0.000115354,0.001
2004,5,8,1,310,9.97108e-05,0.000103969,0.001
2004,8,8,1,30,9.97108e-05,0.00014154,0.001
2004,8,8,1,40,9.97108e-05,0.000968824,0.001
2004,8,8,1,50,9.97108e-05,0.00753322,0.001
2004,8,8,1,60,9.97108e-05,0.0248724,0.001
2004,8,8,1,70,9.97108e-05,0.0341138,0.001
2004,8,8,1,80,0.0554946,0.0278872,0.001
2004,8,8,1,90,0.0416459,0.0359412,0.001
2004,8,8,1,100,0.0554946,0.0592386,0.001
2004,8,8,1,110,0.0416459,0.0733777,0.001
2004,8,8,1,120,0.083192,0.076224,0.001
2004,8,8,1,130,0.207831,0.082287,0.001
2004,8,8,1,140,0.138587,0.0913564,0.001
2004,8,8,1,150,0.0970408,0.0952269,0.001
2004,8,8,1,160,0.0693434,0.0899164,0.001
2004,8,8,1,170,0.0554946,0.0790025,0.001
2004,8,8,1,180,0.0416459,0.0683564,0.001
2004,8,8,1,190,0.083192,0.0564346,0.001
2004,8,8,1,200,9.97108e-05,0.0402108,0.001
2004,8,8,1,210,0.0139485,0.0239633,0.001
2004,8,8,1,220,9.97108e-05,0.0133377,0.001
2004,8,8,1,230,9.97108e-05,0.00809649,0.001
2004,8,8,1,240,0.0139485,0.00524074,0.001
2004,8,8,1,250,9.97108e-05,0.00316433,0.001
2004,8,8,1,260,9.97108e-05,0.00165271,0.001
2004,8,8,1,270,9.97108e-05,0.000748788,0.001
2004,8,8,1,280,9.97108e-05,0.000323184,0.001
2004,8,8,1,290,9.97108e-05,0.000163973,0.001
2004,8,8,1,300,9.97108e-05,0.000115413,0.001
2004,8,8,1,310,9.97108e-05,0.000104005,0.001
2005,2,8,1,30,9.97108e-05,0.0114236,0.0019561
2005,2,8,1,40,9.97108e-05,0.00356772,0.0019561
2005,2,8,1,50,0.0213286,0.00056784,0.0019561
2005,2,8,1,60,0.0107141,0.0036743,0.0019561
2005,2,8,1,70,0.0155965,0.0174117,0.0019561
2005,2,8,1,80,0.0266358,0.0432239,0.0019561
2005,2,8,1,90,0.0372502,0.060452,0.0019561
2005,2,8,1,100,0.0213286,0.0616213,0.0019561
2005,2,8,1,110,0.114309,0.0678034,0.0019561
2005,2,8,1,120,0.104545,0.080362,0.0019561
2005,2,8,1,130,0.14042,0.0858013,0.0019561
2005,2,8,1,140,0.151035,0.0863102,0.0019561
2005,2,8,1,150,0.125349,0.0885895,0.0019561
2005,2,8,1,160,0.0788582,0.0883515,0.0019561
2005,2,8,1,170,0.0470149,0.0813278,0.0019561
2005,2,8,1,180,0.0572045,0.0700629,0.0019561
2005,2,8,1,190,0.0054069,0.05595,0.0019561
2005,2,8,1,200,0.0054069,0.0388544,0.0019561
2005,2,8,1,210,9.97108e-05,0.0229333,0.0019561
2005,2,8,1,220,0.0209037,0.0127814,0.0019561
2005,2,8,1,230,0.0155965,0.00778672,0.0019561
2005,2,8,1,240,9.97108e-05,0.00505005,0.0019561
2005,2,8,1,250,9.97108e-05,0.00305822,0.0019561
2005,2,8,1,260,9.97108e-05,0.00160487,0.0019561
2005,2,8,1,270,9.97108e-05,0.000731133,0.0019561
2005,2,8,1,280,9.97108e-05,0.000317532,0.0019561
2005,2,8,1,290,9.97108e-05,0.000162315,0.0019561
2005,2,8,1,300,9.97108e-05,0.000114959,0.0019561
2005,2,8,1,310,9.97108e-05,0.00010385,0.0019561
2005,5,8,1,30,9.97108e-05,0.000555109,0.001
2005,5,8,1,40,9.97108e-05,0.00540817,0.001
2005,5,8,1,50,9.97108e-05,0.0198451,0.001
2005,5,8,1,60,9.97108e-05,0.0231304,0.001
2005,5,8,1,70,0.016182,0.0144834,0.001
2005,5,8,1,80,0.0644293,0.0259952,0.001
2005,5,8,1,90,0.0805116,0.0538294,0.001
2005,5,8,1,100,0.160924,0.0718159,0.001
2005,5,8,1,110,0.0644293,0.0745896,0.001
2005,5,8,1,120,0.016182,0.0786042,0.001
2005,5,8,1,130,0.0644293,0.0843517,0.001
2005,5,8,1,140,0.160924,0.084967,0.001
2005,5,8,1,150,0.0965942,0.0848003,0.001
2005,5,8,1,160,0.112676,0.0844581,0.001
2005,5,8,1,170,0.0483469,0.0793196,0.001
2005,5,8,1,180,0.0483469,0.0690581,0.001
2005,5,8,1,190,9.97108e-05,0.0547864,0.001
2005,5,8,1,200,0.0322646,0.0375957,0.001
2005,5,8,1,210,9.97108e-05,0.0220035,0.001
2005,5,8,1,220,9.97108e-05,0.0122276,0.001
2005,5,8,1,230,0.016182,0.00745408,0.001
2005,5,8,1,240,9.97108e-05,0.00483992,0.001
2005,5,8,1,250,9.97108e-05,0.00293647,0.001
2005,5,8,1,260,9.97108e-05,0.00154664,0.001
2005,5,8,1,270,9.97108e-05,0.000708897,0.001
2005,5,8,1,280,0.016182,0.000310739,0.001
2005,5,8,1,290,9.97108e-05,0.000160631,0.001
2005,5,8,1,300,9.97108e-05,0.000114616,0.001
2005,5,8,1,310,9.97108e-05,0.00010378,0.001
2005,8,8,1,30,9.97108e-05,0.000144085,0.001
2005,8,8,1,40,9.97108e-05,0.00102171,0.001
2005,8,8,1,50,9.97108e-05,0.00798594,0.001
2005,8,8,1,60,9.97108e-05,0.0263889,0.001
2005,8,8,1,70,0.00916431,0.0362745,0.001
2005,8,8,1,80,0.0182289,0.0300754,0.001
2005,8,8,1,90,0.00916431,0.0397248,0.001
2005,8,8,1,100,0.0272936,0.0661055,0.001
2005,8,8,1,110,0.0363582,0.082379,0.001
2005,8,8,1,120,0.0454228,0.0844975,0.001
2005,8,8,1,130,0.0816813,0.0850839,0.001
2005,8,8,1,140,0.163263,0.0849384,0.001
2005,8,8,1,150,0.145134,0.083626,0.001
2005,8,8,1,160,0.127004,0.0822672,0.001
2005,8,8,1,170,0.0816813,0.0779899,0.001
2005,8,8,1,180,0.0544874,0.0687445,0.001
2005,8,8,1,190,0.0726167,0.0545251,0.001
2005,8,8,1,200,0.0907459,0.0370974,0.001
2005,8,8,1,210,0.00916431,0.0215186,0.001
2005,8,8,1,220,9.97108e-05,0.0118966,0.001
2005,8,8,1,230,0.00916431,0.00724717,0.001
2005,8,8,1,240,0.00916431,0.00471051,0.001
2005,8,8,1,250,0.00916431,0.00286293,0.001
2005,8,8,1,260,9.97108e-05,0.00151246,0.001
2005,8,8,1,270,9.97108e-05,0.000696458,0.001
2005,8,8,1,280,9.97108e-05,0.00030723,0.001
2005,8,8,1,290,9.97108e-05,0.000159867,0.001
2005,8,8,1,300,9.97108e-05,0.000114493,0.001
2005,8,8,1,310,9.97108e-05,0.000103769,0.001
2005,11,8,1,30,9.97108e-05,0.000104478,0.001
2005,11,8,1,40,9.97108e-05,0.000237142,0.001
2005,11,8,1,50,9.97108e-05,0.0020089,0.001
2005,11,8,1,60,9.97108e-05,0.0121605,0.001
2005,11,8,1,70,9.97108e-05,0.0349672,0.001
2005,11,8,1,80,0.038948,0.0499828,0.001
2005,11,8,1,90,0.038948,0.0482202,0.001
2005,11,8,1,100,0.0518976,0.0571215,0.001
2005,11,8,1,110,0.142544,0.0786716,0.001
2005,11,8,1,120,0.038948,0.0901991,0.001
2005,11,8,1,130,0.0518976,0.0894895,0.001
2005,11,8,1,140,0.116645,0.0860525,0.001
2005,11,8,1,150,0.155493,0.0833899,0.001
2005,11,8,1,160,0.0907459,0.0809881,0.001
2005,11,8,1,170,0.142544,0.0767582,0.001
2005,11,8,1,180,0.0648471,0.0682925,0.001
2005,11,8,1,190,0.0518976,0.0543669,0.001
2005,11,8,1,200,9.97108e-05,0.0368223,0.001
2005,11,8,1,210,0.0130492,0.0211928,0.001
2005,11,8,1,220,9.97108e-05,0.0116402,0.001
2005,11,8,1,230,9.97108e-05,0.00707559,0.001
2005,11,8,1,240,9.97108e-05,0.00460264,0.001
2005,11,8,1,250,9.97108e-05,0.00280242,0.001
2005,11,8,1,260,9.97108e-05,0.00148466,0.001
2005,11,8,1,270,9.97108e-05,0.000686501,0.001
2005,11,8,1,280,9.97108e-05,0.000304501,0.001
2005,11,8,1,290,9.97108e-05,0.000159307,0.001
2005,11,8,1,300,9.97108e-05,0.000114415,0.001
2005,11,8,1,310,9.97108e-05,0.000103769,0.001
2006,2,8,1,30,9.97108e-05,0.0138734,0.001
2006,2,8,1,40,9.97108e-05,0.00431464,0.001
2006,2,8,1,50,9.97108e-05,0.000604648,0.001
2006,2,8,1,60,9.97108e-05,0.00382583,0.001
2006,2,8,1,70,0.00997207,0.0181507,0.001
2006,2,8,1,80,0.0297168,0.0451149,0.001
2006,2,8,1,90,0.0593339,0.0633801,0.001
2006,2,8,1,100,0.0494615,0.0655239,0.001
2006,2,8,1,110,0.0790786,0.0735901,0.001
2006,2,8,1,120,0.108696,0.088044,0.001
2006,2,8,1,130,0.0988233,0.092705,0.001
2006,2,8,1,140,0.12844,0.0880383,0.001
2006,2,8,1,150,0.118568,0.0830952,0.001
2006,2,8,1,160,0.0988233,0.079457,0.001
2006,2,8,1,170,0.0790786,0.0748724,0.001
2006,2,8,1,180,0.0395892,0.0668961,0.001
2006,2,8,1,190,0.00997207,0.0534998,0.001
2006,2,8,1,200,0.0297168,0.0361941,0.001
2006,2,8,1,210,0.0198444,0.0207141,0.001
2006,2,8,1,220,0.0297168,0.0113016,0.001
2006,2,8,1,230,0.00997207,0.00684793,0.001
2006,2,8,1,240,9.97108e-05,0.00445674,0.001
2006,2,8,1,250,9.97108e-05,0.0027174,0.001
2006,2,8,1,260,9.97108e-05,0.00144174,0.001
2006,2,8,1,270,9.97108e-05,0.000668093,0.001
2006,2,8,1,280,9.97108e-05,0.000297738,0.001
2006,2,8,1,290,9.97108e-05,0.00015714,0.001
2006,2,8,1,300,9.97108e-05,0.000113802,0.001
2006,2,8,1,310,9.97108e-05,0.00010356,0.001
2006,8,8,1,30,9.97108e-05,0.000152058,0.00137633
2006,8,8,1,40,9.97108e-05,0.00118732,0.00137633
2006,8,8,1,50,0.00539515,0.00940085,0.00137633
2006,8,8,1,60,9.97108e-05,0.0310761,0.00137633
2006,8,8,1,70,0.0223928,0.0424283,0.00137633
2006,8,8,1,80,0.0446858,0.0336135,0.00137633
2006,8,8,1,90,0.0382791,0.0411629,0.00137633
2006,8,8,1,100,0.249508,0.0675335,0.00137633
2006,8,8,1,110,0.0881606,0.0847665,0.00137633
2006,8,8,1,120,0.0934561,0.0883346,0.00137633
2006,8,8,1,130,0.0424631,0.0900374,0.00137633
2006,8,8,1,140,0.143338,0.0887022,0.00137633
2006,8,8,1,150,0.0594607,0.0829771,0.00137633
2006,8,8,1,160,0.0488699,0.076479,0.00137633
2006,8,8,1,170,0.0265768,0.0702956,0.00137633
2006,8,8,1,180,0.0265768,0.0624754,0.00137633
2006,8,8,1,190,0.0318723,0.0501742,0.00137633
2006,8,8,1,200,0.0276882,0.0340211,0.00137633
2006,8,8,1,210,0.0276882,0.0193771,0.00137633
2006,8,8,1,220,9.97108e-05,0.0104393,0.00137633
2006,8,8,1,230,0.0223928,0.00624708,0.00137633
2006,8,8,1,240,9.97108e-05,0.00404954,0.00137633
2006,8,8,1,250,9.97108e-05,0.00247519,0.00137633
2006,8,8,1,260,9.97108e-05,0.00132213,0.00137633
2006,8,8,1,270,9.97108e-05,0.000620321,0.00137633
2006,8,8,1,280,9.97108e-05,0.000282372,0.00137633
2006,8,8,1,290,9.97108e-05,0.000153116,0.00137633
2006,8,8,1,300,9.97108e-05,0.000112932,0.00137633
2006,8,8,1,310,9.97108e-05,0.000103366,0.00137633
2010,8,8,1,30,9.97108e-05,0.000136792,0.001
2010,8,8,1,40,9.97108e-05,0.000870232,0.001
2010,8,8,1,50,9.97108e-05,0.0066919,0.001
2010,8,8,1,60,9.97108e-05,0.0221059,0.001
2010,8,8,1,70,0.0139485,0.0306902,0.001
2010,8,8,1,80,0.0139485,0.0271026,0.001
2010,8,8,1,90,0.124738,0.039443,0.001
2010,8,8,1,100,0.180133,0.0678644,0.001
2010,8,8,1,110,0.0693434,0.0875342,0.001
2010,8,8,1,120,0.0693434,0.0942584,0.001
2010,8,8,1,130,0.0554946,0.0965877,0.001
2010,8,8,1,140,0.0554946,0.0922337,0.001
2010,8,8,1,150,0.083192,0.0847353,0.001
2010,8,8,1,160,0.0554946,0.0809416,0.001
2010,8,8,1,170,0.0416459,0.0775948,0.001
2010,8,8,1,180,0.0970408,0.0681035,0.001
2010,8,8,1,190,0.0693434,0.0515723,0.001
2010,8,8,1,200,0.0554946,0.0327935,0.001
2010,8,8,1,210,9.97108e-05,0.0177912,0.001
2010,8,8,1,220,0.0139485,0.00911949,0.001
2010,8,8,1,230,9.97108e-05,0.00505568,0.001
2010,8,8,1,240,9.97108e-05,0.00303181,0.001
2010,8,8,1,250,9.97108e-05,0.00177025,0.001
2010,8,8,1,260,9.97108e-05,0.000939337,0.001
2010,8,8,1,270,9.97108e-05,0.000456647,0.001
2010,8,8,1,280,9.97108e-05,0.000226414,0.001
2010,8,8,1,290,9.97108e-05,0.000137472,0.001
2010,8,8,1,300,9.97108e-05,0.000109273,0.001
2010,8,8,1,310,9.97108e-05,0.000102432,0.001
2011,5,8,1,30,9.97108e-05,0.000364113,0.00107612
2011,5,8,1,40,9.97108e-05,0.00318247,0.00107612
2011,5,8,1,50,9.97108e-05,0.0115859,0.00107612
2011,5,8,1,60,9.97108e-05,0.0137721,0.00107612
2011,5,8,1,70,9.97108e-05,0.0105832,0.00107612
2011,5,8,1,80,0.0370296,0.0233716,0.00107612
2011,5,8,1,90,0.0985795,0.049569,0.00107612
2011,5,8,1,100,0.11089,0.0684368,0.00107612
2011,5,8,1,110,0.0862696,0.0769817,0.00107612
2011,5,8,1,120,0.160129,0.0893401,0.00107612
2011,5,8,1,130,0.135509,0.101548,0.00107612
2011,5,8,1,140,0.0616496,0.10234,0.00107612
2011,5,8,1,150,0.0616496,0.0950497,0.00107612
2011,5,8,1,160,0.0862696,0.0857098,0.00107612
2011,5,8,1,170,0.0124097,0.0766399,0.00107612
2011,5,8,1,180,0.0616496,0.06643,0.00107612
2011,5,8,1,190,0.0370296,0.0516356,0.00107612
2011,5,8,1,200,0.0124097,0.0336912,0.00107612
2011,5,8,1,210,0.0247197,0.0185036,0.00107612
2011,5,8,1,220,0.0124097,0.00945493,0.00107612
2011,5,8,1,230,9.97108e-05,0.00514695,0.00107612
2011,5,8,1,240,9.97108e-05,0.00301676,0.00107612
2011,5,8,1,250,9.97108e-05,0.00173054,0.00107612
2011,5,8,1,260,9.97108e-05,0.000908714,0.00107612
2011,5,8,1,270,9.97108e-05,0.000440636,0.00107612
2011,5,8,1,280,9.97108e-05,0.000220034,0.00107612
2011,5,8,1,290,9.97108e-05,0.000135433,0.00107612
2011,5,8,1,300,9.97108e-05,0.000108733,0.00107612
2011,5,8,1,310,9.97108e-05,0.000102271,0.00107612
2012,2,8,1,30,9.97108e-05,0.00775871,0.001
2012,2,8,1,40,9.97108e-05,0.00244484,0.001
2012,2,8,1,50,9.97108e-05,0.000407008,0.001
2012,2,8,1,60,0.0159268,0.00243021,0.001
2012,2,8,1,70,0.0159268,0.0114317,0.001
2012,2,8,1,80,0.0634082,0.028754,0.001
2012,2,8,1,90,0.0634082,0.0425749,0.001
2012,2,8,1,100,0.0950625,0.0509917,0.001
2012,2,8,1,110,0.0950625,0.0682643,0.001
2012,2,8,1,120,0.031754,0.0901474,0.001
2012,2,8,1,130,0.0950625,0.102551,0.001
2012,2,8,1,140,0.0792353,0.105388,0.001
2012,2,8,1,150,0.0950625,0.103564,0.001
2012,2,8,1,160,0.047581,0.096388,0.001
2012,2,8,1,170,0.11089,0.084639,0.001
2012,2,8,1,180,0.0792353,0.0706597,0.001
2012,2,8,1,190,0.0792353,0.0538874,0.001
2012,2,8,1,200,0.0159268,0.0353202,0.001
2012,2,8,1,210,0.0159268,0.0197221,0.001
2012,2,8,1,220,9.97108e-05,0.0102218,0.001
2012,2,8,1,230,9.97108e-05,0.00554385,0.001
2012,2,8,1,240,9.97108e-05,0.00318632,0.001
2012,2,8,1,250,9.97108e-05,0.0017896,0.001
2012,2,8,1,260,9.97108e-05,0.000924576,0.001
2012,2,8,1,270,9.97108e-05,0.000443321,0.001
2012,2,8,1,280,9.97108e-05,0.000219955,0.001
2012,2,8,1,290,9.97108e-05,0.000135175,0.001
2012,2,8,1,300,9.97108e-05,0.000108619,0.001
2012,2,8,1,310,9.97108e-05,0.000102224,0.001
2012,5,8,1,30,9.97108e-05,0.000416917,0.00313462
2012,5,8,1,40,9.97108e-05,0.00379725,0.00313462
2012,5,8,1,50,0.00900246,0.0138516,0.00313462
2012,5,8,1,60,0.00900246,0.0161188,0.00313462
2012,5,8,1,70,0.0490648,0.00996847,0.00313462
2012,5,8,1,80,0.0179052,0.0176923,0.00313462
2012,5,8,1,90,0.0446135,0.0374797,0.00313462
2012,5,8,1,100,0.0223566,0.0539126,0.00313462
2012,5,8,1,110,0.0535162,0.0659357,0.00313462
2012,5,8,1,120,0.0668704,0.0829858,0.00313462
2012,5,8,1,130,0.0713217,0.0991175,0.00313462
2012,5,8,1,140,0.124738,0.105069,0.00313462
2012,5,8,1,150,0.106933,0.104011,0.00313462
2012,5,8,1,160,0.0846759,0.0979619,0.00313462
2012,5,8,1,170,0.0802245,0.0867048,0.00313462
2012,5,8,1,180,0.0846759,0.0720774,0.00313462
2012,5,8,1,190,0.0757731,0.054517,0.00313462
2012,5,8,1,200,0.0312593,0.0355738,0.00313462
2012,5,8,1,210,0.0312593,0.0198859,0.00313462
2012,5,8,1,220,0.0179052,0.0103536,0.00313462
2012,5,8,1,230,9.97108e-05,0.00562427,0.00313462
2012,5,8,1,240,0.0134538,0.00321799,0.00313462
2012,5,8,1,250,9.97108e-05,0.00179565,0.00313462
2012,5,8,1,260,0.0045511,0.000923311,0.00313462
2012,5,8,1,270,9.97108e-05,0.000441876,0.00313462
2012,5,8,1,280,9.97108e-05,0.000219384,0.00313462
2012,5,8,1,290,9.97108e-05,0.000135046,0.00313462
2012,5,8,1,300,9.97108e-05,0.000108608,0.00313462
2012,5,8,1,310,9.97108e-05,0.000102233,0.00313462
2012,8,8,1,30,9.97108e-05,0.000131438,0.00489176
2012,8,8,1,40,9.97108e-05,0.000758929,0.00489176
2012,8,8,1,50,0.0121301,0.00573802,0.00489176
2012,8,8,1,60,0.0134872,0.018891,0.00489176
2012,8,8,1,70,0.0620213,0.0259157,0.00489176
2012,8,8,1,80,0.168112,0.0213093,0.00489176
2012,8,8,1,90,0.0808921,0.0280727,0.00489176
2012,8,8,1,100,0.0391984,0.0484034,0.00489176
2012,8,8,1,110,0.042206,0.0663237,0.00489176
2012,8,8,1,120,0.0391984,0.0802438,0.00489176
2012,8,8,1,130,0.0654415,0.0948551,0.00489176
2012,8,8,1,140,0.100707,0.10401,0.00489176
2012,8,8,1,150,0.0452136,0.105194,0.00489176
2012,8,8,1,160,0.0774718,0.10019,0.00489176
2012,8,8,1,170,0.0903275,0.0894964,0.00489176
2012,8,8,1,180,0.0752895,0.0744537,0.00489176
2012,8,8,1,190,0.0387858,0.0559793,0.00489176
2012,8,8,1,200,0.0151377,0.0363282,0.00489176
2012,8,8,1,210,0.0211529,0.020284,0.00489176
2012,8,8,1,220,0.00912249,0.0105944,0.00489176
2012,8,8,1,230,0.00310731,0.00576824,0.00489176
2012,8,8,1,240,9.97108e-05,0.00328982,0.00489176
2012,8,8,1,250,9.97108e-05,0.00182438,0.00489176
2012,8,8,1,260,9.97108e-05,0.000932908,0.00489176
2012,8,8,1,270,9.97108e-05,0.000444802,0.00489176
2012,8,8,1,280,9.97108e-05,0.000220287,0.00489176
2012,8,8,1,290,9.97108e-05,0.000135337,0.00489176
2012,8,8,1,300,9.97108e-05,0.0001087,0.00489176
2012,8,8,1,310,9.97108e-05,0.000102269,0.00489176
2012,11,8,1,30,9.97108e-05,0.000103203,0.0078599
2012,11,8,1,40,9.97108e-05,0.000200388,0.0078599
2012,11,8,1,50,0.00238497,0.00149825,0.0078599
2012,11,8,1,60,0.0072179,0.0089337,0.0078599
2012,11,8,1,70,0.0143068,0.0256285,0.0078599
2012,11,8,1,80,0.0451523,0.0365569,0.0078599
2012,11,8,1,90,0.0474957,0.0351103,0.0078599
2012,11,8,1,100,0.0402896,0.0420128,0.0078599
2012,11,8,1,110,0.0353981,0.0610543,0.0078599
2012,11,8,1,120,0.0544087,0.0785388,0.0078599
2012,11,8,1,130,0.0757051,0.091838,0.0078599
2012,11,8,1,140,0.130044,0.10162,0.0078599
2012,11,8,1,150,0.103798,0.105501,0.0078599
2012,11,8,1,160,0.099258,0.102233,0.0078599
2012,11,8,1,170,0.0898834,0.0922652,0.0078599
2012,11,8,1,180,0.0994324,0.0770646,0.0078599
2012,11,8,1,190,0.0521239,0.0577768,0.0078599
2012,11,8,1,200,0.0592128,0.0373036,0.0078599
2012,11,8,1,210,0.0190229,0.0207705,0.0078599
2012,11,8,1,220,0.0119634,0.010864,0.0078599
2012,11,8,1,230,0.00718859,0.00592837,0.0078599
2012,11,8,1,240,0.00247244,0.00337412,0.0078599
2012,11,8,1,250,0.00244314,0.00186073,0.0078599
2012,11,8,1,260,9.97108e-05,0.000946046,0.0078599
2012,11,8,1,270,9.97108e-05,0.000449044,0.0078599
2012,11,8,1,280,9.97108e-05,0.000221593,0.0078599
2012,11,8,1,290,9.97108e-05,0.000135731,0.0078599
2012,11,8,1,300,9.97108e-05,0.000108813,0.0078599
2012,11,8,1,310,9.97108e-05,0.000102311,0.0078599
2013,2,8,1,30,9.97108e-05,0.00671948,0.001
2013,2,8,1,40,9.97108e-05,0.00213096,0.001
2013,2,8,1,50,9.97108e-05,0.00044869,0.001
2013,2,8,1,60,9.97108e-05,0.0029162,0.001
2013,2,8,1,70,9.97108e-05,0.0137422,0.001
2013,2,8,1,80,0.0541356,0.0341027,0.001
2013,2,8,1,90,0.0811536,0.0478291,0.001
2013,2,8,1,100,0.0271177,0.0494942,0.001
2013,2,8,1,110,0.104425,0.0570541,0.001
2013,2,8,1,120,0.0387535,0.0736838,0.001
2013,2,8,1,130,0.0503893,0.0886801,0.001
2013,2,8,1,140,0.131443,0.0986041,0.001
2013,2,8,1,150,0.139333,0.104197,0.001
2013,2,8,1,160,0.0811536,0.103168,0.001
2013,2,8,1,170,0.0620251,0.0943983,0.001
2013,2,8,1,180,0.0387535,0.0793492,0.001
2013,2,8,1,190,0.0811536,0.0594871,0.001
2013,2,8,1,200,9.97108e-05,0.0382636,0.001
2013,2,8,1,210,0.0117355,0.0212304,0.001
2013,2,8,1,220,0.0117355,0.0111043,0.001
2013,2,8,1,230,0.0620251,0.00607328,0.001
2013,2,8,1,240,9.97108e-05,0.00345413,0.001
2013,2,8,1,250,0.0117355,0.0018952,0.001
2013,2,8,1,260,9.97108e-05,0.000956502,0.001
2013,2,8,1,270,9.97108e-05,0.000450549,0.001
2013,2,8,1,280,9.97108e-05,0.00022107,0.001
2013,2,8,1,290,9.97108e-05,0.000135239,0.001
2013,2,8,1,300,9.97108e-05,0.000108595,0.001
2013,2,8,1,310,0.0117355,0.000102211,0.001
2013,8,8,1,30,9.97108e-05,0.000127197,0.00283209
2013,8,8,1,40,9.97108e-05,0.000670866,0.00283209
2013,8,8,1,50,9.97108e-05,0.00498712,0.00283209
2013,8,8,1,60,9.97108e-05,0.0164314,0.00283209
2013,8,8,1,70,0.0255135,0.0229657,0.00283209
2013,8,8,1,80,0.00518249,0.0211269,0.00283209
2013,8,8,1,90,0.0351471,0.0322819,0.00283209
2013,8,8,1,100,0.105774,0.0554508,0.00283209
2013,8,8,1,110,0.100159,0.0700273,0.00283209
2013,8,8,1,120,0.145372,0.0745968,0.00283209
2013,8,8,1,130,0.0792962,0.0815398,0.00283209
2013,8,8,1,140,0.0351471,0.0909894,0.00283209
2013,8,8,1,150,0.060029,0.0986611,0.00283209
2013,8,8,1,160,0.0701946,0.101435,0.00283209
2013,8,8,1,170,0.0950765,0.0962033,0.00283209
2013,8,8,1,180,0.0910576,0.0826277,0.00283209
2013,8,8,1,190,0.0651118,0.0623962,0.00283209
2013,8,8,1,200,0.0204308,0.0400537,0.00283209
2013,8,8,1,210,0.0346152,0.0220937,0.00283209
2013,8,8,1,220,9.97108e-05,0.0115127,0.00283209
2013,8,8,1,230,0.0102653,0.00629931,0.00283209
2013,8,8,1,240,0.015348,0.00357638,0.00283209
2013,8,8,1,250,9.97108e-05,0.00194799,0.00283209
2013,8,8,1,260,0.00518249,0.000973957,0.00283209
2013,8,8,1,270,9.97108e-05,0.000455283,0.00283209
2013,8,8,1,280,9.97108e-05,0.000222326,0.00283209
2013,8,8,1,290,9.97108e-05,0.000135623,0.00283209
2013,8,8,1,300,9.97108e-05,0.000108722,0.00283209
2013,8,8,1,310,9.97108e-05,0.000102266,0.00283209
2013,11,8,1,30,9.97108e-05,0.000102744,0.001
2013,11,8,1,40,9.97108e-05,0.000187162,0.001
2013,11,8,1,50,9.97108e-05,0.00131492,0.001
2013,11,8,1,60,0.0145506,0.0077847,0.001
2013,11,8,1,70,0.0579031,0.0224247,0.001
2013,11,8,1,80,0.0290014,0.0328294,0.001
2013,11,8,1,90,0.072354,0.0348636,0.001
2013,11,8,1,100,0.0434523,0.0470179,0.001
2013,11,8,1,110,0.115706,0.0679165,0.001
2013,11,8,1,120,0.159059,0.0799351,0.001
2013,11,8,1,130,0.101256,0.083914,0.001
2013,11,8,1,140,0.072354,0.0890844,0.001
2013,11,8,1,150,0.0434523,0.096232,0.001
2013,11,8,1,160,0.0434523,0.100402,0.001
2013,11,8,1,170,0.072354,0.0969846,0.001
2013,11,8,1,180,0.0434523,0.0845248,0.001
2013,11,8,1,190,0.0579031,0.0643104,0.001
2013,11,8,1,200,0.0290014,0.041363,0.001
2013,11,8,1,210,0.0145506,0.0227875,0.001
2013,11,8,1,220,0.0145506,0.0118487,0.001
2013,11,8,1,230,9.97108e-05,0.00647686,0.001
2013,11,8,1,240,9.97108e-05,0.00367376,0.001
2013,11,8,1,250,9.97108e-05,0.00199509,0.001
2013,11,8,1,260,9.97108e-05,0.000992865,0.001
2013,11,8,1,270,9.97108e-05,0.000461733,0.001
2013,11,8,1,280,9.97108e-05,0.000224297,0.001
2013,11,8,1,290,0.0145506,0.000136186,0.001
2013,11,8,1,300,9.97108e-05,0.000108872,0.001
2013,11,8,1,310,9.97108e-05,0.000102317,0.001
2014,2,8,1,30,9.97108e-05,0.00278721,0.00141263
2014,2,8,1,40,9.97108e-05,0.000931491,0.00141263
2014,2,8,1,50,9.97108e-05,0.000378981,0.00141263
2014,2,8,1,60,9.97108e-05,0.00257281,0.00141263
2014,2,8,1,70,0.0156795,0.0121091,0.00141263
2014,2,8,1,80,0.0546291,0.0303103,0.00141263
2014,2,8,1,90,0.0390492,0.0440121,0.00141263
2014,2,8,1,100,0.0468392,0.0500089,0.00141263
2014,2,8,1,110,0.0702089,0.0629076,0.00141263
2014,2,8,1,120,0.132528,0.0796056,0.00141263
2014,2,8,1,130,0.124738,0.0875715,0.00141263
2014,2,8,1,140,0.109158,0.0899333,0.00141263
2014,2,8,1,150,0.0390492,0.094602,0.00141263
2014,2,8,1,160,0.0702089,0.0991827,0.00141263
2014,2,8,1,170,0.0857887,0.0974051,0.00141263
2014,2,8,1,180,0.0935786,0.0862336,0.00141263
2014,2,8,1,190,0.0546291,0.0662546,0.00141263
2014,2,8,1,200,0.0312593,0.0427839,0.00141263
2014,2,8,1,210,0.00788963,0.0235774,0.00141263
2014,2,8,1,220,0.0156795,0.0122435,0.00141263
2014,2,8,1,230,0.00788963,0.00668839,0.00141263
2014,2,8,1,240,9.97108e-05,0.003792,0.00141263
2014,2,8,1,250,9.97108e-05,0.00205321,0.00141263
2014,2,8,1,260,9.97108e-05,0.00101509,0.00141263
2014,2,8,1,270,9.97108e-05,0.00046767,0.00141263
2014,2,8,1,280,9.97108e-05,0.000225049,0.00141263
2014,2,8,1,290,9.97108e-05,0.000135975,0.00141263
2014,2,8,1,300,9.97108e-05,0.000108699,0.00141263
2014,2,8,1,310,9.97108e-05,0.00010222,0.00141263
2014,5,8,1,30,9.97108e-05,0.000213468,0.001
2014,5,8,1,40,9.97108e-05,0.00142676,0.001
2014,5,8,1,50,9.97108e-05,0.00506441,0.001
2014,5,8,1,60,0.0161821,0.00629374,0.001
2014,5,8,1,70,0.0322644,0.00681719,0.001
2014,5,8,1,80,0.0805117,0.0186195,0.001
2014,5,8,1,90,0.0644293,0.0401256,0.001
2014,5,8,1,100,0.0483469,0.0562839,0.001
2014,5,8,1,110,0.0644293,0.0652157,0.001
2014,5,8,1,120,0.0161821,0.077354,0.001
2014,5,8,1,130,0.128759,0.0885246,0.001
2014,5,8,1,140,0.0805117,0.092091,0.001
2014,5,8,1,150,0.0644293,0.0944515,0.001
2014,5,8,1,160,0.0483469,0.0981121,0.001
2014,5,8,1,170,0.096594,0.0974358,0.001
2014,5,8,1,180,0.128759,0.0876033,0.001
2014,5,8,1,190,0.0322644,0.0680712,0.001
2014,5,8,1,200,0.0644293,0.0442136,0.001
2014,5,8,1,210,9.97108e-05,0.0244071,0.001
2014,5,8,1,220,0.0161821,0.0126618,0.001
2014,5,8,1,230,0.0161821,0.00690423,0.001
2014,5,8,1,240,9.97108e-05,0.00390773,0.001
2014,5,8,1,250,9.97108e-05,0.00211044,0.001
2014,5,8,1,260,9.97108e-05,0.00103925,0.001
2014,5,8,1,270,9.97108e-05,0.000476356,0.001
2014,5,8,1,280,9.97108e-05,0.000227798,0.001
2014,5,8,1,290,9.97108e-05,0.000136766,0.001
2014,5,8,1,300,9.97108e-05,0.000108908,0.001
2014,5,8,1,310,9.97108e-05,0.000102287,0.001
2010,11,10,2,30,9.97108e-05,0.000105233,0.001
2010,11,10,2,40,9.97108e-05,0.000258914,0.001
2010,11,10,2,50,9.97108e-05,0.00231143,0.001
2010,11,10,2,60,0.00924756,0.0140739,0.001
2010,11,10,2,70,0.0366908,0.0405293,0.001
2010,11,10,2,80,0.0275431,0.0581647,0.001
2010,11,10,2,90,0.0183953,0.0570383,0.001
2010,11,10,2,100,0.00924756,0.0693464,0.001
2010,11,10,2,110,0.0183953,0.0968304,0.001
2010,11,10,2,120,0.0366908,0.111779,0.001
2010,11,10,2,130,0.0915775,0.109593,0.001
2010,11,10,2,140,0.183055,0.0989622,0.001
2010,11,10,2,150,0.119021,0.0847235,0.001
2010,11,10,2,160,0.119021,0.0712702,0.001
2010,11,10,2,170,0.0824298,0.060214,0.001
2010,11,10,2,180,0.0458387,0.0483849,0.001
2010,11,10,2,190,0.0549864,0.0341584,0.001
2010,11,10,2,200,0.0458387,0.0204034,0.001
2010,11,10,2,210,0.00924756,0.0105118,0.001
2010,11,10,2,220,0.0458387,0.00513319,0.001
2010,11,10,2,230,0.00924756,0.00267794,0.001
2010,11,10,2,240,0.0183953,0.00150915,0.001
2010,11,10,2,250,0.0183953,0.000849432,0.001
2010,11,10,2,260,9.97108e-05,0.000457096,0.001
2010,11,10,2,270,9.97108e-05,0.000245766,0.001
2010,11,10,2,280,9.97108e-05,0.000150064,0.001
2010,11,10,2,290,9.97108e-05,0.000114396,0.001
2010,11,10,2,300,9.97108e-05,0.00010337,0.001
2010,11,10,2,310,9.97108e-05,0.000100738,0.001
2011,8,10,2,30,9.97108e-05,0.000137627,0.001
2011,8,10,2,40,9.97108e-05,0.000887617,0.001
2011,8,10,2,50,9.97108e-05,0.00684198,0.001
2011,8,10,2,60,0.00409797,0.0226311,0.001
2011,8,10,2,70,9.97108e-05,0.0316611,0.001
2011,8,10,2,80,9.97108e-05,0.0292104,0.001
2011,8,10,2,90,0.0256643,0.0448809,0.001
2011,8,10,2,100,0.0761438,0.0774823,0.001
2011,8,10,2,110,0.144544,0.0985333,0.001
2011,8,10,2,120,0.0998751,0.104584,0.001
2011,8,10,2,130,0.0475062,0.108491,0.001
2011,8,10,2,140,0.082307,0.106795,0.001
2011,8,10,2,150,0.111594,0.095985,0.001
2011,8,10,2,160,0.0690727,0.080255,0.001
2011,8,10,2,170,0.0761825,0.0640227,0.001
2011,8,10,2,180,0.0934151,0.0490525,0.001
2011,8,10,2,190,0.0355116,0.0345494,0.001
2011,8,10,2,200,0.0139451,0.0211099,0.001
2011,8,10,2,210,0.0188687,0.0111154,0.001
2011,8,10,2,220,0.0290515,0.00545669,0.001
2011,8,10,2,230,0.0321244,0.00279523,0.001
2011,8,10,2,240,0.0315133,0.0015295,0.001
2011,8,10,2,250,9.97108e-05,0.00084049,0.001
2011,8,10,2,260,0.00502332,0.000446549,0.001
2011,8,10,2,270,9.97108e-05,0.000239869,0.001
2011,8,10,2,280,9.97108e-05,0.000147702,0.001
2011,8,10,2,290,0.00256152,0.00011365,0.001
2011,8,10,2,300,9.97108e-05,0.000103176,0.001
2011,8,10,2,310,9.97108e-05,0.000100682,0.001
2011,11,10,2,30,9.97108e-05,0.000103763,0.001
2011,11,10,2,40,9.97108e-05,0.000216566,0.001
2011,11,10,2,50,9.97108e-05,0.00172357,0.001
2011,11,10,2,60,9.97108e-05,0.0103694,0.001
2011,11,10,2,70,0.00695657,0.0299371,0.001
2011,11,10,2,80,9.97108e-05,0.0438751,0.001
2011,11,10,2,90,0.00245462,0.0467453,0.001
2011,11,10,2,100,0.024983,0.0634097,0.001
2011,11,10,2,110,0.027405,0.092106,0.001
2011,11,10,2,120,0.0505353,0.108618,0.001
2011,11,10,2,130,0.0831965,0.111258,0.001
2011,11,10,2,140,0.152213,0.108121,0.001
2011,11,10,2,150,0.155478,0.099415,0.001
2011,11,10,2,160,0.0956756,0.0846628,0.001
2011,11,10,2,170,0.131443,0.0674495,0.001
2011,11,10,2,180,0.0905746,0.0510221,0.001
2011,11,10,2,190,0.0669526,0.035569,0.001
2011,11,10,2,200,0.0455397,0.0217114,0.001
2011,11,10,2,210,0.0141129,0.0115009,0.001
2011,11,10,2,220,0.0200544,0.00568157,0.001
2011,11,10,2,230,0.021086,0.00290732,0.001
2011,11,10,2,240,0.0065595,0.00157744,0.001
2011,11,10,2,250,9.97108e-05,0.000858557,0.001
2011,11,10,2,260,9.97108e-05,0.000452759,0.001
2011,11,10,2,270,0.00215216,0.000241882,0.001
2011,11,10,2,280,9.97108e-05,0.000148331,0.001
2011,11,10,2,290,0.0016309,0.000113839,0.001
2011,11,10,2,300,9.97108e-05,0.000103229,0.001
2011,11,10,2,310,9.97108e-05,0.0001007,0.001
2012,2,10,2,30,9.97108e-05,0.0122011,0.001
2012,2,10,2,40,9.97108e-05,0.00380237,0.001
2012,2,10,2,50,9.97108e-05,0.000533548,0.001
2012,2,10,2,60,0.0143585,0.00328127,0.001
2012,2,10,2,70,0.0144773,0.0155492,0.001
2012,2,10,2,80,0.00718627,0.0389719,0.001
2012,2,10,2,90,0.0100122,0.0566559,0.001
2012,2,10,2,100,0.0105179,0.0645904,0.001
2012,2,10,2,110,0.0151466,0.0817001,0.001
2012,2,10,2,120,0.0409946,0.103772,0.001
2012,2,10,2,130,0.0937917,0.113016,0.001
2012,2,10,2,140,0.098142,0.109757,0.001
2012,2,10,2,150,0.142164,0.101387,0.001
2012,2,10,2,160,0.139465,0.0879639,0.001
2012,2,10,2,170,0.0984279,0.0706139,0.001
2012,2,10,2,180,0.0962451,0.0530342,0.001
2012,2,10,2,190,0.0815738,0.0365879,0.001
2012,2,10,2,200,0.0633878,0.0222299,0.001
2012,2,10,2,210,0.0317735,0.0118093,0.001
2012,2,10,2,220,0.0208725,0.00587094,0.001
2012,2,10,2,230,0.00631246,0.00300909,0.001
2012,2,10,2,240,0.0103355,0.00162264,0.001
2012,2,10,2,250,0.00217063,0.000874985,0.001
2012,2,10,2,260,0.000973519,0.000457412,0.001
2012,2,10,2,270,0.000973519,0.000242673,0.001
2012,2,10,2,280,9.97108e-05,0.000148236,0.001
2012,2,10,2,290,9.97108e-05,0.000113697,0.001
2012,2,10,2,300,9.97108e-05,0.000103162,0.001
2012,2,10,2,310,9.97108e-05,0.000100669,0.001
2012,5,10,2,30,9.97108e-05,0.000582711,0.001
2012,5,10,2,40,9.97108e-05,0.00572956,0.001
2012,5,10,2,50,9.97108e-05,0.0210301,0.001
2012,5,10,2,60,9.97108e-05,0.0243657,0.001
2012,5,10,2,70,9.97108e-05,0.01423,0.001
2012,5,10,2,80,0.0137462,0.0233714,0.001
2012,5,10,2,90,0.00594347,0.0488491,0.001
2012,5,10,2,100,0.00310801,0.0685656,0.001
2012,5,10,2,110,0.0745918,0.0797235,0.001
2012,5,10,2,120,0.124126,0.094981,0.001
2012,5,10,2,130,0.101075,0.108378,0.001
2012,5,10,2,140,0.155019,0.109092,0.001
2012,5,10,2,150,0.194016,0.101475,0.001
2012,5,10,2,160,0.138695,0.0890506,0.001
2012,5,10,2,170,0.0672126,0.0723099,0.001
2012,5,10,2,180,0.02576,0.0542522,0.001
2012,5,10,2,190,0.0522578,0.0371003,0.001
2012,5,10,2,200,0.00489412,0.022383,0.001
2012,5,10,2,210,0.023801,0.0118815,0.001
2012,5,10,2,220,0.00550521,0.00593212,0.001
2012,5,10,2,230,0.00310801,0.00304677,0.001
2012,5,10,2,240,0.00249692,0.00163493,0.001
2012,5,10,2,250,0.00354627,0.000874748,0.001
2012,5,10,2,260,9.97108e-05,0.000454788,0.001
2012,5,10,2,270,9.97108e-05,0.000241036,0.001
2012,5,10,2,280,9.97108e-05,0.000147608,0.001
2012,5,10,2,290,9.97108e-05,0.000113523,0.001
2012,5,10,2,300,9.97108e-05,0.000103126,0.001
2012,5,10,2,310,9.97108e-05,0.000100663,0.001
2012,8,10,2,30,9.97108e-05,0.000146545,0.001
2012,8,10,2,40,9.97108e-05,0.00107279,0.001
2012,8,10,2,50,0.0128282,0.00842127,0.001
2012,8,10,2,60,0.0198842,0.0278095,0.001
2012,8,10,2,70,0.0326553,0.0379248,0.001
2012,8,10,2,80,0.0172522,0.0298651,0.001
2012,8,10,2,90,0.0406545,0.0364039,0.001
2012,8,10,2,100,0.0490307,0.0609226,0.001
2012,8,10,2,110,0.0642696,0.080819,0.001
2012,8,10,2,120,0.143943,0.0927764,0.001
2012,8,10,2,130,0.131836,0.103773,0.001
2012,8,10,2,140,0.101553,0.107979,0.001
2012,8,10,2,150,0.0889479,0.102849,0.001
2012,8,10,2,160,0.0879985,0.0912717,0.001
2012,8,10,2,170,0.0433804,0.0749357,0.001
2012,8,10,2,180,0.0559576,0.0564575,0.001
2012,8,10,2,190,0.0298369,0.0384177,0.001
2012,8,10,2,200,0.0221992,0.0230132,0.001
2012,8,10,2,210,0.0270184,0.0121767,0.001
2012,8,10,2,220,0.0122847,0.00609308,0.001
2012,8,10,2,230,0.00452369,0.00313686,0.001
2012,8,10,2,240,0.0066549,0.00167721,0.001
2012,8,10,2,250,0.00436213,0.000890311,0.001
2012,8,10,2,260,9.97108e-05,0.000459375,0.001
2012,8,10,2,270,9.97108e-05,0.000242206,0.001
2012,8,10,2,280,9.97108e-05,0.000147906,0.001
2012,8,10,2,290,9.97108e-05,0.000113609,0.001
2012,8,10,2,300,9.97108e-05,0.000103153,0.001
2012,8,10,2,310,0.00223091,0.000100674,0.001
2012,11,10,2,30,0.000755364,0.000104718,0.001
2012,11,10,2,40,0.00306026,0.000244065,0.001
2012,11,10,2,50,0.0167466,0.00210483,0.001
2012,11,10,2,60,0.0455823,0.0127604,0.001
2012,11,10,2,70,0.0536557,0.0366228,0.001
2012,11,10,2,80,0.00977842,0.0517816,0.001
2012,11,10,2,90,0.0116771,0.0477503,0.001
2012,11,10,2,100,0.0370836,0.053227,0.001
2012,11,10,2,110,0.0373089,0.074083,0.001
2012,11,10,2,120,0.0661068,0.0914002,0.001
2012,11,10,2,130,0.118917,0.101121,0.001
2012,11,10,2,140,0.0945879,0.105624,0.001
2012,11,10,2,150,0.0885149,0.103312,0.001
2012,11,10,2,160,0.0993363,0.09343,0.001
2012,11,10,2,170,0.0883613,0.07763,0.001
2012,11,10,2,180,0.070176,0.0589086,0.001
2012,11,10,2,190,0.047469,0.0400655,0.001
2012,11,10,2,200,0.0450469,0.023875,0.001
2012,11,10,2,210,0.0347312,0.0125803,0.001
2012,11,10,2,220,0.0132103,0.00629819,0.001
2012,11,10,2,230,0.00969793,0.00325006,0.001
2012,11,10,2,240,0.00458674,0.00173395,0.001
2012,11,10,2,250,0.000755364,0.000913914,0.001
2012,11,10,2,260,0.0016752,0.000467631,0.001
2012,11,10,2,270,9.97108e-05,0.000244766,0.001
2012,11,10,2,280,9.97108e-05,0.000148649,0.001
2012,11,10,2,290,0.000780126,0.000113816,0.001
2012,11,10,2,300,9.97108e-05,0.000103208,0.001
2012,11,10,2,310,9.97108e-05,0.000100692,0.001
2013,2,10,2,30,9.97108e-05,0.0107662,0.001
2013,2,10,2,40,9.97108e-05,0.00336937,0.001
2013,2,10,2,50,9.97108e-05,0.000597832,0.001
2013,2,10,2,60,0.00524375,0.0040176,0.001
2013,2,10,2,70,9.97108e-05,0.0190607,0.001
2013,2,10,2,80,9.97108e-05,0.047204,0.001
2013,2,10,2,90,9.97108e-05,0.0653546,0.001
2013,2,10,2,100,0.00524375,0.0647919,0.001
2013,2,10,2,110,0.00524375,0.0698124,0.001
2013,2,10,2,120,0.0143925,0.0855485,0.001
2013,2,10,2,130,0.0326899,0.0978391,0.001
2013,2,10,2,140,0.0235412,0.10254,0.001
2013,2,10,2,150,0.1316,0.10182,0.001
2013,2,10,2,160,0.151037,0.0941671,0.001
2013,2,10,2,170,0.177343,0.0794768,0.001
2013,2,10,2,180,0.109298,0.0608529,0.001
2013,2,10,2,190,0.16419,0.0414907,0.001
2013,2,10,2,200,0.0795728,0.0246501,0.001
2013,2,10,2,210,0.0326899,0.0129318,0.001
2013,2,10,2,220,0.0143925,0.00646584,0.001
2013,2,10,2,230,0.0418386,0.00334222,0.001
2013,2,10,2,240,0.00524375,0.00178149,0.001
2013,2,10,2,250,0.00524375,0.000933403,0.001
2013,2,10,2,260,9.97108e-05,0.000473485,0.001
2013,2,10,2,270,9.97108e-05,0.000245815,0.001
2013,2,10,2,280,9.97108e-05,0.000148576,0.001
2013,2,10,2,290,9.97108e-05,0.000113668,0.001
2013,2,10,2,300,9.97108e-05,0.000103137,0.001
2013,2,10,2,310,9.97108e-05,0.000100659,0.001
2013,5,10,2,30,0.00803554,0.000524943,0.001
2013,5,10,2,40,9.97108e-05,0.00505688,0.001
2013,5,10,2,50,0.0120922,0.0185478,0.001
2013,5,10,2,60,0.0141205,0.02175,0.001
2013,5,10,2,70,9.97108e-05,0.0145532,0.001
2013,5,10,2,80,0.0168622,0.0281571,0.001
2013,5,10,2,90,0.0354501,0.0583765,0.001
2013,5,10,2,100,0.0358068,0.0769449,0.001
2013,5,10,2,110,0.0307047,0.0781282,0.001
2013,5,10,2,120,0.0476209,0.082049,0.001
2013,5,10,2,130,0.0951412,0.0919319,0.001
2013,5,10,2,140,0.17748,0.0977985,0.001
2013,5,10,2,150,0.161337,0.0982238,0.001
2013,5,10,2,160,0.0965434,0.0925786,0.001
2013,5,10,2,170,0.121396,0.0795967,0.001
2013,5,10,2,180,0.0454143,0.0616369,0.001
2013,5,10,2,190,0.00230639,0.0422099,0.001
2013,5,10,2,200,0.0120922,0.025049,0.001
2013,5,10,2,210,0.00415635,0.013086,0.001
2013,5,10,2,220,0.0488439,0.00652118,0.001
2013,5,10,2,230,0.00803554,0.00336865,0.001
2013,5,10,2,240,0.0234577,0.00179305,0.001
2013,5,10,2,250,0.00230639,0.000935285,0.001
2013,5,10,2,260,9.97108e-05,0.000472031,0.001
2013,5,10,2,270,9.97108e-05,0.000244512,0.001
2013,5,10,2,280,9.97108e-05,0.000148006,0.001
2013,5,10,2,290,9.97108e-05,0.000113498,0.001
2013,5,10,2,300,9.97108e-05,0.000103099,0.001
2013,5,10,2,310,9.97108e-05,0.000100652,0.001
2013,8,10,2,30,9.97108e-05,0.000140892,0.001
2013,8,10,2,40,9.97108e-05,0.000955417,0.001
2013,8,10,2,50,0.00566012,0.0074205,0.001
2013,8,10,2,60,0.0200413,0.024533,0.001
2013,8,10,2,70,0.0479803,0.0340105,0.001
2013,8,10,2,80,0.0191678,0.0297219,0.001
2013,8,10,2,90,0.0330891,0.0423693,0.001
2013,8,10,2,100,0.0428585,0.0712227,0.001
2013,8,10,2,110,0.0459562,0.0876707,0.001
2013,8,10,2,120,0.073443,0.088598,0.001
2013,8,10,2,130,0.0832967,0.0903864,0.001
2013,8,10,2,140,0.130038,0.0944482,0.001
2013,8,10,2,150,0.113697,0.0958623,0.001
2013,8,10,2,160,0.0906362,0.0918193,0.001
2013,8,10,2,170,0.0904426,0.080459,0.001
2013,8,10,2,180,0.0443075,0.0632128,0.001
2013,8,10,2,190,0.0427594,0.0436029,0.001
2013,8,10,2,200,0.0428065,0.0259125,0.001
2013,8,10,2,210,0.0243763,0.0135045,0.001
2013,8,10,2,220,0.0134358,0.00670722,0.001
2013,8,10,2,230,0.0145229,0.00345903,0.001
2013,8,10,2,240,0.0111592,0.00183796,0.001
2013,8,10,2,250,0.0095278,0.000954328,0.001
2013,8,10,2,260,9.97108e-05,0.00047844,0.001
2013,8,10,2,270,9.97108e-05,0.000246271,0.001
2013,8,10,2,280,9.97108e-05,0.00014844,0.001
2013,8,10,2,290,9.97108e-05,0.000113607,0.001
2013,8,10,2,300,9.97108e-05,0.000103129,0.001
2013,8,10,2,310,9.97108e-05,0.000100663,0.001
2013,11,10,2,30,0.00148924,0.000104126,0.001
2013,11,10,2,40,0.00125848,0.000227026,0.001
2013,11,10,2,50,0.0148938,0.00186866,0.001
2013,11,10,2,60,0.0204381,0.0112806,0.001
2013,11,10,2,70,0.032579,0.0325007,0.001
2013,11,10,2,80,0.0172361,0.0470193,0.001
2013,11,10,2,90,0.0107471,0.0476141,0.001
2013,11,10,2,100,0.033914,0.0602309,0.001
2013,11,10,2,110,0.04061,0.0842101,0.001
2013,11,10,2,120,0.0711846,0.0956252,0.001
2013,11,10,2,130,0.0744628,0.0945,0.001
2013,11,10,2,140,0.122748,0.0932429,0.001
2013,11,10,2,150,0.0944591,0.0937512,0.001
2013,11,10,2,160,0.132775,0.090941,0.001
2013,11,10,2,170,0.0822592,0.081158,0.001
2013,11,10,2,180,0.0683716,0.0648373,0.001
2013,11,10,2,190,0.0310604,0.0451949,0.001
2013,11,10,2,200,0.044591,0.0269768,0.001
2013,11,10,2,210,0.0361118,0.0140614,0.001
2013,11,10,2,220,0.0327263,0.00697025,0.001
2013,11,10,2,230,0.0165028,0.0035892,0.001
2013,11,10,2,240,0.0101266,0.00190415,0.001
2013,11,10,2,250,0.00441493,0.000984613,0.001
2013,11,10,2,260,0.00326387,0.000490102,0.001
2013,11,10,2,270,0.00137724,0.000250088,0.001
2013,11,10,2,280,9.97108e-05,0.000149546,0.001
2013,11,10,2,290,9.97108e-05,0.000113903,0.001
2013,11,10,2,300,9.97108e-05,0.000103203,0.001
2013,11,10,2,310,9.97108e-05,0.000100686,0.001
2014,2,10,2,30,9.97108e-05,0.00451145,0.001
2014,2,10,2,40,9.97108e-05,0.00146215,0.001
2014,2,10,2,50,0.0108372,0.00050045,0.001
2014,2,10,2,60,0.0537874,0.00360107,0.001
2014,2,10,2,70,0.0108372,0.017082,0.001
2014,2,10,2,80,0.0108372,0.0426295,0.001
2014,2,10,2,90,0.0158555,0.0608731,0.001
2014,2,10,2,100,0.0442464,0.0659401,0.001
2014,2,10,2,110,0.0335089,0.0781517,0.001
2014,2,10,2,120,0.0293498,0.0948994,0.001
2014,2,10,2,130,0.111924,0.0995287,0.001
2014,2,10,2,140,0.103448,0.0953739,0.001
2014,2,10,2,150,0.0535817,0.0927682,0.001
2014,2,10,2,160,0.0677772,0.0900139,0.001
2014,2,10,2,170,0.103606,0.0815741,0.001
2014,2,10,2,180,0.0726373,0.0662853,0.001
2014,2,10,2,190,0.0911499,0.0467827,0.001
2014,2,10,2,200,0.034368,0.028108,0.001
2014,2,10,2,210,0.0426861,0.0146799,0.001
2014,2,10,2,220,0.0741976,0.00727035,0.001
2014,2,10,2,230,0.0151543,0.00373845,0.001
2014,2,10,2,240,0.00511794,0.00198036,0.001
2014,2,10,2,250,9.97108e-05,0.00101981,0.001
2014,2,10,2,260,9.97108e-05,0.000503338,0.001
2014,2,10,2,270,9.97108e-05,0.000253866,0.001
2014,2,10,2,280,0.0142952,0.000150269,0.001
2014,2,10,2,290,9.97108e-05,0.00011394,0.001
2014,2,10,2,300,9.97108e-05,0.000103167,0.001
2014,2,10,2,310,9.97108e-05,0.000100658,0.001
2014,5,10,2,30,9.97108e-05,0.000280615,0.001
2014,5,10,2,40,9.97108e-05,0.00220976,0.001
2014,5,10,2,50,0.00795909,0.00798437,0.001
2014,5,10,2,60,0.0236779,0.00980554,0.001
2014,5,10,2,70,0.00182498,0.00975549,0.001
2014,5,10,2,80,0.0131348,0.0255429,0.001
2014,5,10,2,90,0.0035502,0.0545717,0.001
2014,5,10,2,100,0.0165853,0.0748541,0.001
2014,5,10,2,110,0.0436581,0.0825734,0.001
2014,5,10,2,120,0.10292,0.0924957,0.001
2014,5,10,2,130,0.131762,0.100757,0.001
2014,5,10,2,140,0.129049,0.0986725,0.001
2014,5,10,2,150,0.133429,0.0935727,0.001
2014,5,10,2,160,0.135169,0.0894194,0.001
2014,5,10,2,170,0.0733704,0.0816714,0.001
2014,5,10,2,180,0.0786048,0.0673911,0.001
2014,5,10,2,190,0.0210236,0.0481879,0.001
2014,5,10,2,200,0.0175584,0.0291812,0.001
2014,5,10,2,210,0.0175437,0.0152872,0.001
2014,5,10,2,220,0.028883,0.0075652,0.001
2014,5,10,2,230,0.00969904,0.00387921,0.001
2014,5,10,2,240,0.00969904,0.00204852,0.001
2014,5,10,2,250,9.97108e-05,0.00105047,0.001
2014,5,10,2,260,9.97108e-05,0.000515182,0.001
2014,5,10,2,270,9.97108e-05,0.000257746,0.001
2014,5,10,2,280,9.97108e-05,0.000151385,0.001
2014,5,10,2,290,9.97108e-05,0.000114235,0.001
2014,5,10,2,300,9.97108e-05,0.00010324,0.001
2014,5,10,2,310,9.97108e-05,0.000100681,0.001
2014,8,10,2,30,9.97108e-05,0.000117681,0.001
2014,8,10,2,40,9.97108e-05,0.000473275,0.001
2014,8,10,2,50,0.00604621,0.00330094,0.001
2014,8,10,2,60,0.0112701,0.0108827,0.001
2014,8,10,2,70,0.0154654,0.0160555,0.001
2014,8,10,2,80,0.00782631,0.0192501,0.001
2014,8,10,2,90,0.0204524,0.0380228,0.001
2014,8,10,2,100,0.0468938,0.0687255,0.001
2014,8,10,2,110,0.0463771,0.0890209,0.001
2014,8,10,2,120,0.0749566,0.0967748,0.001
2014,8,10,2,130,0.108228,0.102086,0.001
2014,8,10,2,140,0.104483,0.10202,0.001
2014,8,10,2,150,0.145355,0.0967816,0.001
2014,8,10,2,160,0.129653,0.0908852,0.001
2014,8,10,2,170,0.0824043,0.0828604,0.001
2014,8,10,2,180,0.0546043,0.069195,0.001
2014,8,10,2,190,0.046011,0.0501434,0.001
2014,8,10,2,200,0.0196275,0.0306549,0.001
2014,8,10,2,210,0.0309164,0.0161408,0.001
2014,8,10,2,220,0.0194143,0.00799519,0.001
2014,8,10,2,230,0.0137492,0.00409094,0.001
2014,8,10,2,240,0.00412098,0.00215295,0.001
2014,8,10,2,250,0.00740969,0.0010987,0.001
2014,8,10,2,260,9.97108e-05,0.000534714,0.001
2014,8,10,2,270,0.00403818,0.000264538,0.001
2014,8,10,2,280,9.97108e-05,0.000153436,0.001
2014,8,10,2,290,9.97108e-05,0.000114786,0.001
2014,8,10,2,300,9.97108e-05,0.000103374,0.001
2014,8,10,2,310,9.97108e-05,0.00010072,0.001
2014,11,10,2,30,9.97108e-05,0.000101698,0.001
2014,11,10,2,40,9.97108e-05,0.00015704,0.001
2014,11,10,2,50,0.00113246,0.000897167,0.001
2014,11,10,2,60,0.00908799,0.00516085,0.001
2014,11,10,2,70,0.0265439,0.0150352,0.001
2014,11,10,2,80,0.012827,0.0237022,0.001
2014,11,10,2,90,0.0107596,0.0319277,0.001
2014,11,10,2,100,0.0237704,0.0542453,0.001
2014,11,10,2,110,0.0336386,0.0841956,0.001
2014,11,10,2,120,0.0699894,0.101741,0.001
2014,11,10,2,130,0.0948053,0.106459,0.001
2014,11,10,2,140,0.121856,0.105434,0.001
2014,11,10,2,150,0.148694,0.10074,0.001
2014,11,10,2,160,0.142857,0.0938982,0.001
2014,11,10,2,170,0.0740711,0.0850185,0.001
2014,11,10,2,180,0.0712486,0.0714864,0.001
2014,11,10,2,190,0.0488797,0.0524643,0.001
2014,11,10,2,200,0.0341822,0.0324272,0.001
2014,11,10,2,210,0.0253899,0.0172018,0.001
2014,11,10,2,220,0.0162258,0.00855245,0.001
2014,11,10,2,230,0.0104963,0.00437595,0.001
2014,11,10,2,240,0.0104512,0.00229713,0.001
2014,11,10,2,250,0.00766137,0.00116677,0.001
2014,11,10,2,260,0.00293469,0.000563064,0.001
2014,11,10,2,270,0.00190001,0.000274703,0.001
2014,11,10,2,280,9.97108e-05,0.000156582,0.001
2014,11,10,2,290,9.97108e-05,0.000115639,0.001
2014,11,10,2,300,9.97108e-05,0.00010358,0.001
2014,11,10,2,310,9.97108e-05,0.000100779,0.001
2015,2,10,2,30,9.97108e-05,0.0114744,0.001
2015,2,10,2,40,9.97108e-05,0.00357265,0.001
2015,2,10,2,50,9.97108e-05,0.000365411,0.001
2015,2,10,2,60,0.00581398,0.00172169,0.001
2015,2,10,2,70,0.0794307,0.00803437,0.001
2015,2,10,2,80,0.0218169,0.020616,0.001
2015,2,10,2,90,9.97108e-05,0.0329787,0.001
2015,2,10,2,100,9.97108e-05,0.0467821,0.001
2015,2,10,2,110,0.00581398,0.0717202,0.001
2015,2,10,2,120,0.028002,0.0979287,0.001
2015,2,10,2,130,0.0883805,0.109757,0.001
2015,2,10,2,140,0.143045,0.108977,0.001
2015,2,10,2,150,0.00581398,0.103966,0.001
2015,2,10,2,160,0.13686,0.0967581,0.001
2015,2,10,2,170,0.104854,0.087047,0.001
2015,2,10,2,180,0.0604783,0.0732853,0.001
2015,2,10,2,190,0.0666634,0.0542856,0.001
2015,2,10,2,200,0.0444755,0.0338988,0.001
2015,2,10,2,210,0.114672,0.0181264,0.001
2015,2,10,2,220,9.97108e-05,0.00905578,0.001
2015,2,10,2,230,0.0604783,0.00463882,0.001
2015,2,10,2,240,0.0161026,0.00243078,0.001
2015,2,10,2,250,0.0161026,0.00122918,0.001
2015,2,10,2,260,9.97108e-05,0.000588022,0.001
2015,2,10,2,270,9.97108e-05,0.000282808,0.001
2015,2,10,2,280,9.97108e-05,0.000158628,0.001
2015,2,10,2,290,9.97108e-05,0.000116012,0.001
2015,2,10,2,300,9.97108e-05,0.000103615,0.001
2015,2,10,2,310,9.97108e-05,0.000100767,0.001
2015,5,10,2,30,9.97108e-05,0.000567277,0.001
2015,5,10,2,40,9.97108e-05,0.00554883,0.001
2015,5,10,2,50,0.143055,0.0203346,0.001
2015,5,10,2,60,0.121954,0.0232283,0.001
2015,5,10,2,70,0.170074,0.0112302,0.001
2015,5,10,2,80,0.0584188,0.0129899,0.001
2015,5,10,2,90,9.97108e-05,0.0273413,0.001
2015,5,10,2,100,0.0425348,0.043177,0.001
2015,5,10,2,110,9.97108e-05,0.0616008,0.001
2015,5,10,2,120,0.010767,0.0863168,0.001
2015,5,10,2,130,0.0373183,0.105609,0.001
2015,5,10,2,140,0.0584188,0.109771,0.001
2015,5,10,2,150,0.121954,0.105361,0.001
2015,5,10,2,160,0.0586529,0.0979349,0.001
2015,5,10,2,170,0.0159835,0.0877585,0.001
2015,5,10,2,180,0.026651,0.073772,0.001
2015,5,10,2,190,0.0425348,0.0549341,0.001
2015,5,10,2,200,0.0159835,0.03459,0.001
2015,5,10,2,210,0.026651,0.0186364,0.001
2015,5,10,2,220,0.0159835,0.0093572,0.001
2015,5,10,2,230,9.97108e-05,0.0047986,0.001
2015,5,10,2,240,0.0159835,0.00250919,0.001
2015,5,10,2,250,9.97108e-05,0.00126404,0.001
2015,5,10,2,260,9.97108e-05,0.000601574,0.001
2015,5,10,2,270,0.0159835,0.000287327,0.001
2015,5,10,2,280,9.97108e-05,0.000159934,0.001
2015,5,10,2,290,9.97108e-05,0.000116351,0.001
2015,5,10,2,300,9.97108e-05,0.000103696,0.001
2015,5,10,2,310,9.97108e-05,0.000100792,0.001
2015,8,10,2,30,9.97108e-05,0.00014617,0.001
2015,8,10,2,40,0.00275117,0.00106491,0.001
2015,8,10,2,50,0.00744645,0.00835004,0.001
2015,8,10,2,60,0.0116992,0.0274995,0.001
2015,8,10,2,70,0.00989194,0.0367743,0.001
2015,8,10,2,80,0.00857219,0.0251196,0.001
2015,8,10,2,90,0.0243272,0.0224497,0.001
2015,8,10,2,100,0.0116601,0.0363794,0.001
2015,8,10,2,110,0.0490423,0.0550461,0.001
2015,8,10,2,120,0.0606834,0.0762609,0.001
2015,8,10,2,130,0.126472,0.0976972,0.001
2015,8,10,2,140,0.139085,0.108408,0.001
2015,8,10,2,150,0.147568,0.107356,0.001
2015,8,10,2,160,0.128504,0.100339,0.001
2015,8,10,2,170,0.0706776,0.0898202,0.001
2015,8,10,2,180,0.0505468,0.0754578,0.001
2015,8,10,2,190,0.0518032,0.0563924,0.001
2015,8,10,2,200,0.0422146,0.0357633,0.001
2015,8,10,2,210,0.0276299,0.0194254,0.001
2015,8,10,2,220,0.00714966,0.00982179,0.001
2015,8,10,2,230,0.0148285,0.00505453,0.001
2015,8,10,2,240,0.000759587,0.0026412,0.001
2015,8,10,2,250,0.00304468,0.00132564,0.001
2015,8,10,2,260,9.97108e-05,0.000626784,0.001
2015,8,10,2,270,0.00304468,0.000296216,0.001
2015,8,10,2,280,9.97108e-05,0.000162637,0.001
2015,8,10,2,290,9.97108e-05,0.000117071,0.001
2015,8,10,2,300,9.97108e-05,0.000103867,0.001
2015,8,10,2,310,9.97108e-05,0.00010084,0.001
2015,11,10,2,30,9.97108e-05,0.000104786,0.001
2015,11,10,2,40,0.00461658,0.000246037,0.001
2015,11,10,2,50,0.0128665,0.00213165,0.001
2015,11,10,2,60,0.0118094,0.0129147,0.001
2015,11,10,2,70,0.00461658,0.0368699,0.001
2015,11,10,2,80,0.00284967,0.0506883,0.001
2015,11,10,2,90,0.0069746,0.0409683,0.001
2015,11,10,2,100,0.0186971,0.0356367,0.001
2015,11,10,2,110,0.0168916,0.0476903,0.001
2015,11,10,2,120,0.0340179,0.0673391,0.001
2015,11,10,2,130,0.109574,0.0880764,0.001
2015,11,10,2,140,0.167264,0.102965,0.001
2015,11,10,2,150,0.154771,0.107058,0.001
2015,11,10,2,160,0.165438,0.102137,0.001
2015,11,10,2,170,0.0657143,0.0917788,0.001
2015,11,10,2,180,0.0913054,0.0771673,0.001
2015,11,10,2,190,0.0382232,0.057846,0.001
2015,11,10,2,200,0.0374434,0.0369041,0.001
2015,11,10,2,210,0.0246996,0.0202043,0.001
2015,11,10,2,220,0.0172517,0.0103019,0.001
2015,11,10,2,230,0.00108878,0.00533273,0.001
2015,11,10,2,240,0.00306694,0.00279009,0.001
2015,11,10,2,250,0.00461658,0.00139668,0.001
2015,11,10,2,260,9.97108e-05,0.000656273,0.001
2015,11,10,2,270,0.00461658,0.000306726,0.001
2015,11,10,2,280,9.97108e-05,0.000165855,0.001
2015,11,10,2,290,0.00108878,0.000117929,0.001
2015,11,10,2,300,9.97108e-05,0.00010407,0.001
2015,11,10,2,310,9.97108e-05,0.000100896,0.001
2016,8,10,2,30,9.97108e-05,0.000128538,0.001
2016,8,10,2,40,9.97108e-05,0.000698835,0.001
2016,8,10,2,50,0.0451573,0.00522917,0.001
2016,8,10,2,60,0.0310187,0.0172901,0.001
2016,8,10,2,70,0.0270774,0.0246625,0.001
2016,8,10,2,80,0.0146007,0.025206,0.001
2016,8,10,2,90,0.00832448,0.042847,0.001
2016,8,10,2,100,0.0185559,0.0726111,0.001
2016,8,10,2,110,0.0208065,0.0839388,0.001
2016,8,10,2,120,0.0624223,0.0749949,0.001
2016,8,10,2,130,0.0598679,0.0702934,0.001
2016,8,10,2,140,0.154838,0.0781941,0.001
2016,8,10,2,150,0.14791,0.0903158,0.001
2016,8,10,2,160,0.0812555,0.0967248,0.001
2016,8,10,2,170,0.0560948,0.0928322,0.001
2016,8,10,2,180,0.107394,0.0799193,0.001
2016,8,10,2,190,0.0353738,0.0604318,0.001
2016,8,10,2,200,0.0514964,0.0388699,0.001
2016,8,10,2,210,0.0459101,0.0215406,0.001
2016,8,10,2,220,0.00460177,0.0111817,0.001
2016,8,10,2,230,0.0224124,0.00589212,0.001
2016,8,10,2,240,0.000516221,0.00310709,0.001
2016,8,10,2,250,0.00356772,0.00154906,0.001
2016,8,10,2,260,9.97108e-05,0.000717604,0.001
2016,8,10,2,270,9.97108e-05,0.000327304,0.001
2016,8,10,2,280,9.97108e-05,0.000171606,0.001
2016,8,10,2,290,9.97108e-05,0.000119277,0.001
2016,8,10,2,300,9.97108e-05,0.000104338,0.001
2016,8,10,2,310,9.97108e-05,0.000100952,0.001
2016,11,10,2,30,9.97108e-05,0.000102862,0.001
2016,11,10,2,40,0.00890391,0.00019058,0.001
2016,11,10,2,50,0.00303445,0.00136293,0.001
2016,11,10,2,60,0.0362003,0.00809864,0.001
2016,11,10,2,70,0.047324,0.0234673,0.001
2016,11,10,2,80,0.0181627,0.0353009,0.001
2016,11,10,2,90,0.0134109,0.0410554,0.001
2016,11,10,2,100,0.0235083,0.0601677,0.001
2016,11,10,2,110,0.0133618,0.0850444,0.001
2016,11,10,2,120,0.0520948,0.0899548,0.001
2016,11,10,2,130,0.0539997,0.079964,0.001
2016,11,10,2,140,0.0920335,0.0766947,0.001
2016,11,10,2,150,0.0878505,0.0845058,0.001
2016,11,10,2,160,0.138676,0.0926854,0.001
2016,11,10,2,170,0.102213,0.0920514,0.001
2016,11,10,2,180,0.110677,0.0810144,0.001
2016,11,10,2,190,0.0846887,0.0618709,0.001
2016,11,10,2,200,0.0289716,0.0399715,0.001
2016,11,10,2,210,0.0489177,0.0222318,0.001
2016,11,10,2,220,0.0126998,0.0116082,0.001
2016,11,10,2,230,0.00577798,0.00616402,0.001
2016,11,10,2,240,0.0103436,0.00326816,0.001
2016,11,10,2,250,0.00252171,0.00163073,0.001
2016,11,10,2,260,9.97108e-05,0.000752388,0.001
2016,11,10,2,270,0.000890341,0.000339806,0.001
2016,11,10,2,280,9.97108e-05,0.00017544,0.001
2016,11,10,2,290,0.00252171,0.000120297,0.001
2016,11,10,2,300,9.97108e-05,0.000104577,0.001
2016,11,10,2,310,0.000816462,0.000101018,0.001
2017,5,10,2,30,9.97108e-05,0.000635708,0.001
2017,5,10,2,40,9.97108e-05,0.00634669,0.001
2017,5,10,2,50,9.97108e-05,0.0233075,0.001
2017,5,10,2,60,0.0584476,0.0267683,0.001
2017,5,10,2,70,0.103771,0.0139475,0.001
2017,5,10,2,80,0.0554017,0.0189611,0.001
2017,5,10,2,90,0.0447384,0.039542,0.001
2017,5,10,2,100,0.00139548,0.0578041,0.001
2017,5,10,2,110,9.97108e-05,0.0717731,0.001
2017,5,10,2,120,0.0261493,0.0873852,0.001
2017,5,10,2,130,0.0782485,0.0938924,0.001
2017,5,10,2,140,0.075814,0.0861405,0.001
2017,5,10,2,150,0.203481,0.0797554,0.001
2017,5,10,2,160,0.0797013,0.0820125,0.001
2017,5,10,2,170,0.0646963,0.0843666,0.001
2017,5,10,2,180,0.0733795,0.0780367,0.001
2017,5,10,2,190,0.0200577,0.0614769,0.001
2017,5,10,2,200,0.042377,0.0402775,0.001
2017,5,10,2,210,0.0460342,0.0225443,0.001
2017,5,10,2,220,9.97108e-05,0.0118624,0.001
2017,5,10,2,230,0.022419,0.00637952,0.001
2017,5,10,2,240,0.00139548,0.0034222,0.001
2017,5,10,2,250,0.00139548,0.00171558,0.001
2017,5,10,2,260,9.97108e-05,0.000788665,0.001
2017,5,10,2,270,9.97108e-05,0.000352058,0.001
2017,5,10,2,280,9.97108e-05,0.000178736,0.001
2017,5,10,2,290,9.97108e-05,0.000121,0.001
2017,5,10,2,300,9.97108e-05,0.000104692,0.001
2017,5,10,2,310,9.97108e-05,0.00010103,0.001
2017,8,10,2,30,9.97108e-05,0.000151779,0.001
2017,8,10,2,40,9.97108e-05,0.00118147,0.001
2017,8,10,2,50,0.0110793,0.00934799,0.001
2017,8,10,2,60,0.0149983,0.0308445,0.001
2017,8,10,2,70,0.0423623,0.0415581,0.001
2017,8,10,2,80,0.0416374,0.0300252,0.001
2017,8,10,2,90,0.0363781,0.0307823,0.001
2017,8,10,2,100,0.0306548,0.0501865,0.001
2017,8,10,2,110,0.023195,0.0694001,0.001
2017,8,10,2,120,0.0563403,0.0836206,0.001
2017,8,10,2,130,0.0508713,0.0929575,0.001
2017,8,10,2,140,0.0870228,0.0905615,0.001
2017,8,10,2,150,0.125144,0.0825593,0.001
2017,8,10,2,160,0.095702,0.0800058,0.001
2017,8,10,2,170,0.0605643,0.0809451,0.001
2017,8,10,2,180,0.0716556,0.0761167,0.001
2017,8,10,2,190,0.0595466,0.0610853,0.001
2017,8,10,2,200,0.0467128,0.0404591,0.001
2017,8,10,2,210,0.0547452,0.0227561,0.001
2017,8,10,2,220,0.0233487,0.0120143,0.001
2017,8,10,2,230,0.0298151,0.00649583,0.001
2017,8,10,2,240,0.0280263,0.00350469,0.001
2017,8,10,2,250,0.00401871,0.00176243,0.001
2017,8,10,2,260,0.000991968,0.000809634,0.001
2017,8,10,2,270,0.00163962,0.000359651,0.001
2017,8,10,2,280,9.97108e-05,0.000181034,0.001
2017,8,10,2,290,9.97108e-05,0.000121601,0.001
2017,8,10,2,300,0.00305143,0.000104831,0.001
2017,8,10,2,310,9.97108e-05,0.000101069,0.001
2017,11,10,2,30,9.97108e-05,0.00010531,0.001
2017,11,10,2,40,9.97108e-05,0.000261146,0.001
2017,11,10,2,50,0.00437629,0.00234172,0.001
2017,11,10,2,60,0.0122129,0.0142458,0.001
2017,11,10,2,70,0.0260356,0.0407698,0.001
2017,11,10,2,80,0.0291649,0.056644,0.001
2017,11,10,2,90,0.0166404,0.0481858,0.001
2017,11,10,2,100,0.0245892,0.0464891,0.001
2017,11,10,2,110,0.0238899,0.0623118,0.001
2017,11,10,2,120,0.0359792,0.0794812,0.001
2017,11,10,2,130,0.0564452,0.0901305,0.001
2017,11,10,2,140,0.0816715,0.0915245,0.001
2017,11,10,2,150,0.111733,0.08538,0.001
2017,11,10,2,160,0.106272,0.0799226,0.001
2017,11,10,2,170,0.0988878,0.0783382,0.001
2017,11,10,2,180,0.0901608,0.0739699,0.001
2017,11,10,2,190,0.0865324,0.0603852,0.001
2017,11,10,2,200,0.0791249,0.0405418,0.001
2017,11,10,2,210,0.049133,0.0229822,0.001
2017,11,10,2,220,0.0268649,0.0122008,0.001
2017,11,10,2,230,0.0151777,0.0066406,0.001
2017,11,10,2,240,0.0136262,0.00360735,0.001
2017,11,10,2,250,0.00399555,0.0018217,0.001
2017,11,10,2,260,0.00405967,0.000836844,0.001
2017,11,10,2,270,0.00182234,0.000369756,0.001
2017,11,10,2,280,9.97108e-05,0.000184153,0.001
2017,11,10,2,290,9.97108e-05,0.000122425,0.001
2017,11,10,2,300,9.97108e-05,0.000105022,0.001
2017,11,10,2,310,0.00110574,0.000101121,0.001
2018,2,10,2,30,9.97108e-05,0.0149023,0.001
2018,2,10,2,40,9.97108e-05,0.00463144,0.001
2018,2,10,2,50,9.97108e-05,0.000679734,0.001
2018,2,10,2,60,0.0199555,0.00446147,0.001
2018,2,10,2,70,0.057927,0.021174,0.001
2018,2,10,2,80,0.03769,0.0521311,0.001
2018,2,10,2,90,0.0269275,0.0704146,0.001
2018,2,10,2,100,0.0189978,0.0643446,0.001
2018,2,10,2,110,0.0280196,0.0615024,0.001
2018,2,10,2,120,0.0159597,0.0726989,0.001
2018,2,10,2,130,0.0586625,0.084797,0.001
2018,2,10,2,140,0.0897806,0.0889392,0.001
2018,2,10,2,150,0.115917,0.0855987,0.001
2018,2,10,2,160,0.0616198,0.079667,0.001
2018,2,10,2,170,0.0975154,0.0757829,0.001
2018,2,10,2,180,0.0691991,0.0709487,0.001
2018,2,10,2,190,0.0725718,0.0585645,0.001
2018,2,10,2,200,0.0663109,0.0398475,0.001
2018,2,10,2,210,0.0375308,0.0227992,0.001
2018,2,10,2,220,0.0384576,0.0121842,0.001
2018,2,10,2,230,0.0229831,0.00667925,0.001
2018,2,10,2,240,0.0273028,0.00365526,0.001
2018,2,10,2,250,0.0260311,0.00185499,0.001
2018,2,10,2,260,0.00318944,0.000852511,0.001
2018,2,10,2,270,9.97108e-05,0.000374886,0.001
2018,2,10,2,280,9.97108e-05,0.000185233,0.001
2018,2,10,2,290,0.0067526,0.000122493,0.001
2018,2,10,2,300,9.97108e-05,0.00010497,0.001
2018,2,10,2,310,9.97108e-05,0.000101079,0.001
2018,5,10,2,30,9.97108e-05,0.000679599,0.001
2018,5,10,2,40,9.97108e-05,0.00685917,0.001
2018,5,10,2,50,0.0238256,0.0252374,0.001
2018,5,10,2,60,0.0453229,0.0293518,0.001
2018,5,10,2,70,0.119762,0.0178774,0.001
2018,5,10,2,80,0.0651042,0.030881,0.001
2018,5,10,2,90,0.0371412,0.0628769,0.001
2018,5,10,2,100,0.0353609,0.0801608,0.001
2018,5,10,2,110,0.0875875,0.0749168,0.001
2018,5,10,2,120,0.0816202,0.071336,0.001
2018,5,10,2,130,0.092369,0.0775979,0.001
2018,5,10,2,140,0.0726,0.0829269,0.001
2018,5,10,2,150,0.0929975,0.0822921,0.001
2018,5,10,2,160,0.0716593,0.0774618,0.001
2018,5,10,2,170,0.0403571,0.0723651,0.001
2018,5,10,2,180,0.0138184,0.0667042,0.001
2018,5,10,2,190,0.0374436,0.0552126,0.001
2018,5,10,2,200,0.0277707,0.0379499,0.001
2018,5,10,2,210,0.017671,0.0219052,0.001
2018,5,10,2,220,0.0245434,0.0117799,0.001
2018,5,10,2,230,0.00415108,0.0064967,0.001
2018,5,10,2,240,0.00207405,0.00357838,0.001
2018,5,10,2,250,9.97108e-05,0.00182597,0.001
2018,5,10,2,260,0.00404836,0.000842432,0.001
2018,5,10,2,270,9.97108e-05,0.000371594,0.001
2018,5,10,2,280,9.97108e-05,0.000184251,0.001
2018,5,10,2,290,9.97108e-05,0.000122239,0.001
2018,5,10,2,300,9.97108e-05,0.000104915,0.001
2018,5,10,2,310,0.00207405,0.000101067,0.001
2018,8,10,2,30,9.97108e-05,0.00015521,0.001
2018,8,10,2,40,0.000865942,0.00125288,0.001
2018,8,10,2,50,0.00672476,0.00996262,0.001
2018,8,10,2,60,0.026246,0.032964,0.001
2018,8,10,2,70,0.0423008,0.0451762,0.001
2018,8,10,2,80,0.0544086,0.0366485,0.001
2018,8,10,2,90,0.0466249,0.04642,0.001
2018,8,10,2,100,0.0465013,0.0749287,0.001
2018,8,10,2,110,0.0617036,0.0881963,0.001
2018,8,10,2,120,0.0924877,0.0819537,0.001
2018,8,10,2,130,0.0869746,0.0771723,0.001
2018,8,10,2,140,0.0696596,0.0785688,0.001
2018,8,10,2,150,0.0640071,0.0792493,0.001
2018,8,10,2,160,0.0868517,0.0760035,0.001
2018,8,10,2,170,0.0567873,0.0707131,0.001
2018,8,10,2,180,0.0620984,0.0642941,0.001
2018,8,10,2,190,0.0576877,0.0530692,0.001
2018,8,10,2,200,0.0437529,0.0367221,0.001
2018,8,10,2,210,0.0329539,0.0213818,0.001
2018,8,10,2,220,0.0265726,0.0115889,0.001
2018,8,10,2,230,0.0097862,0.00643882,0.001
2018,8,10,2,240,0.00965251,0.00357149,0.001
2018,8,10,2,250,0.00560284,0.00183262,0.001
2018,8,10,2,260,0.0041082,0.000848173,0.001
2018,8,10,2,270,9.97108e-05,0.00037425,0.001
2018,8,10,2,280,0.00227596,0.000185149,0.001
2018,8,10,2,290,0.00153278,0.000122488,0.001
2018,8,10,2,300,0.00153278,0.000104976,0.001
2018,8,10,2,310,9.97108e-05,0.000101085,0.001
2018,11,10,2,30,9.97108e-05,0.000105591,0.001
2018,11,10,2,40,9.97108e-05,0.000269275,0.001
2018,11,10,2,50,0.00266848,0.00245531,0.001
2018,11,10,2,60,0.0247511,0.0149778,0.001
2018,11,10,2,70,0.0711946,0.0430704,0.001
2018,11,10,2,80,0.0418761,0.0612671,0.001
2018,11,10,2,90,0.0312847,0.057778,0.001
2018,11,10,2,100,0.0367466,0.0654554,0.001
2018,11,10,2,110,0.0325203,0.0861675,0.001
2018,11,10,2,120,0.0742012,0.0922712,0.001
2018,11,10,2,130,0.102945,0.0838879,0.001
2018,11,10,2,140,0.0893164,0.0775025,0.001
2018,11,10,2,150,0.0772417,0.0761265,0.001
2018,11,10,2,160,0.090439,0.0739553,0.001
2018,11,10,2,170,0.0830012,0.0692098,0.001
2018,11,10,2,180,0.0578046,0.062484,0.001
2018,11,10,2,190,0.0438858,0.0513488,0.001
2018,11,10,2,200,0.0501539,0.0356593,0.001
2018,11,10,2,210,0.040541,0.0209285,0.001
2018,11,10,2,220,0.0251291,0.011451,0.001
2018,11,10,2,230,0.0152283,0.00642326,0.001
2018,11,10,2,240,0.00444097,0.00359282,0.001
2018,11,10,2,250,0.00128246,0.00185514,0.001
2018,11,10,2,260,0.000775282,0.000861453,0.001
2018,11,10,2,270,0.000606881,0.000379877,0.001
2018,11,10,2,280,0.00079142,0.000187015,0.001
2018,11,10,2,290,9.97108e-05,0.000123,0.001
2018,11,10,2,300,9.97108e-05,0.000105097,0.001
2018,11,10,2,310,0.000775282,0.000101119,0.001
2019,2,10,2,30,9.97108e-05,0.0288632,0.001
2019,2,10,2,40,0.00176149,0.0088837,0.001
2019,2,10,2,50,0.0061929,0.000806484,0.001
2019,2,10,2,60,0.0740095,0.00452509,0.001
2019,2,10,2,70,0.115906,0.0215271,0.001
2019,2,10,2,80,0.0319575,0.0534387,0.001
2019,2,10,2,90,0.00758778,0.0745326,0.001
2019,2,10,2,100,0.0173318,0.075132,0.001
2019,2,10,2,110,0.0634098,0.0804637,0.001
2019,2,10,2,120,0.0350795,0.0908987,0.001
2019,2,10,2,130,0.0888571,0.0888214,0.001
2019,2,10,2,140,0.069547,0.078635,0.001
2019,2,10,2,150,0.0640628,0.0726373,0.001
2019,2,10,2,160,0.0686495,0.0697985,0.001
2019,2,10,2,170,0.0681262,0.065714,0.001
2019,2,10,2,180,0.0675419,0.0592155,0.001
2019,2,10,2,190,0.0609953,0.0484413,0.001
2019,2,10,2,200,0.0414893,0.0336406,0.001
2019,2,10,2,210,0.0397569,0.0198364,0.001
2019,2,10,2,220,0.0301193,0.0109409,0.001
2019,2,10,2,230,0.0286082,0.00619637,0.001
2019,2,10,2,240,0.0162634,0.00349674,0.001
2019,2,10,2,250,0.00204852,0.001818,0.001
2019,2,10,2,260,9.97108e-05,0.000848062,0.001
2019,2,10,2,270,9.97108e-05,0.000375043,0.001
2019,2,10,2,280,9.97108e-05,0.00018524,0.001
2019,2,10,2,290,9.97108e-05,0.000122381,0.001
2019,2,10,2,300,9.97108e-05,0.000104904,0.001
2019,2,10,2,310,9.97108e-05,0.000101048,0.001
2019,8,10,2,30,0.000867883,0.000196019,0.001
2019,8,10,2,40,0.00452546,0.00210052,0.001
2019,8,10,2,50,0.0210165,0.0172029,0.001
2019,8,10,2,60,0.0406073,0.0569159,0.001
2019,8,10,2,70,0.0406788,0.0762938,0.001
2019,8,10,2,80,0.0193128,0.0527357,0.001
2019,8,10,2,90,0.0202897,0.0476206,0.001
2019,8,10,2,100,0.0387013,0.0711273,0.001
2019,8,10,2,110,0.059207,0.0873272,0.001
2019,8,10,2,120,0.0915723,0.0877566,0.001
2019,8,10,2,130,0.119406,0.0842844,0.001
2019,8,10,2,140,0.113116,0.077285,0.001
2019,8,10,2,150,0.0619461,0.067708,0.001
2019,8,10,2,160,0.0518165,0.0603908,0.001
2019,8,10,2,170,0.0722649,0.0554485,0.001
2019,8,10,2,180,0.0519883,0.0497944,0.001
2019,8,10,2,190,0.0544693,0.0405203,0.001
2019,8,10,2,200,0.0423934,0.0280092,0.001
2019,8,10,2,210,0.0316975,0.0165249,0.001
2019,8,10,2,220,0.0279507,0.00919785,0.001
2019,8,10,2,230,0.0171075,0.0052975,0.001
2019,8,10,2,240,0.00856433,0.00304386,0.001
2019,8,10,2,250,0.00531759,0.00160859,0.001
2019,8,10,2,260,0.00155009,0.000763107,0.001
2019,8,10,2,270,0.00213773,0.000345344,0.001
2019,8,10,2,280,0.000647548,0.000176331,0.001
2019,8,10,2,290,9.97108e-05,0.00012008,0.001
2019,8,10,2,300,0.000647548,0.000104391,0.001
2019,8,10,2,310,9.97108e-05,0.000100921,0.001
2019,11,10,2,30,9.97108e-05,0.000109433,0.001
2019,11,10,2,40,0.00175551,0.000379995,0.001
2019,11,10,2,50,0.0722106,0.0039919,0.001
2019,11,10,2,60,0.100627,0.0246498,0.001
2019,11,10,2,70,0.0732711,0.0705786,0.001
2019,11,10,2,80,0.0116735,0.0973029,0.001
2019,11,10,2,90,0.0210651,0.0792662,0.001
2019,11,10,2,100,0.0282522,0.0679491,0.001
2019,11,10,2,110,0.0273623,0.0806066,0.001
2019,11,10,2,120,0.0568652,0.089242,0.001
2019,11,10,2,130,0.0575053,0.0855606,0.001
2019,11,10,2,140,0.0696732,0.076955,0.001
2019,11,10,2,150,0.101129,0.067222,0.001
2019,11,10,2,160,0.0646059,0.0585383,0.001
2019,11,10,2,170,0.0750373,0.0522711,0.001
2019,11,10,2,180,0.0777472,0.0464814,0.001
2019,11,10,2,190,0.0524747,0.0377812,0.001
2019,11,10,2,200,0.0393282,0.0260975,0.001
2019,11,10,2,210,0.0346946,0.0153925,0.001
2019,11,10,2,220,0.00901715,0.00859926,0.001
2019,11,10,2,230,0.00726011,0.00499815,0.001
2019,11,10,2,240,0.00563014,0.00290217,0.001
2019,11,10,2,250,0.00372254,0.00154764,0.001
2019,11,10,2,260,0.00185323,0.000740049,0.001
2019,11,10,2,270,0.000586825,0.000337761,0.001
2019,11,10,2,280,0.00164326,0.000174163,0.001
2019,11,10,2,290,9.97108e-05,0.000119539,0.001
2019,11,10,2,300,0.00471023,0.000104273,0.001
2019,11,10,2,310,9.97108e-05,0.000100893,0.001
2020,2,10,2,30,9.97108e-05,0.0145587,0.001
2020,2,10,2,40,9.97108e-05,0.0045418,0.001
2020,2,10,2,50,0.0210242,0.000966048,0.001
2020,2,10,2,60,0.0159836,0.0072495,0.001
2020,2,10,2,70,0.0737165,0.0346224,0.001
2020,2,10,2,80,0.0318673,0.0851097,0.001
2020,2,10,2,90,9.97108e-05,0.11365,0.001
2020,2,10,2,100,0.0159836,0.0989846,0.001
2020,2,10,2,110,0.0318673,0.0840376,0.001
2020,2,10,2,120,0.0394286,0.0858151,0.001
2020,2,10,2,130,0.04485,0.0854661,0.001
2020,2,10,2,140,0.0946411,0.0769107,0.001
2020,2,10,2,150,0.0812776,0.0664537,0.001
2020,2,10,2,160,0.0946411,0.0569793,0.001
2020,2,10,2,170,0.100063,0.0495455,0.001
2020,2,10,2,180,0.0845595,0.0432915,0.001
2020,2,10,2,190,0.162836,0.0350234,0.001
2020,2,10,2,200,9.97108e-05,0.0241677,0.001
2020,2,10,2,210,0.00804164,0.0142396,0.001
2020,2,10,2,220,0.0502715,0.00797025,0.001
2020,2,10,2,230,9.97108e-05,0.00466923,0.001
2020,2,10,2,240,0.0318673,0.00273977,0.001
2020,2,10,2,250,0.0159836,0.00147495,0.001
2020,2,10,2,260,9.97108e-05,0.000711235,0.001
2020,2,10,2,270,9.97108e-05,0.000327655,0.001
2020,2,10,2,280,9.97108e-05,0.000170996,0.001
2020,2,10,2,290,9.97108e-05,0.000118643,0.001
2020,2,10,2,300,9.97108e-05,0.000104044,0.001
2020,2,10,2,310,9.97108e-05,0.000100822,0.001
2020,5,10,2,30,9.97108e-05,0.000641546,0.001
2020,5,10,2,40,0.0023362,0.00641722,0.001
2020,5,10,2,50,9.97108e-05,0.0236393,0.001
2020,5,10,2,60,0.0540453,0.0281328,0.001
2020,5,10,2,70,0.0471466,0.0216488,0.001
2020,5,10,2,80,0.119505,0.0476162,0.001
2020,5,10,2,90,0.113191,0.0981329,0.001
2020,5,10,2,100,0.0405809,0.123051,0.001
2020,5,10,2,110,0.0235083,0.108519,0.001
2020,5,10,2,120,0.0416998,0.090845,0.001
2020,5,10,2,130,0.0548065,0.0837852,0.001
2020,5,10,2,140,0.10637,0.0758763,0.001
2020,5,10,2,150,0.0998648,0.0653355,0.001
2020,5,10,2,160,0.0263719,0.0552287,0.001
2020,5,10,2,170,0.0568631,0.046919,0.001
2020,5,10,2,180,0.0771658,0.0400991,0.001
2020,5,10,2,190,0.0321795,0.0321101,0.001
2020,5,10,2,200,0.0382258,0.0220866,0.001
2020,5,10,2,210,0.0160999,0.0129838,0.001
2020,5,10,2,220,0.0167988,0.00726441,0.001
2020,5,10,2,230,9.97108e-05,0.00427937,0.001
2020,5,10,2,240,0.0051929,0.00253509,0.001
2020,5,10,2,250,0.0104628,0.00137847,0.001
2020,5,10,2,260,0.016353,0.000671827,0.001
2020,5,10,2,270,0.000534998,0.000313927,0.001
2020,5,10,2,280,9.97108e-05,0.000166927,0.001
2020,5,10,2,290,9.97108e-05,0.00011761,0.001
2020,5,10,2,300,9.97108e-05,0.000103817,0.001
2020,5,10,2,310,9.97108e-05,0.000100768,0.001
2020,8,10,2,30,0.00405343,0.000149762,0.001
2020,8,10,2,40,9.97108e-05,0.00113984,0.001
2020,8,10,2,50,0.00787857,0.00900274,0.001
2020,8,10,2,60,0.00705768,0.0298973,0.001
2020,8,10,2,70,0.0164422,0.042287,0.001
2020,8,10,2,80,0.026957,0.0412493,0.001
2020,8,10,2,90,0.0371102,0.0668815,0.001
2020,8,10,2,100,0.023772,0.112579,0.001
2020,8,10,2,110,0.0420964,0.129732,0.001
2020,8,10,2,120,0.0504139,0.112043,0.001
2020,8,10,2,130,0.0909803,0.0912213,0.001
2020,8,10,2,140,0.0984364,0.0776972,0.001
2020,8,10,2,150,0.101204,0.0663361,0.001
2020,8,10,2,160,0.0770059,0.0554754,0.001
2020,8,10,2,170,0.0403236,0.0461754,0.001
2020,8,10,2,180,0.0985941,0.0385778,0.001
2020,8,10,2,190,0.0968063,0.0304589,0.001
2020,8,10,2,200,0.0518492,0.0208355,0.001
2020,8,10,2,210,0.0498197,0.0122135,0.001
2020,8,10,2,220,0.0210566,0.00682574,0.001
2020,8,10,2,230,0.0318901,0.00403863,0.001
2020,8,10,2,240,0.0061082,0.00241359,0.001
2020,8,10,2,250,0.0104337,0.00132467,0.001
2020,8,10,2,260,9.97108e-05,0.000651335,0.001
2020,8,10,2,270,0.00310396,0.000307249,0.001
2020,8,10,2,280,9.97108e-05,0.000165062,0.001
2020,8,10,2,290,0.00310396,0.000117161,0.001
2020,8,10,2,300,9.97108e-05,0.000103724,0.001
2020,8,10,2,310,0.00310396,0.000100747,0.001
2020,11,10,2,30,9.97108e-05,0.000104873,0.001
2020,11,10,2,40,9.97108e-05,0.000248568,0.001
2020,11,10,2,50,0.00102322,0.00216864,0.001
2020,11,10,2,60,0.00102322,0.0131931,0.001
2020,11,10,2,70,0.00826474,0.0382568,0.001
2020,11,10,2,80,0.00169921,0.0569028,0.001
2020,11,10,2,90,9.97108e-05,0.0636213,0.001
2020,11,10,2,100,0.00422223,0.0896005,0.001
2020,11,10,2,110,0.00422223,0.125214,0.001
2020,11,10,2,120,0.0426044,0.130611,0.001
2020,11,10,2,130,0.0916657,0.108143,0.001
2020,11,10,2,140,0.0976352,0.084724,0.001
2020,11,10,2,150,0.115597,0.0690462,0.001
2020,11,10,2,160,0.0991413,0.0568597,0.001
2020,11,10,2,170,0.0918391,0.0465002,0.001
2020,11,10,2,180,0.11454,0.038019,0.001
2020,11,10,2,190,0.0902542,0.0295401,0.001
2020,11,10,2,200,0.0852882,0.0200514,0.001
2020,11,10,2,210,0.0989277,0.0117114,0.001
2020,11,10,2,220,0.0362122,0.00653595,0.001
2020,11,10,2,230,0.00809721,0.00388146,0.001
2020,11,10,2,240,0.00169921,0.00233863,0.001
2020,11,10,2,250,0.00262273,0.00129486,0.001
2020,11,10,2,260,0.00262273,0.000641573,0.001
2020,11,10,2,270,9.97108e-05,0.000304609,0.001
2020,11,10,2,280,9.97108e-05,0.000164469,0.001
2020,11,10,2,290,9.97108e-05,0.000117051,0.001
2020,11,10,2,300,9.97108e-05,0.000103707,0.001
2020,11,10,2,310,9.97108e-05,0.000100745,0.001
2021,2,10,2,30,9.97108e-05,0.00755657,0.001
2021,2,10,2,40,9.97108e-05,0.00239198,0.001
2021,2,10,2,50,9.97108e-05,0.000573192,0.001
2021,2,10,2,60,0.0225611,0.00405289,0.001
2021,2,10,2,70,0.00253434,0.0193258,0.001
2021,2,10,2,80,0.0122728,0.0487381,0.001
2021,2,10,2,90,0.00701241,0.0722302,0.001
2021,2,10,2,100,0.00944704,0.0858871,0.001
2021,2,10,2,110,0.058848,0.110514,0.001
2021,2,10,2,120,0.0436904,0.132168,0.001
2021,2,10,2,130,0.0761298,0.124223,0.001
2021,2,10,2,140,0.0588578,0.0974696,0.001
2021,2,10,2,150,0.0968679,0.0747969,0.001
2021,2,10,2,160,0.100014,0.0593874,0.001
2021,2,10,2,170,0.133546,0.0475792,0.001
2021,2,10,2,180,0.0795861,0.0380857,0.001
2021,2,10,2,190,0.0916784,0.0290753,0.001
2021,2,10,2,200,0.0519353,0.0195362,0.001
2021,2,10,2,210,0.0699185,0.0113491,0.001
2021,2,10,2,220,0.00701241,0.00631765,0.001
2021,2,10,2,230,0.0294738,0.00376181,0.001
2021,2,10,2,240,0.0294738,0.0022833,0.001
2021,2,10,2,250,9.97108e-05,0.00127449,0.001
2021,2,10,2,260,0.00701241,0.000635487,0.001
2021,2,10,2,270,9.97108e-05,0.000302913,0.001
2021,2,10,2,280,0.0113304,0.000163919,0.001
2021,2,10,2,290,9.97108e-05,0.000116843,0.001
2021,2,10,2,300,9.97108e-05,0.000103633,0.001
2021,2,10,2,310,9.97108e-05,0.000100713,0.001
2021,5,10,2,30,9.97108e-05,0.0003938,0.001
2021,5,10,2,40,9.97108e-05,0.00352879,0.001
2021,5,10,2,50,0.0337644,0.0128811,0.001
2021,5,10,2,60,0.082195,0.0153833,0.001
2021,5,10,2,70,0.0296318,0.0123099,0.001
2021,5,10,2,80,0.0260873,0.0282248,0.001
2021,5,10,2,90,0.0421098,0.0608801,0.001
2021,5,10,2,100,0.0111832,0.0875135,0.001
2021,5,10,2,110,0.0279245,0.105211,0.001
2021,5,10,2,120,0.0568662,0.124452,0.001
2021,5,10,2,130,0.0581581,0.130072,0.001
2021,5,10,2,140,0.0826321,0.110538,0.001
2021,5,10,2,150,0.102902,0.0837981,0.001
2021,5,10,2,160,0.114422,0.0634746,0.001
2021,5,10,2,170,0.121922,0.0492368,0.001
2021,5,10,2,180,0.0409291,0.0384939,0.001
2021,5,10,2,190,0.0446132,0.028826,0.001
2021,5,10,2,200,0.0438034,0.0191261,0.001
2021,5,10,2,210,0.0344232,0.0110251,0.001
2021,5,10,2,220,0.0205193,0.00610812,0.001
2021,5,10,2,230,0.00804121,0.00363864,0.001
2021,5,10,2,240,0.0157183,0.00222134,0.001
2021,5,10,2,250,9.97108e-05,0.00124948,0.001
2021,5,10,2,260,9.97108e-05,0.000627625,0.001
2021,5,10,2,270,9.97108e-05,0.000301053,0.001
2021,5,10,2,280,0.0013562,0.000163623,0.001
2021,5,10,2,290,9.97108e-05,0.000116832,0.001
2021,5,10,2,300,9.97108e-05,0.000103644,0.001
2021,5,10,2,310,9.97108e-05,0.00010072,0.001
2021,8,10,2,30,9.97108e-05,0.000128099,0.001
2021,8,10,2,40,9.97108e-05,0.000689674,0.001
2021,8,10,2,50,0.00168073,0.0051502,0.001
2021,8,10,2,60,0.00879537,0.0170168,0.001
2021,8,10,2,70,0.0216603,0.0241927,0.001
2021,8,10,2,80,0.0154075,0.02443,0.001
2021,8,10,2,90,0.027003,0.0419432,0.001
2021,8,10,2,100,0.0227624,0.0760299,0.001
2021,8,10,2,110,0.0324887,0.103866,0.001
2021,8,10,2,120,0.134023,0.121441,0.001
2021,8,10,2,130,0.0907072,0.130868,0.001
2021,8,10,2,140,0.0725711,0.120908,0.001
2021,8,10,2,150,0.0701985,0.0957405,0.001
2021,8,10,2,160,0.12492,0.0708444,0.001
2021,8,10,2,170,0.0719489,0.0527477,0.001
2021,8,10,2,180,0.0843597,0.0400174,0.001
2021,8,10,2,190,0.042816,0.0293385,0.001
2021,8,10,2,200,0.0517043,0.019192,0.001
2021,8,10,2,210,0.0434871,0.0109601,0.001
2021,8,10,2,220,0.0524708,0.0060346,0.001
2021,8,10,2,230,0.00908341,0.00359182,0.001
2021,8,10,2,240,0.0173492,0.00220316,0.001
2021,8,10,2,250,9.97108e-05,0.00124764,0.001
2021,8,10,2,260,9.97108e-05,0.000630369,0.001
2021,8,10,2,270,0.00376536,0.000303263,0.001
2021,8,10,2,280,9.97108e-05,0.000164629,0.001
2021,8,10,2,290,9.97108e-05,0.00011717,0.001
2021,8,10,2,300,9.97108e-05,0.000103736,0.001
2021,8,10,2,310,9.97108e-05,0.000100748,0.001
2021,11,10,2,30,9.97108e-05,0.000102778,0.001
2021,11,10,2,40,9.97108e-05,0.000188172,0.001
2021,11,10,2,50,9.97108e-05,0.00132933,0.001
2021,11,10,2,60,0.0178314,0.00788423,0.001
2021,11,10,2,70,0.0281603,0.022823,0.001
2021,11,10,2,80,0.0159341,0.034227,0.001
2021,11,10,2,90,0.00869779,0.0397088,0.001
2021,11,10,2,100,0.0127844,0.0599889,0.001
2021,11,10,2,110,0.0262598,0.0932825,0.001
2021,11,10,2,120,0.039859,0.118897,0.001
2021,11,10,2,130,0.06236,0.130893,0.001
2021,11,10,2,140,0.054198,0.127085,0.001
2021,11,10,2,150,0.0897705,0.107068,0.001
2021,11,10,2,160,0.0852977,0.0804366,0.001
2021,11,10,2,170,0.0772742,0.0580551,0.001
2021,11,10,2,180,0.115761,0.0424688,0.001
2021,11,10,2,190,0.104669,0.0303746,0.001
2021,11,10,2,200,0.10492,0.0195664,0.001
2021,11,10,2,210,0.0702035,0.0110614,0.001
2021,11,10,2,220,0.044613,0.00604904,0.001
2021,11,10,2,230,0.0233221,0.00359529,0.001
2021,11,10,2,240,0.00519263,0.0022146,0.001
2021,11,10,2,250,0.00180081,0.00126195,0.001
2021,11,10,2,260,0.00428942,0.000640745,0.001
2021,11,10,2,270,0.00406257,0.000308491,0.001
2021,11,10,2,280,0.00157396,0.000166624,0.001
2021,11,10,2,290,9.97108e-05,0.00011778,0.001
2021,11,10,2,300,0.000666743,0.000103892,0.001
2021,11,10,2,310,9.97108e-05,0.000100793,0.001
2022,2,10,2,30,9.97108e-05,0.0160712,0.001
2022,2,10,2,40,9.97108e-05,0.00497697,0.001
2022,2,10,2,50,0.0152192,0.000487981,0.001
2022,2,10,2,60,0.0281347,0.0025203,0.001
2022,2,10,2,70,0.140172,0.0118803,0.001
2022,2,10,2,80,0.0388465,0.0299964,0.001
2022,2,10,2,90,0.00606743,0.0450364,0.001
2022,2,10,2,100,9.97108e-05,0.0560068,0.001
2022,2,10,2,110,0.0151679,0.0786671,0.001
2022,2,10,2,120,0.0384782,0.1083,0.001
2022,2,10,2,130,0.125399,0.127168,0.001
2022,2,10,2,140,0.0673253,0.128644,0.001
2022,2,10,2,150,0.0663836,0.114395,0.001
2022,2,10,2,160,0.0644312,0.0894197,0.001
2022,2,10,2,170,0.13424,0.0641217,0.001
2022,2,10,2,180,0.0474298,0.0453171,0.001
2022,2,10,2,190,0.0650623,0.031456,0.001
2022,2,10,2,200,0.0731826,0.0198971,0.001
2022,2,10,2,210,0.0244607,0.0111175,0.001
2022,2,10,2,220,0.0136272,0.00602853,0.001
2022,2,10,2,230,0.0293072,0.00357231,0.001
2022,2,10,2,240,0.00606743,0.00220754,0.001
2022,2,10,2,250,9.97108e-05,0.00126517,0.001
2022,2,10,2,260,9.97108e-05,0.000645439,0.001
2022,2,10,2,270,9.97108e-05,0.000311169,0.001
2022,2,10,2,280,9.97108e-05,0.000167597,0.001
2022,2,10,2,290,9.97108e-05,0.000118025,0.001
2022,2,10,2,300,9.97108e-05,0.000103933,0.001
2022,2,10,2,310,9.97108e-05,0.000100794,0.001
2022,5,10,2,30,9.97108e-05,0.000728582,0.001
2022,5,10,2,40,0.00099434,0.00742878,0.001
2022,5,10,2,50,0.00731593,0.0273182,0.001
2022,5,10,2,60,0.0791558,0.031246,0.001
2022,5,10,2,70,0.202927,0.0153312,0.001
2022,5,10,2,80,0.140039,0.0182953,0.001
2022,5,10,2,90,0.052278,0.0376077,0.001
2022,5,10,2,100,0.0118778,0.0551227,0.001
2022,5,10,2,110,0.0218667,0.0703046,0.001
2022,5,10,2,120,0.0466512,0.0930001,0.001
2022,5,10,2,130,0.0489618,0.115562,0.001
2022,5,10,2,140,0.0712326,0.12372,0.001
2022,5,10,2,150,0.167192,0.11567,0.001
2022,5,10,2,160,0.0307585,0.0947365,0.001
2022,5,10,2,170,0.0439012,0.0690826,0.001
2022,5,10,2,180,0.0251291,0.0477807,0.001
2022,5,10,2,190,0.0304658,0.0321191,0.001
2022,5,10,2,200,0.00191856,0.0198678,0.001
2022,5,10,2,210,9.97108e-05,0.0109448,0.001
2022,5,10,2,220,0.011705,0.00587032,0.001
2022,5,10,2,230,0.00281319,0.00345828,0.001
2022,5,10,2,240,0.00191856,0.00214,0.001
2022,5,10,2,250,9.97108e-05,0.00123346,0.001
2022,5,10,2,260,9.97108e-05,0.000633832,0.001
2022,5,10,2,270,9.97108e-05,0.000307877,0.001
2022,5,10,2,280,9.97108e-05,0.000166885,0.001
2022,5,10,2,290,9.97108e-05,0.000117915,0.001
2022,5,10,2,300,9.97108e-05,0.000103925,0.001
2022,5,10,2,310,9.97108e-05,0.000100797,0.001
2022,8,10,2,30,9.97108e-05,0.000160244,0.001
2022,8,10,2,40,9.97108e-05,0.00135728,0.001
2022,8,10,2,50,0.0017507,0.0108495,0.001
2022,8,10,2,60,0.0136268,0.0358086,0.001
2022,8,10,2,70,0.0332137,0.0479754,0.001
2022,8,10,2,80,0.0971799,0.0331515,0.001
2022,8,10,2,90,0.0348366,0.0302856,0.001
2022,8,10,2,100,0.0334581,0.0476096,0.001
2022,8,10,2,110,0.038039,0.0664185,0.001
2022,8,10,2,120,0.0453338,0.0840613,0.001
2022,8,10,2,130,0.121936,0.104209,0.001
2022,8,10,2,140,0.120233,0.117302,0.001
2022,8,10,2,150,0.106184,0.115754,0.001
2022,8,10,2,160,0.0576989,0.0995071,0.001
2022,8,10,2,170,0.060565,0.0748263,0.001
2022,8,10,2,180,0.0781521,0.051554,0.001
2022,8,10,2,190,0.0396603,0.0337371,0.001
2022,8,10,2,200,0.041581,0.0203592,0.001
2022,8,10,2,210,0.0355094,0.0110344,0.001
2022,8,10,2,220,0.0234407,0.00584696,0.001
2022,8,10,2,230,0.00672812,0.00341949,0.001
2022,8,10,2,240,9.97108e-05,0.00211594,0.001
2022,8,10,2,250,0.00132103,0.00122505,0.001
2022,8,10,2,260,0.000475369,0.000633005,0.001
2022,8,10,2,270,0.00635246,0.000308762,0.001
2022,8,10,2,280,9.97108e-05,0.00016752,0.001
2022,8,10,2,290,0.0017507,0.000118172,0.001
2022,8,10,2,300,9.97108e-05,0.000104002,0.001
2022,8,10,2,310,0.000475369,0.000100823,0.001
2022,11,10,2,30,0.00120189,0.000106148,0.001
2022,11,10,2,40,9.97108e-05,0.000285269,0.001
2022,11,10,2,50,0.00893291,0.00267641,0.001
2022,11,10,2,60,0.0319074,0.016352,0.001
2022,11,10,2,70,0.0498119,0.0467554,0.001
2022,11,10,2,80,0.00916417,0.0644435,0.001
2022,11,10,2,90,0.0367619,0.0526158,0.001
2022,11,10,2,100,0.0299573,0.0462105,0.001
2022,11,10,2,110,0.0230297,0.0593331,0.001
2022,11,10,2,120,0.045315,0.0771944,0.001
2022,11,10,2,130,0.0765955,0.0943706,0.001
2022,11,10,2,140,0.127029,0.108433,0.001
2022,11,10,2,150,0.0714179,0.112484,0.001
2022,11,10,2,160,0.119816,0.101756,0.001
2022,11,10,2,170,0.0745074,0.0795328,0.001
2022,11,10,2,180,0.0648429,0.0554459,0.001
2022,11,10,2,190,0.0804916,0.0357137,0.001
2022,11,10,2,200,0.0524089,0.0210551,0.001
2022,11,10,2,210,0.0236781,0.0112105,0.001
2022,11,10,2,220,0.0472775,0.00586307,0.001
2022,11,10,2,230,0.0160064,0.00340086,0.001
2022,11,10,2,240,0.00683619,0.00210232,0.001
2022,11,10,2,250,9.97108e-05,0.00122182,0.001
2022,11,10,2,260,9.97108e-05,0.000634515,0.001
2022,11,10,2,270,9.97108e-05,0.000310568,0.001
2022,11,10,2,280,0.00157454,0.000168464,0.001
2022,11,10,2,290,9.97108e-05,0.000118514,0.001
2022,11,10,2,300,9.97108e-05,0.0001041,0.001
2022,11,10,2,310,0.000837121,0.000100853,0.001
2023,2,10,2,30,9.97108e-05,0.0163471,0.001
2023,2,10,2,40,9.97108e-05,0.00507464,0.001
2023,2,10,2,50,0.011667,0.000753087,0.001
2023,2,10,2,60,0.048981,0.0050474,0.001
2023,2,10,2,70,0.11455,0.0239887,0.001
2023,2,10,2,80,0.0256695,0.0589259,0.001
2023,2,10,2,90,0.00325522,0.0787152,0.001
2023,2,10,2,100,0.0272867,0.0690033,0.001
2023,2,10,2,110,0.0213463,0.0610241,0.001
2023,2,10,2,120,0.0126988,0.0697915,0.001
2023,2,10,2,130,0.0770035,0.0846517,0.001
2023,2,10,2,140,0.118543,0.0978321,0.001
2023,2,10,2,150,0.0454534,0.105109,0.001
2023,2,10,2,160,0.103603,0.0999304,0.001
2023,2,10,2,170,0.0319586,0.0815825,0.001
2023,2,10,2,180,0.121797,0.0581831,0.001
2023,2,10,2,190,0.0930523,0.0373256,0.001
2023,2,10,2,200,0.0304809,0.021596,0.001
2023,2,10,2,210,0.00270921,0.011285,0.001
2023,2,10,2,220,0.0402962,0.00581268,0.001
2023,2,10,2,230,0.0397501,0.00333723,0.001
2023,2,10,2,240,0.00428698,0.00205794,0.001
2023,2,10,2,250,0.0232369,0.0011998,0.001
2023,2,10,2,260,9.97108e-05,0.000626337,0.001
2023,2,10,2,270,9.97108e-05,0.000308161,0.001
2023,2,10,2,280,0.00167748,0.000167836,0.001
2023,2,10,2,290,9.97108e-05,0.000118346,0.001
2023,2,10,2,300,9.97108e-05,0.000104051,0.001
2023,2,10,2,310,9.97108e-05,0.000100834,0.001
2023,5,10,2,30,9.97108e-05,0.000725943,0.001
2023,5,10,2,40,0.00490657,0.00739946,0.001
2023,5,10,2,50,0.0395506,0.0272495,0.001
2023,5,10,2,60,0.10577,0.0317329,0.001
2023,5,10,2,70,0.180601,0.0196006,0.001
2023,5,10,2,80,0.0754571,0.0344517,0.001
2023,5,10,2,90,0.0391299,0.0699499,0.001
2023,5,10,2,100,0.0473523,0.0878447,0.001
2023,5,10,2,110,0.0949513,0.0785944,0.001
2023,5,10,2,120,0.0466229,0.0702485,0.001
2023,5,10,2,130,0.0661079,0.0755707,0.001
2023,5,10,2,140,0.117139,0.0860304,0.001
2023,5,10,2,150,0.0598743,0.0943544,0.001
2023,5,10,2,160,0.0388212,0.0935823,0.001
2023,5,10,2,170,0.0307664,0.0799183,0.001
2023,5,10,2,180,0.0128325,0.0587381,0.001
2023,5,10,2,190,0.0141351,0.0379162,0.001
2023,5,10,2,200,9.97108e-05,0.0216731,0.001
2023,5,10,2,210,0.00633338,0.0111225,0.001
2023,5,10,2,220,0.0150433,0.00562651,0.001
2023,5,10,2,230,0.00360855,0.00318535,0.001
2023,5,10,2,240,9.97108e-05,0.00195427,0.001
2023,5,10,2,250,9.97108e-05,0.00114242,0.001
2023,5,10,2,260,9.97108e-05,0.000600982,0.001
2023,5,10,2,270,9.97108e-05,0.000299183,0.001
2023,5,10,2,280,9.97108e-05,0.000165256,0.001
2023,5,10,2,290,9.97108e-05,0.000117734,0.001
2023,5,10,2,300,9.97108e-05,0.000103929,0.001
2023,5,10,2,310,9.97108e-05,0.000100809,0.001
2023,8,10,2,30,9.97108e-05,0.000158641,0.001
2023,8,10,2,40,9.97108e-05,0.00132414,0.001
2023,8,10,2,50,0.0116105,0.0105725,0.001
2023,8,10,2,60,0.0376837,0.0350058,0.001
2023,8,10,2,70,0.0374386,0.0480727,0.001
2023,8,10,2,80,0.034558,0.03949,0.001
2023,8,10,2,90,0.0233375,0.0509743,0.001
2023,8,10,2,100,0.0209642,0.0821134,0.001
2023,8,10,2,110,0.0625812,0.0948102,0.001
2023,8,10,2,120,0.0695797,0.0842947,0.001
2023,8,10,2,130,0.0873209,0.0759711,0.001
2023,8,10,2,140,0.0795447,0.0788643,0.001
2023,8,10,2,150,0.103168,0.0860772,0.001
2023,8,10,2,160,0.100301,0.0880923,0.001
2023,8,10,2,170,0.0702317,0.0785196,0.001
2023,8,10,2,180,0.0542421,0.0597673,0.001
2023,8,10,2,190,0.0730456,0.0391777,0.001
2023,8,10,2,200,0.0578968,0.0223129,0.001
2023,8,10,2,210,0.0275366,0.0112913,0.001
2023,8,10,2,220,0.0160227,0.00560758,0.001
2023,8,10,2,230,0.0184128,0.00312181,0.001
2023,8,10,2,240,0.00228183,0.00190021,0.001
2023,8,10,2,250,0.00514453,0.00111135,0.001
2023,8,10,2,260,0.00639947,0.000587707,0.001
2023,8,10,2,270,9.97108e-05,0.00029485,0.001
2023,8,10,2,280,9.97108e-05,0.000164164,0.001
2023,8,10,2,290,9.97108e-05,0.000117522,0.001
2023,8,10,2,300,9.97108e-05,0.0001039,0.001
2023,8,10,2,310,9.97108e-05,0.000100807,0.001
2023,11,10,2,30,9.97108e-05,0.000105861,0.001
2023,11,10,2,40,9.97108e-05,0.000277021,0.001
2023,11,10,2,50,9.97108e-05,0.00256286,0.001
2023,11,10,2,60,0.0136151,0.0156591,0.001
2023,11,10,2,70,0.0541329,0.045069,0.001
2023,11,10,2,80,0.0343767,0.0643291,0.001
2023,11,10,2,90,0.0271875,0.0614948,0.001
2023,11,10,2,100,0.02788,0.0709517,0.001
2023,11,10,2,110,0.0411345,0.0932056,0.001
2023,11,10,2,120,0.0468585,0.0975294,0.001
2023,11,10,2,130,0.0681655,0.085159,0.001
2023,11,10,2,140,0.0742019,0.077353,0.001
2023,11,10,2,150,0.0856165,0.0796117,0.001
2023,11,10,2,160,0.120153,0.0823726,0.001
2023,11,10,2,170,0.089376,0.0761489,0.001
2023,11,10,2,180,0.119176,0.0601311,0.001
2023,11,10,2,190,0.0825952,0.0403097,0.001
2023,11,10,2,200,0.0418501,0.0230712,0.001
2023,11,10,2,210,0.0268553,0.0115858,0.001
2023,11,10,2,220,0.0306062,0.00566256,0.001
2023,11,10,2,230,0.0115283,0.00309667,0.001
2023,11,10,2,240,0.0028028,0.00186625,0.001
2023,11,10,2,250,0.00099126,0.00109032,0.001
2023,11,10,2,260,9.97108e-05,0.00057888,0.001
2023,11,10,2,270,9.97108e-05,0.000292194,0.001
2023,11,10,2,280,9.97108e-05,0.000163603,0.001
2023,11,10,2,290,9.97108e-05,0.000117453,0.001
2023,11,10,2,300,9.97108e-05,0.000103903,0.001
2023,11,10,2,310,9.97108e-05,0.000100814,0.001
1988,5,11,2,30,9.97108e-05,0.00010116,0.001
1988,5,11,2,40,9.97108e-05,0.000136816,0.001
1988,5,11,2,50,9.97108e-05,0.000377961,0.001
1988,5,11,2,60,9.97108e-05,0.000719048,0.001
1988,5,11,2,70,9.97108e-05,0.000829468,0.001
1988,5,11,2,80,0.0189131,0.00250623,0.001
1988,5,11,2,90,0.0189131,0.00849092,0.001
1988,5,11,2,100,9.97108e-05,0.0179982,0.001
1988,5,11,2,110,0.0565398,0.0286255,0.001
1988,5,11,2,120,0.0565398,0.0443945,0.001
1988,5,11,2,130,0.0377264,0.066702,0.001
1988,5,11,2,140,0.0189131,0.0879832,0.001
1988,5,11,2,150,0.0377264,0.102327,0.001
1988,5,11,2,160,0.131793,0.10667,0.001
1988,5,11,2,170,0.188233,0.105694,0.001
1988,5,11,2,180,0.0565398,0.102088,0.001
1988,5,11,2,190,0.0941665,0.0922411,0.001
1988,5,11,2,200,0.131793,0.0739375,0.001
1988,5,11,2,210,0.0753532,0.0522083,0.001
1988,5,11,2,220,0.0377264,0.0350875,0.001
1988,5,11,2,230,0.0189131,0.0251096,0.001
1988,5,11,2,240,9.97108e-05,0.018783,0.001
1988,5,11,2,250,0.0189131,0.013139,0.001
1988,5,11,2,260,9.97108e-05,0.00787531,0.001
1988,5,11,2,270,9.97108e-05,0.00383,0.001
1988,5,11,2,280,9.97108e-05,0.0014586,0.001
1988,5,11,2,290,9.97108e-05,0.000442333,0.001
1988,5,11,2,300,9.97108e-05,0.000143631,0.001
1988,5,11,2,310,9.97108e-05,9.97108e-05,0.001
1989,5,11,2,30,9.97108e-05,0.000101282,0.001
1989,5,11,2,40,9.97108e-05,0.000139929,0.001
1989,5,11,2,50,9.97108e-05,0.000401311,0.001
1989,5,11,2,60,9.97108e-05,0.00077113,0.001
1989,5,11,2,70,9.97108e-05,0.000892269,0.001
1989,5,11,2,80,9.97108e-05,0.00271877,0.001
1989,5,11,2,90,0.0146583,0.00923265,0.001
1989,5,11,2,100,0.00120401,0.0195676,0.001
1989,5,11,2,110,0.029217,0.0310037,0.001
1989,5,11,2,120,0.0605428,0.0474489,0.001
1989,5,11,2,130,0.092973,0.0694227,0.001
1989,5,11,2,140,0.105323,0.0882366,0.001
1989,5,11,2,150,0.0784143,0.0993887,0.001
1989,5,11,2,160,0.150103,0.10262,0.001
1989,5,11,2,170,0.106427,0.102819,0.001
1989,5,11,2,180,0.138857,0.100952,0.001
1989,5,11,2,190,0.0223883,0.0921453,0.001
1989,5,11,2,200,0.0325298,0.074085,0.001
1989,5,11,2,210,0.0762057,0.0522791,0.001
1989,5,11,2,220,0.0459842,0.0350728,0.001
1989,5,11,2,230,9.97108e-05,0.0250597,0.001
1989,5,11,2,240,0.0437756,0.0187302,0.001
1989,5,11,2,250,9.97108e-05,0.0130987,0.001
1989,5,11,2,260,9.97108e-05,0.00785188,0.001
1989,5,11,2,270,9.97108e-05,0.00381975,0.001
1989,5,11,2,280,9.97108e-05,0.00145536,0.001
1989,5,11,2,290,9.97108e-05,0.000441651,0.001
1989,5,11,2,300,9.97108e-05,0.000143559,0.001
1989,5,11,2,310,9.97108e-05,9.97108e-05,0.001
1990,8,11,2,30,9.97108e-05,9.99323e-05,0.0012001
1990,8,11,2,40,9.97108e-05,0.000109949,0.0012001
1990,8,11,2,50,9.97108e-05,0.000279965,0.0012001
1990,8,11,2,60,9.97108e-05,0.00126155,0.0012001
1990,8,11,2,70,9.97108e-05,0.00299847,0.0012001
1990,8,11,2,80,9.97108e-05,0.00397059,0.0012001
1990,8,11,2,90,0.00593804,0.00746094,0.0012001
1990,8,11,2,100,0.0117764,0.018918,0.0012001
1990,8,11,2,110,0.0438872,0.0356183,0.0012001
1990,8,11,2,120,0.0979905,0.0529497,0.0012001
1990,8,11,2,130,0.101107,0.0730753,0.0012001
1990,8,11,2,140,0.0777541,0.0925382,0.0012001
1990,8,11,2,150,0.0767887,0.102525,0.0012001
1990,8,11,2,160,0.112214,0.101719,0.0012001
1990,8,11,2,170,0.101503,0.0987312,0.0012001
1990,8,11,2,180,0.0964552,0.095888,0.0012001
1990,8,11,2,190,0.101503,0.087823,0.0012001
1990,8,11,2,200,0.0676358,0.0711511,0.0012001
1990,8,11,2,210,0.0429218,0.05054,0.0012001
1990,8,11,2,220,0.0209292,0.0340184,0.0012001
1990,8,11,2,230,0.0193708,0.0242808,0.0012001
1990,8,11,2,240,0.00905488,0.0180931,0.0012001
1990,8,11,2,250,0.00593804,0.0126256,0.0012001
1990,8,11,2,260,0.00165813,0.00756312,0.0012001
1990,8,11,2,270,0.0045773,0.00368205,0.0012001
1990,8,11,2,280,9.97108e-05,0.00140664,0.0012001
1990,8,11,2,290,9.97108e-05,0.000429973,0.0012001
1990,8,11,2,300,9.97108e-05,0.000142162,0.0012001
1990,8,11,2,310,9.97108e-05,9.97108e-05,0.0012001
1991,8,11,2,30,9.97108e-05,9.98285e-05,0.001
1991,8,11,2,40,9.97108e-05,0.000105152,0.001
1991,8,11,2,50,9.97108e-05,0.000195648,0.001
1991,8,11,2,60,9.97108e-05,0.000723082,0.001
1991,8,11,2,70,9.97108e-05,0.00174869,0.001
1991,8,11,2,80,9.97108e-05,0.00318468,0.001
1991,8,11,2,90,9.97108e-05,0.0092968,0.001
1991,8,11,2,100,9.97108e-05,0.025423,0.001
1991,8,11,2,110,9.97108e-05,0.0460173,0.001
1991,8,11,2,120,0.0137587,0.0624825,0.001
1991,8,11,2,130,0.0137587,0.0784067,0.001
1991,8,11,2,140,0.0274178,0.0945731,0.001
1991,8,11,2,150,0.177667,0.102947,0.001
1991,8,11,2,160,0.0820538,0.100607,0.001
1991,8,11,2,170,0.123031,0.09542,0.001
1991,8,11,2,180,0.0820538,0.0904185,0.001
1991,8,11,2,190,0.13669,0.0814582,0.001
1991,8,11,2,200,0.0683948,0.0655366,0.001
1991,8,11,2,210,0.109372,0.0465302,0.001
1991,8,11,2,220,0.0820538,0.0314304,0.001
1991,8,11,2,230,0.0410768,0.0225195,0.001
1991,8,11,2,240,0.0137587,0.0167961,0.001
1991,8,11,2,250,0.0274178,0.011709,0.001
1991,8,11,2,260,9.97108e-05,0.00700753,0.001
1991,8,11,2,270,9.97108e-05,0.00341247,0.001
1991,8,11,2,280,9.97108e-05,0.0013078,0.001
1991,8,11,2,290,9.97108e-05,0.000404966,0.001
1991,8,11,2,300,9.97108e-05,0.00013895,0.001
1991,8,11,2,310,9.97108e-05,9.97108e-05,0.001
1992,5,11,2,30,9.97108e-05,0.000101179,0.001
1992,5,11,2,40,9.97108e-05,0.000137303,0.001
1992,5,11,2,50,9.97108e-05,0.000381483,0.001
1992,5,11,2,60,9.97108e-05,0.000723177,0.001
1992,5,11,2,70,9.97108e-05,0.000786768,0.001
1992,5,11,2,80,9.97108e-05,0.00220621,0.001
1992,5,11,2,90,0.00570146,0.0076613,0.001
1992,5,11,2,100,0.0113032,0.0179231,0.001
1992,5,11,2,110,0.0393118,0.0344145,0.001
1992,5,11,2,120,0.078524,0.0618224,0.001
1992,5,11,2,130,0.0953292,0.0928057,0.001
1992,5,11,2,140,0.100931,0.110118,0.001
1992,5,11,2,150,0.151346,0.111159,0.001
1992,5,11,2,160,0.0673205,0.103173,0.001
1992,5,11,2,170,0.078524,0.0950198,0.001
1992,5,11,2,180,0.100931,0.0881824,0.001
1992,5,11,2,190,0.0953292,0.078173,0.001
1992,5,11,2,200,0.0505153,0.0621821,0.001
1992,5,11,2,210,0.0337101,0.0438355,0.001
1992,5,11,2,220,0.0449136,0.0295215,0.001
1992,5,11,2,230,0.0225066,0.0211689,0.001
1992,5,11,2,240,0.0113032,0.0158148,0.001
1992,5,11,2,250,9.97108e-05,0.0110289,0.001
1992,5,11,2,260,0.00570146,0.00659645,0.001
1992,5,11,2,270,9.97108e-05,0.00321058,0.001
1992,5,11,2,280,0.00570146,0.00123214,0.001
1992,5,11,2,290,9.97108e-05,0.000385258,0.001
1992,5,11,2,300,9.97108e-05,0.000136333,0.001
1992,5,11,2,310,9.97108e-05,9.97108e-05,0.001
1994,5,11,2,30,9.97108e-05,0.000101121,0.001
1994,5,11,2,40,9.97108e-05,0.00013582,0.001
1994,5,11,2,50,9.97108e-05,0.000370489,0.001
1994,5,11,2,60,9.97108e-05,0.000702274,0.001
1994,5,11,2,70,9.97108e-05,0.000808111,0.001
1994,5,11,2,80,9.97108e-05,0.00243516,0.001
1994,5,11,2,90,9.97108e-05,0.00830576,0.001
1994,5,11,2,100,0.0277972,0.0180134,0.001
1994,5,11,2,110,0.0554946,0.0300159,0.001
1994,5,11,2,120,9.97108e-05,0.0482198,0.001
1994,5,11,2,130,0.0970408,0.0717378,0.001
1994,5,11,2,140,0.138587,0.0922167,0.001
1994,5,11,2,150,0.0277972,0.107327,0.001
1994,5,11,2,160,0.11089,0.114531,0.001
1994,5,11,2,170,0.0416458,0.113397,0.001
1994,5,11,2,180,0.152436,0.104474,0.001
1994,5,11,2,190,0.124738,0.088058,0.001
1994,5,11,2,200,0.0554946,0.0664869,0.001
1994,5,11,2,210,0.0139485,0.045079,0.001
1994,5,11,2,220,0.0277972,0.0294899,0.001
1994,5,11,2,230,0.0693433,0.020732,0.001
1994,5,11,2,240,0.0277972,0.0153577,0.001
1994,5,11,2,250,0.0139485,0.0106921,0.001
1994,5,11,2,260,0.0139485,0.00639512,0.001
1994,5,11,2,270,9.97108e-05,0.00311256,0.001
1994,5,11,2,280,9.97108e-05,0.00119542,0.001
1994,5,11,2,290,9.97108e-05,0.000375724,0.001
1994,5,11,2,300,9.97108e-05,0.000135082,0.001
1994,5,11,2,310,9.97108e-05,9.97108e-05,0.001
2014,8,11,2,30,9.97108e-05,9.97635e-05,0.001
2014,8,11,2,40,9.97108e-05,0.000102144,0.001
2014,8,11,2,50,9.97108e-05,0.000142663,0.001
2014,8,11,2,60,9.97108e-05,0.000380434,0.001
2014,8,11,2,70,9.97108e-05,0.000872736,0.001
2014,8,11,2,80,0.0146923,0.00182103,0.001
2014,8,11,2,90,9.97108e-05,0.00603674,0.001
2014,8,11,2,100,0.102248,0.0172867,0.001
2014,8,11,2,110,0.112474,0.0338712,0.001
2014,8,11,2,120,0.0686962,0.053097,0.001
2014,8,11,2,130,0.0599627,0.0763882,0.001
2014,8,11,2,140,0.165096,0.0980745,0.001
2014,8,11,2,150,0.119826,0.110001,0.001
2014,8,11,2,160,0.0599627,0.112188,0.001
2014,8,11,2,170,0.140277,0.110665,0.001
2014,8,11,2,180,0.0453701,0.10413,0.001
2014,8,11,2,190,0.0395109,0.0885434,0.001
2014,8,11,2,200,0.0307775,0.0661112,0.001
2014,8,11,2,210,9.97108e-05,0.044095,0.001
2014,8,11,2,220,0.0146923,0.028195,0.001
2014,8,11,2,230,0.0103257,0.018763,0.001
2014,8,11,2,240,0.0146923,0.0127726,0.001
2014,8,11,2,250,9.97108e-05,0.00819007,0.001
2014,8,11,2,260,9.97108e-05,0.00462027,0.001
2014,8,11,2,270,9.97108e-05,0.00218878,0.001
2014,8,11,2,280,9.97108e-05,0.0008502,0.001
2014,8,11,2,290,9.97108e-05,0.00028943,0.001
2014,8,11,2,300,9.97108e-05,0.000124323,0.001
2014,8,11,2,310,9.97108e-05,9.97108e-05,0.001
2019,5,11,2,30,9.97108e-05,0.000103221,0.001
2019,5,11,2,40,9.97108e-05,0.000189562,0.001
2019,5,11,2,50,9.97108e-05,0.00077255,0.001
2019,5,11,2,60,9.97108e-05,0.00157072,0.001
2019,5,11,2,70,9.97108e-05,0.00148415,0.001
2019,5,11,2,80,0.0360635,0.00333678,0.001
2019,5,11,2,90,0.0206144,0.0110538,0.001
2019,5,11,2,100,0.0360635,0.0233476,0.001
2019,5,11,2,110,0.0770927,0.0364866,0.001
2019,5,11,2,120,0.0411289,0.0538186,0.001
2019,5,11,2,130,0.0720273,0.0737309,0.001
2019,5,11,2,140,0.133824,0.0858038,0.001
2019,5,11,2,150,0.0773456,0.0897978,0.001
2019,5,11,2,160,0.113309,0.0904302,0.001
2019,5,11,2,170,0.102926,0.0916906,0.001
2019,5,11,2,180,0.0821582,0.0931411,0.001
2019,5,11,2,190,0.030998,0.089148,0.001
2019,5,11,2,200,0.0720273,0.0754537,0.001
2019,5,11,2,210,0.0565782,0.0564414,0.001
2019,5,11,2,220,0.0155489,0.0404546,0.001
2019,5,11,2,230,9.97108e-05,0.0301473,0.001
2019,5,11,2,240,0.030998,0.0223506,0.001
2019,5,11,2,250,9.97108e-05,0.0149437,0.001
2019,5,11,2,260,9.97108e-05,0.0084262,0.001
2019,5,11,2,270,9.97108e-05,0.00384622,0.001
2019,5,11,2,280,9.97108e-05,0.00138546,0.001
2019,5,11,2,290,9.97108e-05,0.000407585,0.001
2019,5,11,2,300,9.97108e-05,0.000137584,0.001
2019,5,11,2,310,9.97108e-05,9.97108e-05,0.001
2019,8,11,2,30,9.97108e-05,0.00010005,0.001
2019,8,11,2,40,9.97108e-05,0.000115392,0.001
2019,8,11,2,50,9.97108e-05,0.000375752,0.001
2019,8,11,2,60,9.97108e-05,0.00187663,0.001
2019,8,11,2,70,9.97108e-05,0.00448974,0.001
2019,8,11,2,80,9.97108e-05,0.00555193,0.001
2019,8,11,2,90,0.0129716,0.00889171,0.001
2019,8,11,2,100,0.00653566,0.0214527,0.001
2019,8,11,2,110,0.00653566,0.0398777,0.001
2019,8,11,2,120,0.102186,0.0577629,0.001
2019,8,11,2,130,0.0614033,0.0757049,0.001
2019,8,11,2,140,9.97108e-05,0.0892337,0.001
2019,8,11,2,150,0.082665,0.092499,0.001
2019,8,11,2,160,9.97108e-05,0.0896484,0.001
2019,8,11,2,170,0.0955369,0.0890956,0.001
2019,8,11,2,180,0.0510364,0.0902277,0.001
2019,8,11,2,190,0.255972,0.0862128,0.001
2019,8,11,2,200,0.116799,0.0728026,0.001
2019,8,11,2,210,0.0194077,0.0544265,0.001
2019,8,11,2,220,9.97108e-05,0.0391567,0.001
2019,8,11,2,230,0.0186436,0.0294177,0.001
2019,8,11,2,240,0.0584492,0.0219993,0.001
2019,8,11,2,250,0.00653566,0.0148106,0.001
2019,8,11,2,260,0.0520132,0.00839262,0.001
2019,8,11,2,270,0.0260564,0.00384368,0.001
2019,8,11,2,280,9.97108e-05,0.0013874,0.001
2019,8,11,2,290,0.0260564,0.000408524,0.001
2019,8,11,2,300,9.97108e-05,0.000137749,0.001
2019,8,11,2,310,9.97108e-05,9.97108e-05,0.001
2023,8,11,2,30,9.97108e-05,9.99109e-05,0.001
2023,8,11,2,40,9.97108e-05,0.000108961,0.001
2023,8,11,2,50,0.0101748,0.000262647,0.001
2023,8,11,2,60,9.97108e-05,0.00115238,0.001
2023,8,11,2,70,9.97108e-05,0.00277203,0.001
2023,8,11,2,80,9.97108e-05,0.00409702,0.001
2023,8,11,2,90,9.97108e-05,0.00925779,0.001
2023,8,11,2,100,9.97108e-05,0.0238482,0.001
2023,8,11,2,110,0.0554924,0.0415931,0.001
2023,8,11,2,120,0.211595,0.0532934,0.001
2023,8,11,2,130,0.0605503,0.0658209,0.001
2023,8,11,2,140,0.0353422,0.0881037,0.001
2023,8,11,2,150,0.0504752,0.113593,0.001
2023,8,11,2,160,0.0907348,0.126111,0.001
2023,8,11,2,170,0.10081,0.121528,0.001
2023,8,11,2,180,0.0857176,0.104153,0.001
2023,8,11,2,190,0.0756426,0.080088,0.001
2023,8,11,2,200,0.10081,0.0556989,0.001
2023,8,11,2,210,0.0705847,0.0356783,0.001
2023,8,11,2,220,0.030325,0.0228482,0.001
2023,8,11,2,230,9.97108e-05,0.016536,0.001
2023,8,11,2,240,0.0101748,0.0130335,0.001
2023,8,11,2,250,0.0101748,0.00962692,0.001
2023,8,11,2,260,9.97108e-05,0.00598928,0.001
2023,8,11,2,270,9.97108e-05,0.00296908,0.001
2023,8,11,2,280,9.97108e-05,0.00114387,0.001
2023,8,11,2,290,9.97108e-05,0.000359831,0.001
2023,8,11,2,300,9.97108e-05,0.000132481,0.001
2023,8,11,2,310,9.97108e-05,9.97108e-05,0.001
1990,5,12,2,30,9.97108e-05,0.000153255,0.001
1990,5,12,2,40,9.97108e-05,0.000589476,0.001
1990,5,12,2,50,9.97108e-05,0.00163189,0.001
1990,5,12,2,60,9.97108e-05,0.00167123,0.001
1990,5,12,2,70,9.97108e-05,0.000889333,0.001
1990,5,12,2,80,9.97108e-05,0.00123884,0.001
1990,5,12,2,90,9.97108e-05,0.00260644,0.001
1990,5,12,2,100,9.97108e-05,0.00395402,0.001
1990,5,12,2,110,9.97108e-05,0.00505444,0.001
1990,5,12,2,120,9.97108e-05,0.00705025,0.001
1990,5,12,2,130,9.97108e-05,0.0106127,0.001
1990,5,12,2,140,9.97108e-05,0.0155539,0.001
1990,5,12,2,150,9.97108e-05,0.0225219,0.001
1990,5,12,2,160,0.0587531,0.0331994,0.001
1990,5,12,2,170,9.97108e-05,0.0495434,0.001
1990,5,12,2,180,0.0587531,0.072424,0.001
1990,5,12,2,190,9.97108e-05,0.0969499,0.001
1990,5,12,2,200,0.0587531,0.110755,0.001
1990,5,12,2,210,0.0587531,0.106907,0.001
1990,5,12,2,220,0.234714,0.0954042,0.001
1990,5,12,2,230,0.117407,0.0882227,0.001
1990,5,12,2,240,0.0587531,0.0833415,0.001
1990,5,12,2,250,0.17606,0.0728479,0.001
1990,5,12,2,260,0.0587531,0.0548402,0.001
1990,5,12,2,270,9.97108e-05,0.0342717,0.001
1990,5,12,2,280,9.97108e-05,0.0174294,0.001
1990,5,12,2,290,0.0587531,0.00714529,0.001
1990,5,12,2,300,0.0587531,0.00237611,0.001
1990,5,12,2,310,9.97108e-05,0.000815187,0.001
1991,5,12,2,30,9.97108e-05,0.0001301,0.001
1991,5,12,2,40,9.97108e-05,0.000377789,0.001
1991,5,12,2,50,9.97108e-05,0.000972391,0.001
1991,5,12,2,60,9.97108e-05,0.00102942,0.001
1991,5,12,2,70,9.97108e-05,0.000802094,0.001
1991,5,12,2,80,9.97108e-05,0.00172836,0.001
1991,5,12,2,90,9.97108e-05,0.00376693,0.001
1991,5,12,2,100,9.97108e-05,0.00554231,0.001
1991,5,12,2,110,9.97108e-05,0.00649587,0.001
1991,5,12,2,120,9.97108e-05,0.00812899,0.001
1991,5,12,2,130,9.97108e-05,0.01158,0.001
1991,5,12,2,140,9.97108e-05,0.0167181,0.001
1991,5,12,2,150,9.97108e-05,0.0240059,0.001
1991,5,12,2,160,9.97108e-05,0.0347907,0.001
1991,5,12,2,170,9.97108e-05,0.0505964,0.001
1991,5,12,2,180,9.97108e-05,0.0722343,0.001
1991,5,12,2,190,9.97108e-05,0.0954575,0.001
1991,5,12,2,200,9.97108e-05,0.108686,0.001
1991,5,12,2,210,9.97108e-05,0.10513,0.001
1991,5,12,2,220,9.97108e-05,0.0942495,0.001
1991,5,12,2,230,9.97108e-05,0.0874381,0.001
1991,5,12,2,240,0.997208,0.0825957,0.001
1991,5,12,2,250,9.97108e-05,0.0720858,0.001
1991,5,12,2,260,9.97108e-05,0.0541954,0.001
1991,5,12,2,270,9.97108e-05,0.0338448,0.001
1991,5,12,2,280,9.97108e-05,0.0172082,0.001
1991,5,12,2,290,9.97108e-05,0.00705531,0.001
1991,5,12,2,300,9.97108e-05,0.00234733,0.001
1991,5,12,2,310,9.97108e-05,0.000806306,0.001
1992,5,12,2,30,9.97108e-05,0.00013806,0.001
1992,5,12,2,40,9.97108e-05,0.000450501,0.001
1992,5,12,2,50,9.97108e-05,0.00119748,0.001
1992,5,12,2,60,9.97108e-05,0.00123023,0.001
1992,5,12,2,70,9.97108e-05,0.000699655,0.001
1992,5,12,2,80,9.97108e-05,0.00105876,0.001
1992,5,12,2,90,9.97108e-05,0.00230033,0.001
1992,5,12,2,100,9.97108e-05,0.00383226,0.001
1992,5,12,2,110,9.97108e-05,0.00590869,0.001
1992,5,12,2,120,9.97108e-05,0.00966952,0.001
1992,5,12,2,130,9.97108e-05,0.0149833,0.001
1992,5,12,2,140,9.97108e-05,0.0207268,0.001
1992,5,12,2,150,9.97108e-05,0.0275526,0.001
1992,5,12,2,160,9.97108e-05,0.0376962,0.001
1992,5,12,2,170,9.97108e-05,0.0529637,0.001
1992,5,12,2,180,9.97108e-05,0.0736642,0.001
1992,5,12,2,190,9.97108e-05,0.0953287,0.001
1992,5,12,2,200,9.97108e-05,0.107012,0.001
1992,5,12,2,210,9.97108e-05,0.102669,0.001
1992,5,12,2,220,9.97108e-05,0.0917895,0.001
1992,5,12,2,230,9.97108e-05,0.0852921,0.001
1992,5,12,2,240,0.997208,0.080723,0.001
1992,5,12,2,250,9.97108e-05,0.0704574,0.001
1992,5,12,2,260,9.97108e-05,0.0529182,0.001
1992,5,12,2,270,9.97108e-05,0.0330121,0.001
1992,5,12,2,280,9.97108e-05,0.0167733,0.001
1992,5,12,2,290,9.97108e-05,0.00687564,0.001
1992,5,12,2,300,9.97108e-05,0.0022889,0.001
1992,5,12,2,310,9.97108e-05,0.000787937,0.001
1993,5,12,2,30,9.97108e-05,0.000133508,0.001
1993,5,12,2,40,9.97108e-05,0.000408904,0.001
1993,5,12,2,50,9.97108e-05,0.00106822,0.001
1993,5,12,2,60,9.97108e-05,0.00110858,0.001
1993,5,12,2,70,9.97108e-05,0.000711944,0.001
1993,5,12,2,80,9.97108e-05,0.0012588,0.001
1993,5,12,2,90,9.97108e-05,0.00269124,0.001
1993,5,12,2,100,9.97108e-05,0.00402212,0.001
1993,5,12,2,110,9.97108e-05,0.0050085,0.001
1993,5,12,2,120,9.97108e-05,0.00706921,0.001
1993,5,12,2,130,9.97108e-05,0.0116642,0.001
1993,5,12,2,140,9.97108e-05,0.0193892,0.001
1993,5,12,2,150,9.97108e-05,0.0302966,0.001
1993,5,12,2,160,9.97108e-05,0.0437027,0.001
1993,5,12,2,170,9.97108e-05,0.0593971,0.001
1993,5,12,2,180,0.0998117,0.0782709,0.001
1993,5,12,2,190,9.97108e-05,0.097408,0.001
1993,5,12,2,200,0.29923,0.106908,0.001
1993,5,12,2,210,9.97108e-05,0.101146,0.001
1993,5,12,2,220,0.0998117,0.08953,0.001
1993,5,12,2,230,0.0998117,0.0827636,0.001
1993,5,12,2,240,0.0998117,0.0782934,0.001
1993,5,12,2,250,0.199518,0.0683963,0.001
1993,5,12,2,260,0.0998117,0.0513836,0.001
1993,5,12,2,270,9.97108e-05,0.0320423,0.001
1993,5,12,2,280,9.97108e-05,0.0162717,0.001
1993,5,12,2,290,9.97108e-05,0.00666819,0.001
1993,5,12,2,300,9.97108e-05,0.0022211,0.001
1993,5,12,2,310,9.97108e-05,0.000766485,0.001
1994,5,12,2,30,9.97108e-05,0.000135471,0.001
1994,5,12,2,40,9.97108e-05,0.000426832,0.001
1994,5,12,2,50,9.97108e-05,0.00112382,0.001
1994,5,12,2,60,9.97108e-05,0.0011595,0.001
1994,5,12,2,70,9.97108e-05,0.000696279,0.001
1994,5,12,2,80,9.97108e-05,0.00113156,0.001
1994,5,12,2,90,9.97108e-05,0.00242136,0.001
1994,5,12,2,100,9.97108e-05,0.00375112,0.001
1994,5,12,2,110,9.97108e-05,0.00502599,0.001
1994,5,12,2,120,9.97108e-05,0.00734419,0.001
1994,5,12,2,130,9.97108e-05,0.0112691,0.001
1994,5,12,2,140,9.97108e-05,0.016903,0.001
1994,5,12,2,150,9.97108e-05,0.0259447,0.001
1994,5,12,2,160,9.97108e-05,0.0407842,0.001
1994,5,12,2,170,9.97108e-05,0.0614185,0.001
1994,5,12,2,180,9.97108e-05,0.0846223,0.001
1994,5,12,2,190,9.97108e-05,0.104078,0.001
1994,5,12,2,200,9.97108e-05,0.110954,0.001
1994,5,12,2,210,9.97108e-05,0.102427,0.001
1994,5,12,2,220,0.498654,0.0889711,0.001
1994,5,12,2,230,9.97108e-05,0.0810702,0.001
1994,5,12,2,240,0.498654,0.0760901,0.001
1994,5,12,2,250,9.97108e-05,0.0663011,0.001
1994,5,12,2,260,9.97108e-05,0.0497888,0.001
1994,5,12,2,270,9.97108e-05,0.031045,0.001
1994,5,12,2,280,9.97108e-05,0.0157617,0.001
1994,5,12,2,290,9.97108e-05,0.00645813,0.001
1994,5,12,2,300,9.97108e-05,0.00215233,0.001
1994,5,12,2,310,9.97108e-05,0.000744607,0.001
1996,5,14,2,30,9.97108e-05,0.000115813,1.07143
1996,5,14,2,40,9.97108e-05,0.000247036,1.07143
1996,5,14,2,50,9.97108e-05,0.000561545,1.07143
1996,5,14,2,60,9.97108e-05,0.000585341,1.07143
1996,5,14,2,70,9.97108e-05,0.000425433,1.07143
1996,5,14,2,80,9.97108e-05,0.000790489,1.07143
1996,5,14,2,90,9.97108e-05,0.0017047,1.07143
1996,5,14,2,100,9.97108e-05,0.00276913,1.07143
1996,5,14,2,110,9.97108e-05,0.0041318,1.07143
1996,5,14,2,120,9.97108e-05,0.00670788,1.07143
1996,5,14,2,130,9.97108e-05,0.0108111,1.07143
1996,5,14,2,140,9.97108e-05,0.0162858,1.07143
1996,5,14,2,150,0.11089,0.0241655,1.07143
1996,5,14,2,160,0.11089,0.0365058,1.07143
1996,5,14,2,170,9.97108e-05,0.0551806,1.07143
1996,5,14,2,180,0.11089,0.0801888,1.07143
1996,5,14,2,190,0.221679,0.10526,1.07143
1996,5,14,2,200,0.11089,0.11761,1.07143
1996,5,14,2,210,0.332469,0.111225,1.07143
1996,5,14,2,220,9.97108e-05,0.0963762,1.07143
1996,5,14,2,230,9.97108e-05,0.0850119,1.07143
1996,5,14,2,240,9.97108e-05,0.0765961,1.07143
1996,5,14,2,250,9.97108e-05,0.0648899,1.07143
1996,5,14,2,260,9.97108e-05,0.0480435,1.07143
1996,5,14,2,270,9.97108e-05,0.0297778,1.07143
1996,5,14,2,280,9.97108e-05,0.015083,1.07143
1996,5,14,2,290,9.97108e-05,0.00617514,1.07143
1996,5,14,2,300,9.97108e-05,0.00205926,1.07143
1996,5,14,2,310,9.97108e-05,0.000714798,1.07143
1997,5,14,2,30,9.97108e-05,0.00012696,3.80954
1997,5,14,2,40,9.97108e-05,0.000348948,3.80954
1997,5,14,2,50,9.97108e-05,0.000879242,3.80954
1997,5,14,2,60,9.97108e-05,0.000896993,3.80954
1997,5,14,2,70,9.97108e-05,0.000485143,3.80954
1997,5,14,2,80,9.97108e-05,0.000618486,3.80954
1997,5,14,2,90,9.97108e-05,0.0012554,3.80954
1997,5,14,2,100,9.97108e-05,0.00198794,3.80954
1997,5,14,2,110,9.97108e-05,0.0028966,3.80954
1997,5,14,2,120,9.97108e-05,0.00478526,3.80954
1997,5,14,2,130,0.0312593,0.00835517,3.80954
1997,5,14,2,140,0.0312593,0.0141069,3.80954
1997,5,14,2,150,9.97108e-05,0.0229204,3.80954
1997,5,14,2,160,9.97108e-05,0.0358885,3.80954
1997,5,14,2,170,9.97108e-05,0.0543784,3.80954
1997,5,14,2,180,9.97108e-05,0.078916,3.80954
1997,5,14,2,190,0.0312593,0.104064,3.80954
1997,5,14,2,200,0.0312593,0.117314,3.80954
1997,5,14,2,210,0.124738,0.112519,3.80954
1997,5,14,2,220,0.187058,0.0994823,3.80954
1997,5,14,2,230,0.218217,0.0889788,3.80954
1997,5,14,2,240,0.062419,0.0798127,3.80954
1997,5,14,2,250,0.155898,0.0665973,3.80954
1997,5,14,2,260,0.062419,0.0486047,3.80954
1997,5,14,2,270,0.062419,0.0298438,3.80954
1997,5,14,2,280,9.97108e-05,0.0150395,3.80954
1997,5,14,2,290,9.97108e-05,0.006142,3.80954
1997,5,14,2,300,9.97108e-05,0.00204609,3.80954
1997,5,14,2,310,9.97108e-05,0.000710172,3.80954
1998,5,14,2,30,9.97108e-05,0.000132284,5.35291
1998,5,14,2,40,9.97108e-05,0.00039767,5.35291
1998,5,14,2,50,9.97108e-05,0.00103232,5.35291
1998,5,14,2,60,9.97108e-05,0.00106229,5.35291
1998,5,14,2,70,9.97108e-05,0.000624057,5.35291
1998,5,14,2,80,9.97108e-05,0.000959934,5.35291
1998,5,14,2,90,9.97108e-05,0.00198655,5.35291
1998,5,14,2,100,9.97108e-05,0.0028708,5.35291
1998,5,14,2,110,9.97108e-05,0.00329057,5.35291
1998,5,14,2,120,9.97108e-05,0.00410515,5.35291
1998,5,14,2,130,9.97108e-05,0.00627988,5.35291
1998,5,14,2,140,9.97108e-05,0.010539,5.35291
1998,5,14,2,150,9.97108e-05,0.0182597,5.35291
1998,5,14,2,160,9.97108e-05,0.031361,5.35291
1998,5,14,2,170,9.97108e-05,0.0513346,5.35291
1998,5,14,2,180,0.0222576,0.0776731,5.35291
1998,5,14,2,190,0.0665736,0.104067,5.35291
1998,5,14,2,200,0.0444157,0.117981,5.35291
1998,5,14,2,210,0.0222576,0.113655,5.35291
1998,5,14,2,220,0.199521,0.101549,5.35291
1998,5,14,2,230,0.155205,0.0923412,5.35291
1998,5,14,2,240,0.199521,0.0836636,5.35291
1998,5,14,2,250,0.133047,0.0696382,5.35291
1998,5,14,2,260,0.133047,0.0503306,5.35291
1998,5,14,2,270,9.97108e-05,0.0305834,5.35291
1998,5,14,2,280,0.0222576,0.0152911,5.35291
1998,5,14,2,290,9.97108e-05,0.00621317,5.35291
1998,5,14,2,300,9.97108e-05,0.00206334,5.35291
1998,5,14,2,310,9.97108e-05,0.000714468,5.35291
1999,5,14,2,30,9.97108e-05,0.000113199,17.9594
1999,5,14,2,40,9.97108e-05,0.000223168,17.9594
1999,5,14,2,50,9.97108e-05,0.000487978,17.9594
1999,5,14,2,60,9.97108e-05,0.000523767,17.9594
1999,5,14,2,70,9.97108e-05,0.00048844,17.9594
1999,5,14,2,80,9.97108e-05,0.0011227,17.9594
1999,5,14,2,90,9.97108e-05,0.00243401,17.9594
1999,5,14,2,100,9.97108e-05,0.00364083,17.9594
1999,5,14,2,110,9.97108e-05,0.00447618,17.9594
1999,5,14,2,120,9.97108e-05,0.00585274,17.9594
1999,5,14,2,130,9.97108e-05,0.008185,17.9594
1999,5,14,2,140,9.97108e-05,0.0111893,17.9594
1999,5,14,2,150,9.97108e-05,0.0160114,17.9594
1999,5,14,2,160,9.97108e-05,0.0257926,17.9594
1999,5,14,2,170,0.0265132,0.0439944,17.9594
1999,5,14,2,180,0.0265132,0.0713309,17.9594
1999,5,14,2,190,0.0859435,0.100773,17.9594
1999,5,14,2,200,0.0793401,0.117676,17.9594
1999,5,14,2,210,0.178391,0.114921,17.9594
1999,5,14,2,220,0.145374,0.103602,17.9594
1999,5,14,2,230,0.158581,0.0954602,17.9594
1999,5,14,2,240,0.0925468,0.087727,17.9594
1999,5,14,2,250,0.105754,0.0735619,17.9594
1999,5,14,2,260,0.0793401,0.0531164,17.9594
1999,5,14,2,270,0.00670308,0.0320839,17.9594
1999,5,14,2,280,0.00670308,0.0159259,17.9594
1999,5,14,2,290,0.00670308,0.00643002,17.9594
1999,5,14,2,300,9.97108e-05,0.00212409,17.9594
1999,5,14,2,310,9.97108e-05,0.000731439,17.9594
2000,5,14,2,30,9.97108e-05,0.000120507,11.6381
2000,5,14,2,40,9.97108e-05,0.000289934,11.6381
2000,5,14,2,50,9.97108e-05,0.000694821,11.6381
2000,5,14,2,60,9.97108e-05,0.000710328,11.6381
2000,5,14,2,70,9.97108e-05,0.000408763,11.6381
2000,5,14,2,80,9.97108e-05,0.000559606,11.6381
2000,5,14,2,90,9.97108e-05,0.00117672,11.6381
2000,5,14,2,100,9.97108e-05,0.00206225,11.6381
2000,5,14,2,110,0.0100708,0.00353222,11.6381
2000,5,14,2,120,9.97108e-05,0.00629299,11.6381
2000,5,14,2,130,9.97108e-05,0.0102193,11.6381
2000,5,14,2,140,9.97108e-05,0.0145866,11.6381
2000,5,14,2,150,0.030013,0.0197019,11.6381
2000,5,14,2,160,0.0100708,0.0273746,11.6381
2000,5,14,2,170,9.97108e-05,0.0410548,11.6381
2000,5,14,2,180,0.0200419,0.0642255,11.6381
2000,5,14,2,190,0.030013,0.0929734,11.6381
2000,5,14,2,200,0.129724,0.112529,11.6381
2000,5,14,2,210,0.169608,0.113142,11.6381
2000,5,14,2,220,0.199521,0.104298,11.6381
2000,5,14,2,230,0.129724,0.0979574,11.6381
2000,5,14,2,240,0.129724,0.0915147,11.6381
2000,5,14,2,250,0.0998105,0.077635,11.6381
2000,5,14,2,260,0.030013,0.0563553,11.6381
2000,5,14,2,270,9.97108e-05,0.0340274,11.6381
2000,5,14,2,280,0.0100708,0.0168241,11.6381
2000,5,14,2,290,9.97108e-05,0.00675601,11.6381
2000,5,14,2,300,9.97108e-05,0.00221835,11.6381
2000,5,14,2,310,9.97108e-05,0.000758001,11.6381
2001,5,14,2,30,9.97108e-05,0.000138801,15.2381
2001,5,14,2,40,9.97108e-05,0.000457249,15.2381
2001,5,14,2,50,9.97108e-05,0.00121787,15.2381
2001,5,14,2,60,9.97108e-05,0.00124202,15.2381
2001,5,14,2,70,9.97108e-05,0.000642442,15.2381
2001,5,14,2,80,9.97108e-05,0.00079811,15.2381
2001,5,14,2,90,9.97108e-05,0.00160389,15.2381
2001,5,14,2,100,0.00827686,0.00234247,15.2381
2001,5,14,2,110,0.00827686,0.00282988,15.2381
2001,5,14,2,120,0.00276935,0.00396411,15.2381
2001,5,14,2,130,0.0246312,0.00690298,15.2381
2001,5,14,2,140,0.0328083,0.0124592,15.2381
2001,5,14,2,150,0.0244629,0.020912,15.2381
2001,5,14,2,160,0.00827686,0.0318294,15.2381
2001,5,14,2,170,0.0217933,0.0457356,15.2381
2001,5,14,2,180,0.0217933,0.0652445,15.2381
2001,5,14,2,190,0.0328083,0.0891399,15.2381
2001,5,14,2,200,0.0573398,0.106258,15.2381
2001,5,14,2,210,0.106403,0.107668,15.2381
2001,5,14,2,220,0.11458,0.101462,15.2381
2001,5,14,2,230,0.17449,0.0981522,15.2381
2001,5,14,2,240,0.122757,0.094072,15.2381
2001,5,14,2,250,0.0982256,0.0811917,15.2381
2001,5,14,2,260,0.0818713,0.0595282,15.2381
2001,5,14,2,270,0.0328083,0.036095,15.2381
2001,5,14,2,280,0.016454,0.0178444,15.2381
2001,5,14,2,290,0.00827686,0.00714411,15.2381
2001,5,14,2,300,9.97108e-05,0.00233365,15.2381
2001,5,14,2,310,9.97108e-05,0.000790733,15.2381
2002,5,14,2,30,9.97108e-05,0.000122927,5.28722
2002,5,14,2,40,9.97108e-05,0.00031216,5.28722
2002,5,14,2,50,9.97108e-05,0.00076649,5.28722
2002,5,14,2,60,9.97108e-05,0.000810768,5.28722
2002,5,14,2,70,9.97108e-05,0.000641355,5.28722
2002,5,14,2,80,9.97108e-05,0.00136136,5.28722
2002,5,14,2,90,9.97108e-05,0.00292561,5.28722
2002,5,14,2,100,9.97108e-05,0.00421478,5.28722
2002,5,14,2,110,9.97108e-05,0.00468013,5.28722
2002,5,14,2,120,9.97108e-05,0.00536276,5.28722
2002,5,14,2,130,9.97108e-05,0.00716514,5.28722
2002,5,14,2,140,9.97108e-05,0.0103897,5.28722
2002,5,14,2,150,9.97108e-05,0.0164971,5.28722
2002,5,14,2,160,9.97108e-05,0.027888,5.28722
2002,5,14,2,170,0.021776,0.0456404,5.28722
2002,5,14,2,180,9.97108e-05,0.068597,5.28722
2002,5,14,2,190,9.97108e-05,0.0920119,5.28722
2002,5,14,2,200,0.0651286,0.105724,5.28722
2002,5,14,2,210,0.130157,0.104031,5.28722
2002,5,14,2,220,0.151834,0.0970975,5.28722
2002,5,14,2,230,0.17351,0.0956318,5.28722
2002,5,14,2,240,0.151834,0.094434,5.28722
2002,5,14,2,250,0.17351,0.0835557,5.28722
2002,5,14,2,260,0.0868047,0.0622648,5.28722
2002,5,14,2,270,0.021776,0.0381003,5.28722
2002,5,14,2,280,9.97108e-05,0.0189091,5.28722
2002,5,14,2,290,9.97108e-05,0.00757073,5.28722
2002,5,14,2,300,9.97108e-05,0.002465,5.28722
2002,5,14,2,310,0.021776,0.000828846,5.28722
2003,5,14,2,30,9.97108e-05,0.000132257,6.20793
2003,5,14,2,40,9.97108e-05,0.000397416,6.20793
2003,5,14,2,50,9.97108e-05,0.0010313,6.20793
2003,5,14,2,60,9.97108e-05,0.00105838,6.20793
2003,5,14,2,70,9.97108e-05,0.000603571,6.20793
2003,5,14,2,80,9.97108e-05,0.000892504,6.20793
2003,5,14,2,90,9.97108e-05,0.001914,6.20793
2003,5,14,2,100,9.97108e-05,0.00316408,6.20793
2003,5,14,2,110,9.97108e-05,0.00481979,6.20793
2003,5,14,2,120,9.97108e-05,0.00773036,6.20793
2003,5,14,2,130,9.97108e-05,0.0115786,6.20793
2003,5,14,2,140,9.97108e-05,0.0151543,6.20793
2003,5,14,2,150,9.97108e-05,0.0190678,6.20793
2003,5,14,2,160,9.97108e-05,0.0263593,6.20793
2003,5,14,2,170,9.97108e-05,0.0407959,6.20793
2003,5,14,2,180,9.97108e-05,0.0640029,6.20793
2003,5,14,2,190,0.0554946,0.0903876,6.20793
2003,5,14,2,200,0.0739596,0.106245,6.20793
2003,5,14,2,210,0.11089,0.104008,6.20793
2003,5,14,2,220,0.129355,0.0951059,6.20793
2003,5,14,2,230,0.11089,0.0928609,6.20793
2003,5,14,2,240,0.166284,0.0930685,6.20793
2003,5,14,2,250,0.203214,0.0843056,6.20793
2003,5,14,2,260,0.0739596,0.0641194,6.20793
2003,5,14,2,270,0.0370297,0.0397953,6.20793
2003,5,14,2,280,0.0370297,0.0199177,6.20793
2003,5,14,2,290,9.97108e-05,0.00800568,6.20793
2003,5,14,2,300,9.97108e-05,0.00260627,6.20793
2003,5,14,2,310,9.97108e-05,0.000871804,6.20793
2004,5,14,2,30,9.97108e-05,0.000140284,4.01334
2004,5,14,2,40,9.97108e-05,0.00047086,4.01334
2004,5,14,2,50,9.97108e-05,0.00126142,4.01334
2004,5,14,2,60,9.97108e-05,0.00129893,4.01334
2004,5,14,2,70,9.97108e-05,0.00075435,4.01334
2004,5,14,2,80,9.97108e-05,0.00117901,4.01334
2004,5,14,2,90,9.97108e-05,0.00248359,4.01334
2004,5,14,2,100,9.97108e-05,0.00368318,4.01334
2004,5,14,2,110,9.97108e-05,0.00450603,4.01334
2004,5,14,2,120,0.0570774,0.00619267,4.01334
2004,5,14,2,130,9.97108e-05,0.0099641,4.01334
2004,5,14,2,140,0.0855662,0.0160982,4.01334
2004,5,14,2,150,0.0570774,0.0242275,4.01334
2004,5,14,2,160,0.0285885,0.0336343,4.01334
2004,5,14,2,170,0.0285885,0.0453741,4.01334
2004,5,14,2,180,0.114055,0.0630405,4.01334
2004,5,14,2,190,0.142544,0.0856526,4.01334
2004,5,14,2,200,9.97108e-05,0.101618,4.01334
2004,5,14,2,210,0.0285885,0.101456,4.01334
2004,5,14,2,220,0.0285885,0.0935931,4.01334
2004,5,14,2,230,0.0855662,0.0909094,4.01334
2004,5,14,2,240,0.114055,0.0910846,4.01334
2004,5,14,2,250,0.142544,0.0834906,4.01334
2004,5,14,2,260,0.0285885,0.0645847,4.01334
2004,5,14,2,270,9.97108e-05,0.0407122,4.01334
2004,5,14,2,280,0.0285885,0.0206124,4.01334
2004,5,14,2,290,0.0285885,0.00834398,4.01334
2004,5,14,2,300,9.97108e-05,0.00272392,4.01334
2004,5,14,2,310,9.97108e-05,0.00090903,4.01334
2005,5,14,2,30,9.97108e-05,0.00014832,1.6155
2005,5,14,2,40,9.97108e-05,0.000544374,1.6155
2005,5,14,2,50,9.97108e-05,0.00149167,1.6155
2005,5,14,2,60,9.97108e-05,0.00153841,1.6155
2005,5,14,2,70,9.97108e-05,0.000897393,1.6155
2005,5,14,2,80,9.97108e-05,0.00144589,1.6155
2005,5,14,2,90,9.97108e-05,0.00308683,1.6155
2005,5,14,2,100,9.97108e-05,0.00462148,1.6155
2005,5,14,2,110,9.97108e-05,0.00568151,1.6155
2005,5,14,2,120,9.97108e-05,0.00749848,1.6155
2005,5,14,2,130,9.97108e-05,0.0108119,1.6155
2005,5,14,2,140,9.97108e-05,0.0155315,1.6155
2005,5,14,2,150,9.97108e-05,0.0227835,1.6155
2005,5,14,2,160,9.97108e-05,0.0342985,1.6155
2005,5,14,2,170,9.97108e-05,0.0501586,1.6155
2005,5,14,2,180,0.0713216,0.0691411,1.6155
2005,5,14,2,190,9.97108e-05,0.0881232,1.6155
2005,5,14,2,200,0.142544,0.0991452,1.6155
2005,5,14,2,210,0.0713216,0.0968466,1.6155
2005,5,14,2,220,0.142544,0.0895968,1.6155
2005,5,14,2,230,9.97108e-05,0.0879077,1.6155
2005,5,14,2,240,0.35621,0.0886333,1.6155
2005,5,14,2,250,0.142544,0.0818363,1.6155
2005,5,14,2,260,9.97108e-05,0.0640288,1.6155
2005,5,14,2,270,0.0713216,0.0409045,1.6155
2005,5,14,2,280,9.97108e-05,0.0209691,1.6155
2005,5,14,2,290,9.97108e-05,0.00857193,1.6155
2005,5,14,2,300,9.97108e-05,0.00281574,1.6155
2005,5,14,2,310,9.97108e-05,0.000941386,1.6155
2006,5,14,2,30,9.97108e-05,0.000165779,6.17103
2006,5,14,2,40,9.97108e-05,0.000704047,6.17103
2006,5,14,2,50,9.97108e-05,0.00199082,6.17103
2006,5,14,2,60,9.97108e-05,0.00204567,6.17103
2006,5,14,2,70,9.97108e-05,0.00112031,6.17103
2006,5,14,2,80,9.97108e-05,0.00168362,6.17103
2006,5,14,2,90,9.97108e-05,0.0035969,6.17103
2006,5,14,2,100,0.03845,0.0054243,6.17103
2006,5,14,2,110,0.0959755,0.00677211,6.17103
2006,5,14,2,120,0.03845,0.00911171,6.17103
2006,5,14,2,130,9.97108e-05,0.013193,6.17103
2006,5,14,2,140,0.0192749,0.0183993,6.17103
2006,5,14,2,150,9.97108e-05,0.0251206,6.17103
2006,5,14,2,160,9.97108e-05,0.0351471,6.17103
2006,5,14,2,170,0.03845,0.0502625,6.17103
2006,5,14,2,180,0.0768003,0.07053,6.17103
2006,5,14,2,190,0.191851,0.0909341,6.17103
2006,5,14,2,200,0.0576252,0.100977,6.17103
2006,5,14,2,210,0.0959755,0.0958423,6.17103
2006,5,14,2,220,0.134326,0.0861265,6.17103
2006,5,14,2,230,0.0768003,0.0834081,6.17103
2006,5,14,2,240,0.03845,0.0842703,6.17103
2006,5,14,2,250,0.0576252,0.0783542,6.17103
2006,5,14,2,260,9.97108e-05,0.0618491,6.17103
2006,5,14,2,270,9.97108e-05,0.0399279,6.17103
2006,5,14,2,280,0.0192749,0.0206997,6.17103
2006,5,14,2,290,9.97108e-05,0.00855323,6.17103
2006,5,14,2,300,0.0192749,0.00283542,6.17103
2006,5,14,2,310,9.97108e-05,0.000954995,6.17103
2007,5,14,2,30,9.97108e-05,0.000132389,2.72731
2007,5,14,2,40,9.97108e-05,0.00039878,2.72731
2007,5,14,2,50,9.97108e-05,0.00103932,2.72731
2007,5,14,2,60,9.97108e-05,0.00111391,2.72731
2007,5,14,2,70,9.97108e-05,0.000952376,2.72731
2007,5,14,2,80,9.97108e-05,0.00222923,2.72731
2007,5,14,2,90,9.97108e-05,0.00492371,2.72731
2007,5,14,2,100,9.97108e-05,0.00731182,2.72731
2007,5,14,2,110,9.97108e-05,0.0087273,2.72731
2007,5,14,2,120,9.97108e-05,0.0111136,2.72731
2007,5,14,2,130,9.97108e-05,0.015687,2.72731
2007,5,14,2,140,0.0434522,0.0217699,2.72731
2007,5,14,2,150,0.0434522,0.0293875,2.72731
2007,5,14,2,160,9.97108e-05,0.0395807,2.72731
2007,5,14,2,170,0.0434522,0.0533809,2.72731
2007,5,14,2,180,0.0434522,0.0713265,2.72731
2007,5,14,2,190,9.97108e-05,0.0899178,2.72731
2007,5,14,2,200,0.17351,0.0994909,2.72731
2007,5,14,2,210,0.0868049,0.0945009,2.72731
2007,5,14,2,220,0.17351,0.084086,2.72731
2007,5,14,2,230,0.130157,0.0797578,2.72731
2007,5,14,2,240,0.0868049,0.0795781,2.72731
2007,5,14,2,250,0.0434522,0.0740445,2.72731
2007,5,14,2,260,0.0434522,0.0588835,2.72731
2007,5,14,2,270,0.0868049,0.0383869,2.72731
2007,5,14,2,280,9.97108e-05,0.0201113,2.72731
2007,5,14,2,290,9.97108e-05,0.00839843,2.72731
2007,5,14,2,300,9.97108e-05,0.0028122,2.72731
2007,5,14,2,310,9.97108e-05,0.000956826,2.72731
2008,5,14,2,30,9.97108e-05,0.000172666,0.357144
2008,5,14,2,40,9.97108e-05,0.000766968,0.357144
2008,5,14,2,50,9.97108e-05,0.00218588,0.357144
2008,5,14,2,60,9.97108e-05,0.0022234,0.357144
2008,5,14,2,70,9.97108e-05,0.0010588,0.357144
2008,5,14,2,80,9.97108e-05,0.00121266,0.357144
2008,5,14,2,90,9.97108e-05,0.00260296,0.357144
2008,5,14,2,100,9.97108e-05,0.00447947,0.357144
2008,5,14,2,110,9.97108e-05,0.00728692,0.357144
2008,5,14,2,120,9.97108e-05,0.0124196,0.357144
2008,5,14,2,130,9.97108e-05,0.0195475,0.357144
2008,5,14,2,140,9.97108e-05,0.02704,0.357144
2008,5,14,2,150,9.97108e-05,0.0352288,0.357144
2008,5,14,2,160,9.97108e-05,0.0458216,0.357144
2008,5,14,2,170,9.97108e-05,0.0595253,0.357144
2008,5,14,2,180,9.97108e-05,0.0758523,0.357144
2008,5,14,2,190,9.97108e-05,0.0912838,0.357144
2008,5,14,2,200,9.97108e-05,0.0978659,0.357144
2008,5,14,2,210,0.332469,0.0916937,0.357144
2008,5,14,2,220,0.332469,0.0811871,0.357144
2008,5,14,2,230,9.97108e-05,0.0760897,0.357144
2008,5,14,2,240,9.97108e-05,0.0746257,0.357144
2008,5,14,2,250,9.97108e-05,0.0687621,0.357144
2008,5,14,2,260,9.97108e-05,0.0546724,0.357144
2008,5,14,2,270,9.97108e-05,0.0358442,0.357144
2008,5,14,2,280,0.332469,0.0189366,0.357144
2008,5,14,2,290,9.97108e-05,0.00798307,0.357144
2008,5,14,2,300,9.97108e-05,0.00270042,0.357144
2008,5,14,2,310,9.97108e-05,0.000930374,0.357144
2009,5,14,2,30,9.97108e-05,0.000167892,0.710374
2009,5,14,2,40,9.97108e-05,0.000723445,0.710374
2009,5,14,2,50,9.97108e-05,0.00205312,0.710374
2009,5,14,2,60,9.97108e-05,0.00212993,0.710374
2009,5,14,2,70,9.97108e-05,0.0013002,0.710374
2009,5,14,2,80,9.97108e-05,0.00229427,0.710374
2009,5,14,2,90,9.97108e-05,0.00492241,0.710374
2009,5,14,2,100,9.97108e-05,0.00703994,0.710374
2009,5,14,2,110,9.97108e-05,0.00767449,0.710374
2009,5,14,2,120,9.97108e-05,0.00901955,0.710374
2009,5,14,2,130,9.97108e-05,0.0137458,0.710374
2009,5,14,2,140,9.97108e-05,0.0229682,0.710374
2009,5,14,2,150,9.97108e-05,0.0364383,0.710374
2009,5,14,2,160,9.97108e-05,0.052298,0.710374
2009,5,14,2,170,9.97108e-05,0.0684812,0.710374
2009,5,14,2,180,0.166284,0.0842269,0.710374
2009,5,14,2,190,9.97108e-05,0.0969116,0.710374
2009,5,14,2,200,0.166284,0.0999693,0.710374
2009,5,14,2,210,0.166284,0.0910763,0.710374
2009,5,14,2,220,9.97108e-05,0.0790389,0.710374
2009,5,14,2,230,0.332469,0.0727159,0.710374
2009,5,14,2,240,9.97108e-05,0.0699656,0.710374
2009,5,14,2,250,0.166284,0.0635159,0.710374
2009,5,14,2,260,9.97108e-05,0.0501428,0.710374
2009,5,14,2,270,9.97108e-05,0.0328779,0.710374
2009,5,14,2,280,9.97108e-05,0.0174579,0.710374
2009,5,14,2,290,9.97108e-05,0.00742011,0.710374
2009,5,14,2,300,9.97108e-05,0.00253672,0.710374
2009,5,14,2,310,9.97108e-05,0.000887412,0.710374
2010,5,14,2,30,9.97108e-05,0.000161264,0.474682
2010,5,14,2,40,9.97108e-05,0.000662814,0.474682
2010,5,14,2,50,9.97108e-05,0.00186332,0.474682
2010,5,14,2,60,9.97108e-05,0.00193381,0.474682
2010,5,14,2,70,9.97108e-05,0.00119306,0.474682
2010,5,14,2,80,9.97108e-05,0.00213193,0.474682
2010,5,14,2,90,9.97108e-05,0.00467558,0.474682
2010,5,14,2,100,9.97108e-05,0.00719153,0.474682
2010,5,14,2,110,9.97108e-05,0.00930167,0.474682
2010,5,14,2,120,9.97108e-05,0.012771,0.474682
2010,5,14,2,130,9.97108e-05,0.0179135,0.474682
2010,5,14,2,140,9.97108e-05,0.0235629,0.474682
2010,5,14,2,150,9.97108e-05,0.031587,0.474682
2010,5,14,2,160,9.97108e-05,0.0460778,0.474682
2010,5,14,2,170,0.249377,0.0673073,0.474682
2010,5,14,2,180,9.97108e-05,0.0896955,0.474682
2010,5,14,2,190,9.97108e-05,0.104953,0.474682
2010,5,14,2,200,9.97108e-05,0.106186,0.474682
2010,5,14,2,210,9.97108e-05,0.0941297,0.474682
2010,5,14,2,220,0.249377,0.0793841,0.474682
2010,5,14,2,230,9.97108e-05,0.0707922,0.474682
2010,5,14,2,240,9.97108e-05,0.0662118,0.474682
2010,5,14,2,250,9.97108e-05,0.0588692,0.474682
2010,5,14,2,260,9.97108e-05,0.0458674,0.474682
2010,5,14,2,270,0.498654,0.0298724,0.474682
2010,5,14,2,280,9.97108e-05,0.0158314,0.474682
2010,5,14,2,290,9.97108e-05,0.00673918,0.474682
2010,5,14,2,300,9.97108e-05,0.00231527,0.474682
2010,5,14,2,310,9.97108e-05,0.000818516,0.474682
2011,5,14,2,30,9.97108e-05,0.000141967,0.594042
2011,5,14,2,40,9.97108e-05,0.000486332,0.594042
2011,5,14,2,50,9.97108e-05,0.00131171,0.594042
2011,5,14,2,60,9.97108e-05,0.00137434,0.594042
2011,5,14,2,70,9.97108e-05,0.000954871,0.594042
2011,5,14,2,80,9.97108e-05,0.00190197,0.594042
2011,5,14,2,90,9.97108e-05,0.0041967,0.594042
2011,5,14,2,100,9.97108e-05,0.00648843,0.594042
2011,5,14,2,110,9.97108e-05,0.0085764,0.594042
2011,5,14,2,120,9.97108e-05,0.0124176,0.594042
2011,5,14,2,130,9.97108e-05,0.0189601,0.594042
2011,5,14,2,140,9.97108e-05,0.0272639,0.594042
2011,5,14,2,150,9.97108e-05,0.0370123,0.594042
2011,5,14,2,160,9.97108e-05,0.0491341,0.594042
2011,5,14,2,170,9.97108e-05,0.0653922,0.594042
2011,5,14,2,180,9.97108e-05,0.0861005,0.594042
2011,5,14,2,190,9.97108e-05,0.104698,0.594042
2011,5,14,2,200,9.97108e-05,0.10985,0.594042
2011,5,14,2,210,9.97108e-05,0.0988136,0.594042
2011,5,14,2,220,9.97108e-05,0.0824665,0.594042
2011,5,14,2,230,0.199521,0.0711035,0.594042
2011,5,14,2,240,0.199521,0.0639011,0.594042
2011,5,14,2,250,9.97108e-05,0.0550827,0.594042
2011,5,14,2,260,0.598365,0.042074,0.594042
2011,5,14,2,270,9.97108e-05,0.0270932,0.594042
2011,5,14,2,280,9.97108e-05,0.0142829,0.594042
2011,5,14,2,290,9.97108e-05,0.00607561,0.594042
2011,5,14,2,300,9.97108e-05,0.00209574,0.594042
2011,5,14,2,310,9.97108e-05,0.000749535,0.594042
2012,5,14,2,30,9.97108e-05,0.000147364,5.23811
2012,5,14,2,40,9.97108e-05,0.000535619,5.23811
2012,5,14,2,50,9.97108e-05,0.00146412,5.23811
2012,5,14,2,60,9.97108e-05,0.0015082,5.23811
2012,5,14,2,70,9.97108e-05,0.000869554,5.23811
2012,5,14,2,80,9.97108e-05,0.00138028,5.23811
2012,5,14,2,90,9.97108e-05,0.00299859,5.23811
2012,5,14,2,100,9.97108e-05,0.00479247,5.23811
2012,5,14,2,110,0.0907459,0.00684806,5.23811
2012,5,14,2,120,0.0454228,0.0107502,5.23811
2012,5,14,2,130,0.0680844,0.0172354,5.23811
2012,5,14,2,140,0.0454228,0.0259945,5.23811
2012,5,14,2,150,0.0454228,0.0376428,5.23811
2012,5,14,2,160,0.0227613,0.0527684,5.23811
2012,5,14,2,170,0.0907459,0.0705487,5.23811
2012,5,14,2,180,0.0680844,0.0893277,5.23811
2012,5,14,2,190,0.113407,0.104734,5.23811
2012,5,14,2,200,0.0454228,0.109035,5.23811
2012,5,14,2,210,0.0680844,0.099759,5.23811
2012,5,14,2,220,0.0454228,0.0851092,5.23811
2012,5,14,2,230,0.113407,0.0733087,5.23811
2012,5,14,2,240,0.0454228,0.0640344,5.23811
2012,5,14,2,250,0.0227613,0.053307,5.23811
2012,5,14,2,260,0.0227613,0.0396244,5.23811
2012,5,14,2,270,9.97108e-05,0.0250676,5.23811
2012,5,14,2,280,0.0227613,0.0130774,5.23811
2012,5,14,2,290,0.0227613,0.00553419,5.23811
2012,5,14,2,300,9.97108e-05,0.00190931,5.23811
2012,5,14,2,310,9.97108e-05,0.000688299,5.23811
2013,5,14,2,30,9.97108e-05,0.000138473,4.04763
2013,5,14,2,40,9.97108e-05,0.000454338,4.04763
2013,5,14,2,50,9.97108e-05,0.0012108,4.04763
2013,5,14,2,60,9.97108e-05,0.00126049,4.04763
2013,5,14,2,70,9.97108e-05,0.000826848,4.04763
2013,5,14,2,80,9.97108e-05,0.00152633,4.04763
2013,5,14,2,90,9.97108e-05,0.00330056,4.04763
2013,5,14,2,100,9.97108e-05,0.00495903,4.04763
2013,5,14,2,110,9.97108e-05,0.00619015,4.04763
2013,5,14,2,120,9.97108e-05,0.00858262,4.04763
2013,5,14,2,130,9.97108e-05,0.01354,4.04763
2013,5,14,2,140,9.97108e-05,0.021603,4.04763
2013,5,14,2,150,9.97108e-05,0.0337709,4.04763
2013,5,14,2,160,9.97108e-05,0.0508265,4.04763
2013,5,14,2,170,0.117407,0.0718999,4.04763
2013,5,14,2,180,0.0294264,0.093845,4.04763
2013,5,14,2,190,0.0587531,0.110068,4.04763
2013,5,14,2,200,0.0294264,0.112691,4.04763
2013,5,14,2,210,0.205387,0.101551,4.04763
2013,5,14,2,220,0.0880799,0.0866035,4.04763
2013,5,14,2,230,0.146733,0.0751392,4.04763
2013,5,14,2,240,0.117407,0.0652103,4.04763
2013,5,14,2,250,0.117407,0.0530395,4.04763
2013,5,14,2,260,0.0587531,0.0383521,4.04763
2013,5,14,2,270,0.0294264,0.0237194,4.04763
2013,5,14,2,280,9.97108e-05,0.0121849,4.04763
2013,5,14,2,290,9.97108e-05,0.00511048,4.04763
2013,5,14,2,300,9.97108e-05,0.00175843,4.04763
2013,5,14,2,310,9.97108e-05,0.000637354,4.04763
2014,5,14,2,30,9.97108e-05,0.000114554,18.2143
2014,5,14,2,40,9.97108e-05,0.000235579,18.2143
2014,5,14,2,50,9.97108e-05,0.000527101,18.2143
2014,5,14,2,60,9.97108e-05,0.000567646,18.2143
2014,5,14,2,70,9.97108e-05,0.00053639,18.2143
2014,5,14,2,80,9.97108e-05,0.00126444,18.2143
2014,5,14,2,90,9.97108e-05,0.00279328,18.2143
2014,5,14,2,100,9.97108e-05,0.00435852,18.2143
2014,5,14,2,110,9.97108e-05,0.00590522,18.2143
2014,5,14,2,120,9.97108e-05,0.008713,18.2143
2014,5,14,2,130,0.00661676,0.0133313,18.2143
2014,5,14,2,140,0.0131338,0.0195686,18.2143
2014,5,14,2,150,0.039202,0.028947,18.2143
2014,5,14,2,160,0.0522361,0.0442823,18.2143
2014,5,14,2,170,0.0783043,0.0666096,18.2143
2014,5,14,2,180,0.0978554,0.0925972,18.2143
2014,5,14,2,190,0.0978554,0.113293,18.2143
2014,5,14,2,200,0.117407,0.118283,18.2143
2014,5,14,2,210,0.0913384,0.106878,18.2143
2014,5,14,2,220,0.123924,0.0905934,18.2143
2014,5,14,2,230,0.0848213,0.0781802,18.2143
2014,5,14,2,240,0.0652702,0.067528,18.2143
2014,5,14,2,250,0.0717872,0.0542841,18.2143
2014,5,14,2,260,0.0196509,0.0384885,18.2143
2014,5,14,2,270,0.00661676,0.0232849,18.2143
2014,5,14,2,280,0.0261679,0.0117322,18.2143
2014,5,14,2,290,9.97108e-05,0.00484947,18.2143
2014,5,14,2,300,0.00661676,0.0016543,18.2143
2014,5,14,2,310,9.97108e-05,0.000598734,18.2143
2015,5,14,2,30,9.97108e-05,0.000132588,15
2015,5,14,2,40,9.97108e-05,0.000400409,15
2015,5,14,2,50,9.97108e-05,0.00103984,15
2015,5,14,2,60,9.97108e-05,0.00105677,15
2015,5,14,2,70,9.97108e-05,0.000532302,15
2015,5,14,2,80,9.97108e-05,0.000605076,15
2015,5,14,2,90,0.00801327,0.00125493,15
2015,5,14,2,100,9.97108e-05,0.00220937,15
2015,5,14,2,110,0.00801327,0.00383042,15
2015,5,14,2,120,0.0238404,0.0070163,15
2015,5,14,2,130,0.0238404,0.0120153,15
2015,5,14,2,140,0.0792353,0.0186879,15
2015,5,14,2,150,0.0713217,0.0279236,15
2015,5,14,2,160,0.0950624,0.0415175,15
2015,5,14,2,170,0.0871489,0.0613505,15
2015,5,14,2,180,0.0475811,0.0870213,15
2015,5,14,2,190,0.0634082,0.110929,15
2015,5,14,2,200,0.118803,0.120405,15
2015,5,14,2,210,0.0792353,0.111897,15
2015,5,14,2,220,0.118803,0.0963002,15
2015,5,14,2,230,0.0792353,0.083279,15
2015,5,14,2,240,0.0238404,0.0715198,15
2015,5,14,2,250,0.0238404,0.0569375,15
2015,5,14,2,260,0.0159268,0.0398138,15
2015,5,14,2,270,0.0238404,0.023672,15
2015,5,14,2,280,0.00801327,0.0117111,15
2015,5,14,2,290,9.97108e-05,0.00476125,15
2015,5,14,2,300,9.97108e-05,0.00160379,15
2015,5,14,2,310,9.97108e-05,0.000576066,15
2016,5,14,2,30,9.97108e-05,0.000118346,15.7143
2016,5,14,2,40,9.97108e-05,0.000270241,15.7143
2016,5,14,2,50,9.97108e-05,0.000634955,15.7143
2016,5,14,2,60,9.97108e-05,0.000670891,15.7143
2016,5,14,2,70,9.97108e-05,0.000537258,15.7143
2016,5,14,2,80,9.97108e-05,0.00112184,15.7143
2016,5,14,2,90,9.97108e-05,0.00238047,15.7143
2016,5,14,2,100,9.97108e-05,0.00338513,15.7143
2016,5,14,2,110,0.00765356,0.00370829,15.7143
2016,5,14,2,120,0.0152074,0.00447918,15.7143
2016,5,14,2,130,0.0303151,0.00725105,15.7143
2016,5,14,2,140,0.0605305,0.0132064,15.7143
2016,5,14,2,150,0.0756382,0.0233459,15.7143
2016,5,14,2,160,0.0907459,0.0383141,15.7143
2016,5,14,2,170,0.105854,0.058667,15.7143
2016,5,14,2,180,0.120961,0.0839668,15.7143
2016,5,14,2,190,0.166284,0.108202,15.7143
2016,5,14,2,200,0.0756382,0.119731,15.7143
2016,5,14,2,210,0.0605305,0.114165,15.7143
2016,5,14,2,220,0.0756382,0.101123,15.7143
2016,5,14,2,230,0.0303151,0.0893976,15.7143
2016,5,14,2,240,0.037869,0.0773518,15.7143
2016,5,14,2,250,0.0227613,0.0613416,15.7143
2016,5,14,2,260,0.0152074,0.0424719,15.7143
2016,5,14,2,270,9.97108e-05,0.024928,15.7143
2016,5,14,2,280,9.97108e-05,0.0121583,15.7143
2016,5,14,2,290,9.97108e-05,0.00487432,15.7143
2016,5,14,2,300,0.00765356,0.00162145,15.7143
2016,5,14,2,310,9.97108e-05,0.000576034,15.7143
2017,5,14,2,30,9.97108e-05,0.000131733,13.2143
2017,5,14,2,40,9.97108e-05,0.000392607,13.2143
2017,5,14,2,50,9.97108e-05,0.00101584,13.2143
2017,5,14,2,60,9.97108e-05,0.00103723,13.2143
2017,5,14,2,70,9.97108e-05,0.000556813,13.2143
2017,5,14,2,80,9.97108e-05,0.000728093,13.2143
2017,5,14,2,90,9.97108e-05,0.00152027,13.2143
2017,5,14,2,100,9.97108e-05,0.00249682,13.2143
2017,5,14,2,110,9.97108e-05,0.00378254,13.2143
2017,5,14,2,120,9.97108e-05,0.0060294,13.2143
2017,5,14,2,130,0.00908267,0.00906189,13.2143
2017,5,14,2,140,0.00908267,0.0124449,13.2143
2017,5,14,2,150,9.97108e-05,0.0180178,13.2143
2017,5,14,2,160,0.0180656,0.0297335,13.2143
2017,5,14,2,170,0.0270486,0.0503871,13.2143
2017,5,14,2,180,0.116878,0.0784747,13.2143
2017,5,14,2,190,0.0809463,0.105716,13.2143
2017,5,14,2,200,0.0989123,0.119375,13.2143
2017,5,14,2,210,0.170776,0.115336,13.2143
2017,5,14,2,220,0.15281,0.104199,13.2143
2017,5,14,2,230,0.0899293,0.0947255,13.2143
2017,5,14,2,240,0.0899293,0.0838347,13.2143
2017,5,14,2,250,0.0539975,0.067108,13.2143
2017,5,14,2,260,0.0539975,0.0463908,13.2143
2017,5,14,2,270,0.00908267,0.0270149,13.2143
2017,5,14,2,280,0.0180656,0.0130347,13.2143
2017,5,14,2,290,9.97108e-05,0.00516371,13.2143
2017,5,14,2,300,9.97108e-05,0.00169626,13.2143
2017,5,14,2,310,9.97108e-05,0.000593812,13.2143
2018,5,14,2,30,9.97108e-05,0.0001352,21.5477
2018,5,14,2,40,9.97108e-05,0.00042436,21.5477
2018,5,14,2,50,9.97108e-05,0.00111618,21.5477
2018,5,14,2,60,9.97108e-05,0.00115284,21.5477
2018,5,14,2,70,9.97108e-05,0.000700402,21.5477
2018,5,14,2,80,9.97108e-05,0.00115038,21.5477
2018,5,14,2,90,0.0056086,0.00241426,21.5477
2018,5,14,2,100,9.97108e-05,0.00349592,21.5477
2018,5,14,2,110,9.97108e-05,0.00401174,21.5477
2018,5,14,2,120,9.97108e-05,0.0050417,21.5477
2018,5,14,2,130,0.0056086,0.00771513,21.5477
2018,5,14,2,140,9.97108e-05,0.0123386,21.5477
2018,5,14,2,150,0.0166264,0.0190214,21.5477
2018,5,14,2,160,0.0662063,0.0286242,21.5477
2018,5,14,2,170,0.0772241,0.0441818,21.5477
2018,5,14,2,180,0.121295,0.0688249,21.5477
2018,5,14,2,190,0.143331,0.0974933,21.5477
2018,5,14,2,200,0.143331,0.115409,21.5477
2018,5,14,2,210,0.110277,0.114904,21.5477
2018,5,14,2,220,0.0772241,0.106095,21.5477
2018,5,14,2,230,0.0496797,0.0989615,21.5477
2018,5,14,2,240,0.0937508,0.0900016,21.5477
2018,5,14,2,250,0.033153,0.0734729,21.5477
2018,5,14,2,260,0.0386619,0.0512264,21.5477
2018,5,14,2,270,0.0166264,0.0298005,21.5477
2018,5,14,2,280,9.97108e-05,0.0142705,21.5477
2018,5,14,2,290,9.97108e-05,0.00558746,21.5477
2018,5,14,2,300,9.97108e-05,0.00180808,21.5477
2018,5,14,2,310,9.97108e-05,0.000619997,21.5477
2019,5,14,2,30,9.97108e-05,0.000175362,1.19048
2019,5,14,2,40,9.97108e-05,0.000791639,1.19048
2019,5,14,2,50,9.97108e-05,0.00226327,1.19048
2019,5,14,2,60,9.97108e-05,0.00230526,1.19048
2019,5,14,2,70,9.97108e-05,0.00111562,1.19048
2019,5,14,2,80,9.97108e-05,0.00132134,1.19048
2019,5,14,2,90,9.97108e-05,0.00273551,1.19048
2019,5,14,2,100,9.97108e-05,0.00413171,1.19048
2019,5,14,2,110,9.97108e-05,0.00519831,1.19048
2019,5,14,2,120,9.97108e-05,0.00697567,1.19048
2019,5,14,2,130,9.97108e-05,0.00985156,1.19048
2019,5,14,2,140,9.97108e-05,0.0133622,1.19048
2019,5,14,2,150,9.97108e-05,0.0184305,1.19048
2019,5,14,2,160,9.97108e-05,0.0273812,1.19048
2019,5,14,2,170,0.199521,0.0423329,1.19048
2019,5,14,2,180,0.0998105,0.0644039,1.19048
2019,5,14,2,190,0.199521,0.0899209,1.19048
2019,5,14,2,200,0.0998105,0.10736,1.19048
2019,5,14,2,210,9.97108e-05,0.109309,1.19048
2019,5,14,2,220,0.0998105,0.104017,1.19048
2019,5,14,2,230,9.97108e-05,0.100396,1.19048
2019,5,14,2,240,9.97108e-05,0.0942537,1.19048
2019,5,14,2,250,9.97108e-05,0.0788814,1.19048
2019,5,14,2,260,0.199521,0.0558938,1.19048
2019,5,14,2,270,0.0998105,0.0327621,1.19048
2019,5,14,2,280,9.97108e-05,0.015695,1.19048
2019,5,14,2,290,9.97108e-05,0.00611478,1.19048
2019,5,14,2,300,9.97108e-05,0.00195946,1.19048
2019,5,14,2,310,9.97108e-05,0.000660423,1.19048
2020,5,14,2,30,9.97108e-05,0.000149153,0.357144
2020,5,14,2,40,9.97108e-05,0.000552115,0.357144
2020,5,14,2,50,9.97108e-05,0.00151885,0.357144
2020,5,14,2,60,9.97108e-05,0.00160378,0.357144
2020,5,14,2,70,9.97108e-05,0.00118437,0.357144
2020,5,14,2,80,9.97108e-05,0.0025184,0.357144
2020,5,14,2,90,9.97108e-05,0.0054885,0.357144
2020,5,14,2,100,9.97108e-05,0.00787278,0.357144
2020,5,14,2,110,9.97108e-05,0.00853623,0.357144
2020,5,14,2,120,9.97108e-05,0.0094485,0.357144
2020,5,14,2,130,9.97108e-05,0.0122966,0.357144
2020,5,14,2,140,9.97108e-05,0.0166989,0.357144
2020,5,14,2,150,9.97108e-05,0.0223897,0.357144
2020,5,14,2,160,9.97108e-05,0.0302885,0.357144
2020,5,14,2,170,9.97108e-05,0.0425185,0.357144
2020,5,14,2,180,9.97108e-05,0.0614868,0.357144
2020,5,14,2,190,9.97108e-05,0.0843971,0.357144
2020,5,14,2,200,9.97108e-05,0.10002,0.357144
2020,5,14,2,210,9.97108e-05,0.101357,0.357144
2020,5,14,2,220,9.97108e-05,0.0972681,0.357144
2020,5,14,2,230,9.97108e-05,0.0967052,0.357144
2020,5,14,2,240,9.97108e-05,0.0941951,0.357144
2020,5,14,2,250,0.332469,0.0812953,0.357144
2020,5,14,2,260,9.97108e-05,0.0588874,0.357144
2020,5,14,2,270,0.332469,0.0350093,0.357144
2020,5,14,2,280,9.97108e-05,0.0169003,0.357144
2020,5,14,2,290,0.332469,0.00660001,0.357144
2020,5,14,2,300,9.97108e-05,0.00210934,0.357144
2020,5,14,2,310,9.97108e-05,0.000704076,0.357144
2021,5,14,2,30,9.97108e-05,0.000128762,3.2143
2021,5,14,2,40,9.97108e-05,0.000365546,3.2143
2021,5,14,2,50,9.97108e-05,0.000933882,3.2143
2021,5,14,2,60,9.97108e-05,0.000987358,3.2143
2021,5,14,2,70,9.97108e-05,0.000764956,3.2143
2021,5,14,2,80,9.97108e-05,0.00164969,3.2143
2021,5,14,2,90,9.97108e-05,0.00371904,3.2143
2021,5,14,2,100,9.97108e-05,0.00610158,3.2143
2021,5,14,2,110,0.0370297,0.00902381,3.2143
2021,5,14,2,120,9.97108e-05,0.0140596,3.2143
2021,5,14,2,130,0.0370297,0.0206092,3.2143
2021,5,14,2,140,0.0739596,0.0261784,3.2143
2021,5,14,2,150,9.97108e-05,0.0309137,3.2143
2021,5,14,2,160,0.0739596,0.0375277,3.2143
2021,5,14,2,170,0.221679,0.0481076,3.2143
2021,5,14,2,180,0.147819,0.0636548,3.2143
2021,5,14,2,190,0.0739596,0.08181,3.2143
2021,5,14,2,200,0.0370297,0.0935993,3.2143
2021,5,14,2,210,0.0739596,0.0929836,3.2143
2021,5,14,2,220,0.0739596,0.088306,3.2143
2021,5,14,2,230,0.0739596,0.0887353,3.2143
2021,5,14,2,240,0.0370297,0.0889628,3.2143
2021,5,14,2,250,9.97108e-05,0.0792268,3.2143
2021,5,14,2,260,9.97108e-05,0.0588743,3.2143
2021,5,14,2,270,0.0370297,0.035639,3.2143
2021,5,14,2,280,9.97108e-05,0.017398,3.2143
2021,5,14,2,290,9.97108e-05,0.00683106,3.2143
2021,5,14,2,300,9.97108e-05,0.00218359,3.2143
2021,5,14,2,310,9.97108e-05,0.000724583,3.2143
2004,5,15,2,30,9.97108e-05,0.000696766,0.001
2004,5,15,2,40,9.97108e-05,0.00705899,0.001
2004,5,15,2,50,9.97108e-05,0.0259726,0.001
2004,5,15,2,60,9.97108e-05,0.0300953,0.001
2004,5,15,2,70,0.0086586,0.0175443,0.001
2004,5,15,2,80,0.0985267,0.0285771,0.001
2004,5,15,2,90,0.113505,0.0583226,0.001
2004,5,15,2,100,0.0728501,0.0761315,0.001
2004,5,15,2,110,0.027916,0.075855,0.001
2004,5,15,2,120,0.0535926,0.0790379,0.001
2004,5,15,2,130,0.113505,0.0904314,0.001
2004,5,15,2,140,0.173417,0.0976213,0.001
2004,5,15,2,150,0.132762,0.0946507,0.001
2004,5,15,2,160,0.0792692,0.0823826,0.001
2004,5,15,2,170,0.0535926,0.0673466,0.001
2004,5,15,2,180,0.027916,0.0552312,0.001
2004,5,15,2,190,0.0193572,0.0437213,0.001
2004,5,15,2,200,0.0172174,0.0300982,0.001
2004,5,15,2,210,9.97108e-05,0.01744,0.001
2004,5,15,2,220,0.00223945,0.00937391,0.001
2004,5,15,2,230,0.00223945,0.00537493,0.001
2004,5,15,2,240,0.00223945,0.00325509,0.001
2004,5,15,2,250,9.97108e-05,0.00185842,0.001
2004,5,15,2,260,9.97108e-05,0.000940287,0.001
2004,5,15,2,270,9.97108e-05,0.00043369,0.001
2004,5,15,2,280,9.97108e-05,0.000209757,0.001
2004,5,15,2,290,9.97108e-05,0.000130168,0.001
2004,5,15,2,300,9.97108e-05,0.000106908,0.001
2004,5,15,2,310,9.97108e-05,0.000101611,0.001
2004,8,15,2,30,9.97108e-05,0.000156718,0.001
2004,8,15,2,40,9.97108e-05,0.00128417,0.001
2004,8,15,2,50,9.97108e-05,0.0102289,0.001
2004,8,15,2,60,9.97108e-05,0.0338284,0.001
2004,8,15,2,70,0.0141435,0.0461341,0.001
2004,8,15,2,80,0.131175,0.0362346,0.001
2004,8,15,2,90,0.0984061,0.0435016,0.001
2004,8,15,2,100,0.0703186,0.0700858,0.001
2004,8,15,2,110,0.0609561,0.0850829,0.001
2004,8,15,2,120,0.103087,0.0847191,0.001
2004,8,15,2,130,0.154581,0.0865189,0.001
2004,8,15,2,140,0.135856,0.0917186,0.001
2004,8,15,2,150,0.103087,0.0919868,0.001
2004,8,15,2,160,0.0469123,0.0833093,0.001
2004,8,15,2,170,0.0281873,0.0691361,0.001
2004,8,15,2,180,0.0188248,0.0556332,0.001
2004,8,15,2,190,0.0141435,0.0429638,0.001
2004,8,15,2,200,0.00946218,0.0292443,0.001
2004,8,15,2,210,0.00946218,0.0169364,0.001
2004,8,15,2,220,9.97108e-05,0.00913769,0.001
2004,8,15,2,230,9.97108e-05,0.00525224,0.001
2004,8,15,2,240,9.97108e-05,0.0031832,0.001
2004,8,15,2,250,9.97108e-05,0.0018213,0.001
2004,8,15,2,260,9.97108e-05,0.000925426,0.001
2004,8,15,2,270,9.97108e-05,0.000429194,0.001
2004,8,15,2,280,9.97108e-05,0.000208741,0.001
2004,8,15,2,290,9.97108e-05,0.000130008,0.001
2004,8,15,2,300,9.97108e-05,0.000106897,0.001
2004,8,15,2,310,9.97108e-05,0.000101617,0.001
2004,8,16,2,30,9.97108e-05,9.9889e-05,0.01
2004,8,16,2,40,9.97108e-05,0.000107945,0.01
2004,8,16,2,50,9.97108e-05,0.000244726,0.01
2004,8,16,2,60,9.97108e-05,0.00103563,0.01
2004,8,16,2,70,0.000235061,0.00245746,0.01
2004,8,16,2,80,0.000390762,0.00346093,0.01
2004,8,16,2,90,0.00241497,0.00727908,0.01
2004,8,16,2,100,0.00919543,0.0187662,0.01
2004,8,16,2,110,0.026476,0.0344518,0.01
2004,8,16,2,120,0.0328356,0.0494936,0.01
2004,8,16,2,130,0.0616796,0.0691235,0.01
2004,8,16,2,140,0.0712009,0.0942283,0.01
2004,8,16,2,150,0.105002,0.111589,0.01
2004,8,16,2,160,0.116282,0.109691,0.01
2004,8,16,2,170,0.123597,0.0984586,0.01
2004,8,16,2,180,0.127999,0.0893506,0.01
2004,8,16,2,190,0.0879651,0.0810694,0.01
2004,8,16,2,200,0.0779199,0.0674277,0.01
2004,8,16,2,210,0.0535,0.0494657,0.01
2004,8,16,2,220,0.0368799,0.0344948,0.01
2004,8,16,2,230,0.020879,0.0258961,0.01
2004,8,16,2,240,0.0173476,0.0204805,0.01
2004,8,16,2,250,0.0154299,0.0150171,0.01
2004,8,16,2,260,0.00551135,0.00926941,0.01
2004,8,16,2,270,0.00307777,0.00455797,0.01
2004,8,16,2,280,0.000356211,0.00172511,0.01
2004,8,16,2,290,0.00117556,0.000506804,0.01
2004,8,16,2,300,0.00215061,0.000151392,0.01
2004,8,16,2,310,9.97108e-05,9.97108e-05,0.01
2004,11,16,2,30,9.97108e-05,9.97299e-05,0.01
2004,11,16,2,40,9.97108e-05,0.00010094,0.01
2004,11,16,2,50,9.97108e-05,0.00013525,0.01
2004,11,16,2,60,9.97108e-05,0.000539278,0.01
2004,11,16,2,70,9.97108e-05,0.00244758,0.01
2004,11,16,2,80,0.000150195,0.0059611,0.01
2004,11,16,2,90,0.00303683,0.00930327,0.01
2004,11,16,2,100,0.0063706,0.0166287,0.01
2004,11,16,2,110,0.018714,0.0333949,0.01
2004,11,16,2,120,0.0309438,0.0534053,0.01
2004,11,16,2,130,0.0541878,0.0712509,0.01
2004,11,16,2,140,0.0645548,0.0908945,0.01
2004,11,16,2,150,0.105881,0.107779,0.01
2004,11,16,2,160,0.114534,0.10953,0.01
2004,11,16,2,170,0.0996562,0.100768,0.01
2004,11,16,2,180,0.129647,0.0910487,0.01
2004,11,16,2,190,0.107901,0.0809584,0.01
2004,11,16,2,200,0.0813424,0.0663761,0.01
2004,11,16,2,210,0.0526629,0.0485053,0.01
2004,11,16,2,220,0.0417817,0.0339214,0.01
2004,11,16,2,230,0.0298909,0.0255601,0.01
2004,11,16,2,240,0.0215126,0.0202528,0.01
2004,11,16,2,250,0.0147782,0.0148814,0.01
2004,11,16,2,260,0.00947799,0.00921665,0.01
2004,11,16,2,270,0.00437676,0.00455053,0.01
2004,11,16,2,280,0.00515802,0.00172913,0.01
2004,11,16,2,290,0.00161071,0.000509382,0.01
2004,11,16,2,300,0.00107027,0.000151897,0.01
2004,11,16,2,310,0.000261471,9.97108e-05,0.01
2005,2,16,2,30,9.97108e-05,0.000141916,0.01
2005,2,16,2,40,9.97108e-05,0.000126328,0.01
2005,2,16,2,50,9.97108e-05,0.000108454,0.01
2005,2,16,2,60,9.97108e-05,0.000237514,0.01
2005,2,16,2,70,0.000368445,0.00134099,0.01
2005,2,16,2,80,0.00646073,0.0055364,0.01
2005,2,16,2,90,0.00744661,0.0127438,0.01
2005,2,16,2,100,0.0158724,0.0201887,0.01
2005,2,16,2,110,0.00691707,0.0323765,0.01
2005,2,16,2,120,0.0228532,0.0532145,0.01
2005,2,16,2,130,0.0431034,0.0742366,0.01
2005,2,16,2,140,0.0515793,0.0909295,0.01
2005,2,16,2,150,0.118411,0.10437,0.01
2005,2,16,2,160,0.104994,0.107583,0.01
2005,2,16,2,170,0.087661,0.101558,0.01
2005,2,16,2,180,0.115279,0.0923641,0.01
2005,2,16,2,190,0.108819,0.0810595,0.01
2005,2,16,2,200,0.113272,0.0654556,0.01
2005,2,16,2,210,0.0612371,0.0474624,0.01
2005,2,16,2,220,0.0631041,0.0331924,0.01
2005,2,16,2,230,0.0321467,0.0250959,0.01
2005,2,16,2,240,0.0158882,0.0199339,0.01
2005,2,16,2,250,0.0138941,0.0146731,0.01
2005,2,16,2,260,0.00282071,0.00910455,0.01
2005,2,16,2,270,0.00343207,0.0045015,0.01
2005,2,16,2,280,0.00103539,0.0017109,0.01
2005,2,16,2,290,0.00146973,0.000503879,0.01
2005,2,16,2,300,0.00130802,0.000150972,0.01
2005,2,16,2,310,0.000228061,9.97108e-05,0.01
2005,5,16,2,30,9.97108e-05,0.0001018,0.00837711
2005,5,16,2,40,9.97108e-05,0.000153181,0.00837711
2005,5,16,2,50,9.97108e-05,0.000500633,0.00837711
2005,5,16,2,60,9.97108e-05,0.000990611,0.00837711
2005,5,16,2,70,9.97108e-05,0.0011298,0.00837711
2005,5,16,2,80,9.97108e-05,0.00341729,0.00837711
2005,5,16,2,90,0.0026727,0.011594,0.00837711
2005,5,16,2,100,0.00678947,0.0242325,0.00837711
2005,5,16,2,110,0.00291317,0.0369741,0.00837711
2005,5,16,2,120,0.00730406,0.053625,0.00837711
2005,5,16,2,130,0.0722789,0.0749723,0.00837711
2005,5,16,2,140,0.0588057,0.092329,0.00837711
2005,5,16,2,150,0.0810746,0.102753,0.00837711
2005,5,16,2,160,0.10662,0.105029,0.00837711
2005,5,16,2,170,0.242777,0.100921,0.00837711
2005,5,16,2,180,0.109844,0.0929189,0.00837711
2005,5,16,2,190,0.115358,0.0810953,0.00837711
2005,5,16,2,200,0.058305,0.0646159,0.00837711
2005,5,16,2,210,0.0632049,0.0463612,0.00837711
2005,5,16,2,220,0.013668,0.032292,0.00837711
2005,5,16,2,230,0.0159152,0.0244361,0.00837711
2005,5,16,2,240,0.00936246,0.0194404,0.00837711
2005,5,16,2,250,0.0253569,0.0143331,0.00837711
2005,5,16,2,260,0.00389066,0.00891729,0.00837711
2005,5,16,2,270,0.00112891,0.00442581,0.00837711
2005,5,16,2,280,0.000614303,0.00169,0.00837711
2005,5,16,2,290,0.00131767,0.000500436,0.00837711
2005,5,16,2,300,9.97108e-05,0.000150755,0.00837711
2005,5,16,2,310,9.97108e-05,9.97108e-05,0.00837711
2005,8,16,2,30,9.97108e-05,9.99126e-05,0.01
2005,8,16,2,40,9.97108e-05,0.000109037,0.01
2005,8,16,2,50,9.97108e-05,0.000263969,0.01
2005,8,16,2,60,9.97108e-05,0.00116012,0.01
2005,8,16,2,70,9.97108e-05,0.00277674,0.01
2005,8,16,2,80,9.97108e-05,0.00396984,0.01
2005,8,16,2,90,9.97108e-05,0.00856978,0.01
2005,8,16,2,100,9.97108e-05,0.0223246,0.01
2005,8,16,2,110,0.0822156,0.0412322,0.01
2005,8,16,2,120,9.97108e-05,0.0585833,0.01
2005,8,16,2,130,0.0492001,0.0765051,0.01
2005,8,16,2,140,0.0389383,0.0932595,0.01
2005,8,16,2,150,0.0716846,0.102453,0.01
2005,8,16,2,160,0.111974,0.102919,0.01
2005,8,16,2,170,0.12073,0.0993769,0.01
2005,8,16,2,180,0.151255,0.092644,0.01
2005,8,16,2,190,0.0979947,0.0809444,0.01
2005,8,16,2,200,0.0918131,0.0639194,0.01
2005,8,16,2,210,0.0568937,0.0453771,0.01
2005,8,16,2,220,0.0462768,0.0314025,0.01
2005,8,16,2,230,0.0222075,0.023745,0.01
2005,8,16,2,240,0.0235841,0.0189199,0.01
2005,8,16,2,250,0.0149214,0.013975,0.01
2005,8,16,2,260,0.00923322,0.0087167,0.01
2005,8,16,2,270,0.00352611,0.00434165,0.01
2005,8,16,2,280,0.00349438,0.00166528,0.01
2005,8,16,2,290,0.00124754,0.000495875,0.01
2005,8,16,2,300,0.000665081,0.000150381,0.01
2005,8,16,2,310,0.00124754,9.97108e-05,0.01
2005,11,16,2,30,9.97108e-05,9.9732e-05,0.01
2005,11,16,2,40,9.97108e-05,0.000101079,0.01
2005,11,16,2,50,9.97108e-05,0.000139262,0.01
2005,11,16,2,60,9.97108e-05,0.000588966,0.01
2005,11,16,2,70,9.97108e-05,0.00271462,0.01
2005,11,16,2,80,9.97108e-05,0.00664891,0.01
2005,11,16,2,90,0.00210087,0.0105291,0.01
2005,11,16,2,100,0.00937781,0.0192831,0.01
2005,11,16,2,110,0.066393,0.039221,0.01
2005,11,16,2,120,0.0133801,0.062762,0.01
2005,11,16,2,130,0.063832,0.0811272,0.01
2005,11,16,2,140,0.0629934,0.0949958,0.01
2005,11,16,2,150,0.0748757,0.102581,0.01
2005,11,16,2,160,0.109984,0.101448,0.01
2005,11,16,2,170,0.121665,0.0974527,0.01
2005,11,16,2,180,0.121245,0.0915466,0.01
2005,11,16,2,190,0.0999778,0.0803604,0.01
2005,11,16,2,200,0.0723833,0.0631997,0.01
2005,11,16,2,210,0.0638947,0.0444787,0.01
2005,11,16,2,220,0.0363511,0.0305464,0.01
2005,11,16,2,230,0.023546,0.0230425,0.01
2005,11,16,2,240,0.0256027,0.0183837,0.01
2005,11,16,2,250,0.0114659,0.0136077,0.01
2005,11,16,2,260,0.00903373,0.00850999,0.01
2005,11,16,2,270,0.00379496,0.00425322,0.01
2005,11,16,2,280,0.00405646,0.00163839,0.01
2005,11,16,2,290,0.00177488,0.00049063,0.01
2005,11,16,2,300,0.00151339,0.000149906,0.01
2005,11,16,2,310,0.000160353,9.97108e-05,0.01
2006,2,16,2,30,9.97108e-05,0.00015356,0.01
2006,2,16,2,40,9.97108e-05,0.00013364,0.01
2006,2,16,2,50,9.97108e-05,0.00010957,0.01
2006,2,16,2,60,9.97108e-05,0.000250885,0.01
2006,2,16,2,70,9.97108e-05,0.00146183,0.01
2006,2,16,2,80,9.97108e-05,0.00607274,0.01
2006,2,16,2,90,0.00142442,0.0140563,0.01
2006,2,16,2,100,0.0163575,0.0226069,0.01
2006,2,16,2,110,0.0422495,0.0370749,0.01
2006,2,16,2,120,9.97108e-05,0.0616237,0.01
2006,2,16,2,130,0.104626,0.085026,0.01
2006,2,16,2,140,0.113102,0.0986363,0.01
2006,2,16,2,150,0.0867484,0.103555,0.01
2006,2,16,2,160,0.0945333,0.100563,0.01
2006,2,16,2,170,0.11413,0.0956354,0.01
2006,2,16,2,180,0.0912372,0.089948,0.01
2006,2,16,2,190,0.0891619,0.0793109,0.01
2006,2,16,2,200,0.0989644,0.0623405,0.01
2006,2,16,2,210,0.0593568,0.0436126,0.01
2006,2,16,2,220,0.0242529,0.0297187,0.01
2006,2,16,2,230,0.0250035,0.0223283,0.01
2006,2,16,2,240,0.0135893,0.0178234,0.01
2006,2,16,2,250,0.00840098,0.0132161,0.01
2006,2,16,2,260,0.00840098,0.00827733,0.01
2006,2,16,2,270,0.00113737,0.00414106,0.01
2006,2,16,2,280,0.00113737,0.00159629,0.01
2006,2,16,2,290,0.00425035,0.000479234,0.01
2006,2,16,2,300,0.00113737,0.000148275,0.01
2006,2,16,2,310,9.97108e-05,9.97108e-05,0.01
2006,5,16,2,30,9.97108e-05,0.000102351,0.01
2006,5,16,2,40,9.97108e-05,0.000167302,0.01
2006,5,16,2,50,9.97108e-05,0.000606302,0.01
2006,5,16,2,60,9.97108e-05,0.00121956,0.01
2006,5,16,2,70,9.97108e-05,0.00131771,0.01
2006,5,16,2,80,9.97108e-05,0.003727,0.01
2006,5,16,2,90,0.0053529,0.0126172,0.01
2006,5,16,2,100,9.97108e-05,0.0265369,0.01
2006,5,16,2,110,0.0216128,0.0411083,0.01
2006,5,16,2,120,0.0914055,0.0607413,0.01
2006,5,16,2,130,0.102412,0.0852252,0.01
2006,5,16,2,140,0.0856519,0.10192,0.01
2006,5,16,2,150,0.0751455,0.105663,0.01
2006,5,16,2,160,0.0914055,0.100309,0.01
2006,5,16,2,170,0.123425,0.0940534,0.01
2006,5,16,2,180,0.0541328,0.0881041,0.01
2006,5,16,2,190,0.112919,0.0778417,0.01
2006,5,16,2,200,0.0751455,0.0612554,0.01
2006,5,16,2,210,0.0751455,0.0427148,0.01
2006,5,16,2,220,0.0373724,0.0288959,0.01
2006,5,16,2,230,0.0106061,0.0215768,0.01
2006,5,16,2,240,0.0211125,0.0172003,0.01
2006,5,16,2,250,0.0053529,0.0127724,0.01
2006,5,16,2,260,0.0053529,0.0080198,0.01
2006,5,16,2,270,9.97108e-05,0.0040261,0.01
2006,5,16,2,280,9.97108e-05,0.00155924,0.01
2006,5,16,2,290,0.0053529,0.000471421,0.01
2006,5,16,2,300,9.97108e-05,0.000147484,0.01
2006,5,16,2,310,9.97108e-05,9.97108e-05,0.01
2006,8,16,2,30,9.97108e-05,9.99649e-05,0.01
2006,8,16,2,40,9.97108e-05,0.000111456,0.01
2006,8,16,2,50,9.97108e-05,0.000306526,0.01
2006,8,16,2,60,9.97108e-05,0.0014336,0.01
2006,8,16,2,70,9.97108e-05,0.00344363,0.01
2006,8,16,2,80,9.97108e-05,0.00471478,0.01
2006,8,16,2,90,9.97108e-05,0.00943417,0.01
2006,8,16,2,100,0.00337286,0.0242075,0.01
2006,8,16,2,110,0.00538798,0.0449739,0.01
2006,8,16,2,120,0.0557736,0.0648014,0.01
2006,8,16,2,130,0.0552571,0.0856318,0.01
2006,8,16,2,140,0.0560641,0.103238,0.01
2006,8,16,2,150,0.0942365,0.107938,0.01
2006,8,16,2,160,0.110163,0.100816,0.01
2006,8,16,2,170,0.135214,0.0928389,0.01
2006,8,16,2,180,0.118572,0.0862389,0.01
2006,8,16,2,190,0.0732703,0.0761243,0.01
2006,8,16,2,200,0.0957768,0.0599851,0.01
2006,8,16,2,210,0.0580481,0.0417988,0.01
2006,8,16,2,220,0.0492854,0.0281316,0.01
2006,8,16,2,230,0.0308557,0.0208739,0.01
2006,8,16,2,240,0.0206679,0.0166019,0.01
2006,8,16,2,250,0.0172672,0.0123416,0.01
2006,8,16,2,260,0.00558664,0.00776885,0.01
2006,8,16,2,270,0.00559977,0.00391334,0.01
2006,8,16,2,280,0.00414282,0.00152245,0.01
2006,8,16,2,290,0.0038354,0.000463509,0.01
2006,8,16,2,300,0.000824904,0.00014666,0.01
2006,8,16,2,310,9.97108e-05,9.97108e-05,0.01
2006,11,16,2,30,9.97108e-05,9.97376e-05,0.01
2006,11,16,2,40,9.97108e-05,0.000101438,0.01
2006,11,16,2,50,9.97108e-05,0.000149639,0.01
2006,11,16,2,60,9.97108e-05,0.000717071,0.01
2006,11,16,2,70,9.97108e-05,0.00339289,0.01
2006,11,16,2,80,9.97108e-05,0.00826495,0.01
2006,11,16,2,90,0.000813327,0.0125472,0.01
2006,11,16,2,100,0.0416606,0.0214349,0.01
2006,11,16,2,110,0.0513662,0.0425599,0.01
2006,11,16,2,120,0.0218593,0.0683194,0.01
2006,11,16,2,130,0.118501,0.089179,0.01
2006,11,16,2,140,0.0816217,0.104371,0.01
2006,11,16,2,150,0.0856232,0.109243,0.01
2006,11,16,2,160,0.0980289,0.101461,0.01
2006,11,16,2,170,0.109927,0.091819,0.01
2006,11,16,2,180,0.0953488,0.0842289,0.01
2006,11,16,2,190,0.0760508,0.0740501,0.01
2006,11,16,2,200,0.067592,0.0583817,0.01
2006,11,16,2,210,0.0484924,0.0407209,0.01
2006,11,16,2,220,0.0432888,0.0273408,0.01
2006,11,16,2,230,0.021544,0.0201833,0.01
2006,11,16,2,240,0.0146562,0.0160122,0.01
2006,11,16,2,250,0.00919696,0.0119148,0.01
2006,11,16,2,260,0.00372474,0.0075201,0.01
2006,11,16,2,270,0.00109453,0.00380136,0.01
2006,11,16,2,280,0.00298268,0.00148562,0.01
2006,11,16,2,290,0.00345803,0.000455479,0.01
2006,11,16,2,300,0.00208141,0.000145806,0.01
2006,11,16,2,310,0.000489173,9.97108e-05,0.01
2007,2,16,2,30,9.97108e-05,0.000123865,0.01
2007,2,16,2,40,9.97108e-05,0.00011509,0.01
2007,2,16,2,50,9.97108e-05,0.000110613,0.01
2007,2,16,2,60,9.97108e-05,0.000290756,0.01
2007,2,16,2,70,9.97108e-05,0.0018195,0.01
2007,2,16,2,80,9.97108e-05,0.00761385,0.01
2007,2,16,2,90,9.97108e-05,0.0174077,0.01
2007,2,16,2,100,0.00680977,0.0267877,0.01
2007,2,16,2,110,0.0665377,0.0412664,0.01
2007,2,16,2,120,0.0131023,0.0667556,0.01
2007,2,16,2,130,0.0554318,0.0920332,0.01
2007,2,16,2,140,0.0687025,0.106929,0.01
2007,2,16,2,150,0.0774602,0.110244,0.01
2007,2,16,2,160,0.113701,0.101856,0.01
2007,2,16,2,170,0.09917,0.0910016,0.01
2007,2,16,2,180,0.12305,0.0822509,0.01
2007,2,16,2,190,0.115875,0.0717546,0.01
2007,2,16,2,200,0.0858945,0.0564837,0.01
2007,2,16,2,210,0.0553378,0.0394337,0.01
2007,2,16,2,220,0.041818,0.0264523,0.01
2007,2,16,2,230,0.0233004,0.0194439,0.01
2007,2,16,2,240,0.0221094,0.015378,0.01
2007,2,16,2,250,0.0169149,0.0114421,0.01
2007,2,16,2,260,0.0050761,0.00723042,0.01
2007,2,16,2,270,0.00394625,0.0036591,0.01
2007,2,16,2,280,0.000993502,0.00143182,0.01
2007,2,16,2,290,0.00197402,0.000441067,0.01
2007,2,16,2,300,0.00170682,0.000143801,0.01
2007,2,16,2,310,0.000390156,9.97108e-05,0.01
2007,5,16,2,30,9.97108e-05,0.000100891,0.01
2007,5,16,2,40,9.97108e-05,0.000129927,0.01
2007,5,16,2,50,9.97108e-05,0.000327224,0.01
2007,5,16,2,60,9.97108e-05,0.000631613,0.01
2007,5,16,2,70,9.97108e-05,0.00106006,0.01
2007,5,16,2,80,9.97108e-05,0.00452434,0.01
2007,5,16,2,90,9.97108e-05,0.015693,0.01
2007,5,16,2,100,0.0139576,0.0324234,0.01
2007,5,16,2,110,0.0782787,0.047961,0.01
2007,5,16,2,120,0.0172106,0.067038,0.01
2007,5,16,2,130,0.0532486,0.0916481,0.01
2007,5,16,2,140,0.0763082,0.109021,0.01
2007,5,16,2,150,0.0755495,0.111786,0.01
2007,5,16,2,160,0.0995289,0.102258,0.01
2007,5,16,2,170,0.0937816,0.0904296,0.01
2007,5,16,2,180,0.126741,0.0805897,0.01
2007,5,16,2,190,0.101405,0.0695613,0.01
2007,5,16,2,200,0.0795108,0.0545261,0.01
2007,5,16,2,210,0.058358,0.0380566,0.01
2007,5,16,2,220,0.0544974,0.0255046,0.01
2007,5,16,2,230,0.0196411,0.0186574,0.01
2007,5,16,2,240,0.0172375,0.0146869,0.01
2007,5,16,2,250,0.0100366,0.0109154,0.01
2007,5,16,2,260,0.00571942,0.00690908,0.01
2007,5,16,2,270,0.00931818,0.00350834,0.01
2007,5,16,2,280,0.00165738,0.00138002,0.01
2007,5,16,2,290,0.00506815,0.000429162,0.01
2007,5,16,2,300,0.00214752,0.00014245,0.01
2007,5,16,2,310,9.97108e-05,9.97108e-05,0.01
2007,8,16,2,30,9.97108e-05,9.98235e-05,0.01
2007,8,16,2,40,9.97108e-05,0.00010492,0.01
2007,8,16,2,50,9.97108e-05,0.000191594,0.01
2007,8,16,2,60,9.97108e-05,0.000698373,0.01
2007,8,16,2,70,9.97108e-05,0.00171368,0.01
2007,8,16,2,80,9.97108e-05,0.00339002,0.01
2007,8,16,2,90,0.00111784,0.0106526,0.01
2007,8,16,2,100,0.0032578,0.0295463,0.01
2007,8,16,2,110,0.0256482,0.0539265,0.01
2007,8,16,2,120,0.0415682,0.0741446,0.01
2007,8,16,2,130,0.064056,0.0933441,0.01
2007,8,16,2,140,0.097111,0.109886,0.01
2007,8,16,2,150,0.0784686,0.113449,0.01
2007,8,16,2,160,0.106338,0.103082,0.01
2007,8,16,2,170,0.110673,0.0901847,0.01
2007,8,16,2,180,0.116641,0.0793598,0.01
2007,8,16,2,190,0.102653,0.0677095,0.01
2007,8,16,2,200,0.0876587,0.0527395,0.01
2007,8,16,2,210,0.0665729,0.0367564,0.01
2007,8,16,2,220,0.0472565,0.0246212,0.01
2007,8,16,2,230,0.0196339,0.0179437,0.01
2007,8,16,2,240,0.012108,0.0140593,0.01
2007,8,16,2,250,0.00831528,0.0104307,0.01
2007,8,16,2,260,0.00380539,0.00660981,0.01
2007,8,16,2,270,0.00235458,0.00336661,0.01
2007,8,16,2,280,0.00173349,0.00133086,0.01
2007,8,16,2,290,0.000902735,0.000417734,0.01
2007,8,16,2,300,0.00136067,0.000141135,0.01
2007,8,16,2,310,0.000168288,9.97108e-05,0.01
2007,11,16,2,30,9.97108e-05,9.97226e-05,0.01
2007,11,16,2,40,9.97108e-05,0.000100469,0.01
2007,11,16,2,50,9.97108e-05,0.000121662,0.01
2007,11,16,2,60,0.000127241,0.00037233,0.01
2007,11,16,2,70,9.97108e-05,0.00158314,0.01
2007,11,16,2,80,9.97108e-05,0.00415708,0.01
2007,11,16,2,90,0.00131102,0.00886367,0.01
2007,11,16,2,100,0.00118588,0.0226891,0.01
2007,11,16,2,110,0.0206396,0.0505471,0.01
2007,11,16,2,120,0.00433783,0.0802777,0.01
2007,11,16,2,130,0.0369411,0.100267,0.01
2007,11,16,2,140,0.0506482,0.112638,0.01
2007,11,16,2,150,0.0736017,0.115178,0.01
2007,11,16,2,160,0.0858004,0.104438,0.01
2007,11,16,2,170,0.118952,0.0905042,0.01
2007,11,16,2,180,0.124291,0.0786658,0.01
2007,11,16,2,190,0.126926,0.0663388,0.01
2007,11,16,2,200,0.0971279,0.0512724,0.01
2007,11,16,2,210,0.0863979,0.0356327,0.01
2007,11,16,2,220,0.0516734,0.0238545,0.01
2007,11,16,2,230,0.0316784,0.0173357,0.01
2007,11,16,2,240,0.0276075,0.0135243,0.01
2007,11,16,2,250,0.0246512,0.0100123,0.01
2007,11,16,2,260,0.011509,0.00634896,0.01
2007,11,16,2,270,0.00769762,0.00324239,0.01
2007,11,16,2,280,0.00714342,0.00128765,0.01
2007,11,16,2,290,0.00467426,0.000407667,0.01
2007,11,16,2,300,0.00278154,0.000139975,0.01
2007,11,16,2,310,0.00179669,9.97108e-05,0.01
2008,2,16,2,30,9.97108e-05,0.000149207,0.01
2008,2,16,2,40,9.97108e-05,0.000130825,0.01
2008,2,16,2,50,9.97108e-05,0.000105884,0.01
2008,2,16,2,60,9.97108e-05,0.000183921,0.01
2008,2,16,2,70,9.97108e-05,0.000864844,0.01
2008,2,16,2,80,0.000728408,0.00356122,0.01
2008,2,16,2,90,0.000796986,0.00916806,0.01
2008,2,16,2,100,0.0142492,0.0195427,0.01
2008,2,16,2,110,0.0667462,0.04253,0.01
2008,2,16,2,120,0.0427963,0.0776926,0.01
2008,2,16,2,130,0.0902654,0.106668,0.01
2008,2,16,2,140,0.0734606,0.119153,0.01
2008,2,16,2,150,0.0868631,0.118557,0.01
2008,2,16,2,160,0.0775411,0.106535,0.01
2008,2,16,2,170,0.104253,0.0916407,0.01
2008,2,16,2,180,0.0914377,0.0787271,0.01
2008,2,16,2,190,0.0776823,0.0656138,0.01
2008,2,16,2,200,0.10512,0.050276,0.01
2008,2,16,2,210,0.0449675,0.034795,0.01
2008,2,16,2,220,0.0368447,0.0232696,0.01
2008,2,16,2,230,0.0179986,0.016878,0.01
2008,2,16,2,240,0.0169192,0.0131199,0.01
2008,2,16,2,250,0.0121099,0.00968757,0.01
2008,2,16,2,260,0.0164925,0.00613719,0.01
2008,2,16,2,270,0.0052437,0.00313395,0.01
2008,2,16,2,280,0.0101947,0.00124537,0.01
2008,2,16,2,290,0.00261449,0.000396064,0.01
2008,2,16,2,300,0.00207631,0.000138331,0.01
2008,2,16,2,310,0.00210022,9.97108e-05,0.01
2008,5,16,2,30,9.97108e-05,0.000102155,0.01
2008,5,16,2,40,9.97108e-05,0.000162255,0.01
2008,5,16,2,50,9.97108e-05,0.000568001,0.01
2008,5,16,2,60,9.97108e-05,0.00112184,0.01
2008,5,16,2,70,9.97108e-05,0.00104063,0.01
2008,5,16,2,80,0.00130374,0.0022289,0.01
2008,5,16,2,90,0.00143675,0.007627,0.01
2008,5,16,2,100,0.0305145,0.0184113,0.01
2008,5,16,2,110,0.0770473,0.0372599,0.01
2008,5,16,2,120,0.0414,0.069606,0.01
2008,5,16,2,130,0.0954779,0.106048,0.01
2008,5,16,2,140,0.0766202,0.1258,0.01
2008,5,16,2,150,0.0760464,0.124519,0.01
2008,5,16,2,160,0.0768728,0.109995,0.01
2008,5,16,2,170,0.101659,0.0937093,0.01
2008,5,16,2,180,0.102332,0.079654,0.01
2008,5,16,2,190,0.100739,0.0656079,0.01
2008,5,16,2,200,0.0607663,0.0498012,0.01
2008,5,16,2,210,0.0317573,0.0342742,0.01
2008,5,16,2,220,0.0493636,0.0228599,0.01
2008,5,16,2,230,0.0207055,0.0165304,0.01
2008,5,16,2,240,0.0266826,0.012794,0.01
2008,5,16,2,250,0.0134399,0.00941846,0.01
2008,5,16,2,260,0.0039012,0.00596443,0.01
2008,5,16,2,270,0.00196312,0.00305168,0.01
2008,5,16,2,280,0.00698096,0.00121754,0.01
2008,5,16,2,290,0.00229179,0.000389944,0.01
2008,5,16,2,300,9.97108e-05,0.000137688,0.01
2008,5,16,2,310,9.97108e-05,9.97108e-05,0.01
2008,8,16,2,30,9.97108e-05,9.99474e-05,0.01
2008,8,16,2,40,9.97108e-05,0.000110646,0.01
2008,8,16,2,50,9.97108e-05,0.00029219,0.01
2008,8,16,2,60,9.97108e-05,0.00133838,0.01
2008,8,16,2,70,9.97108e-05,0.00315358,0.01
2008,8,16,2,80,9.97108e-05,0.00383974,0.01
2008,8,16,2,90,0.000872699,0.0060307,0.01
2008,8,16,2,100,0.00941772,0.0154164,0.01
2008,8,16,2,110,0.0731582,0.0336458,0.01
2008,8,16,2,120,0.0325399,0.0622446,0.01
2008,8,16,2,130,0.105914,0.099564,0.01
2008,8,16,2,140,0.0964427,0.127821,0.01
2008,8,16,2,150,0.10171,0.131203,0.01
2008,8,16,2,160,0.0864726,0.115206,0.01
2008,8,16,2,170,0.0952423,0.0968752,0.01
2008,8,16,2,180,0.092576,0.0814482,0.01
2008,8,16,2,190,0.0752625,0.0663328,0.01
2008,8,16,2,200,0.0667218,0.0498651,0.01
2008,8,16,2,210,0.0558168,0.0340954,0.01
2008,8,16,2,220,0.0207052,0.0226526,0.01
2008,8,16,2,230,0.0285891,0.0163201,0.01
2008,8,16,2,240,0.0259495,0.0125743,0.01
2008,8,16,2,250,0.0129931,0.00922518,0.01
2008,8,16,2,260,0.0082067,0.00583618,0.01
2008,8,16,2,270,0.00549632,0.0029899,0.01
2008,8,16,2,280,0.000872699,0.00119676,0.01
2008,8,16,2,290,0.00216284,0.000385487,0.01
2008,8,16,2,300,0.00206941,0.000137244,0.01
2008,8,16,2,310,0.000210138,9.97108e-05,0.01
2008,11,16,2,30,9.97108e-05,9.97359e-05,0.01
2008,11,16,2,40,9.97108e-05,0.000101326,0.01
2008,11,16,2,50,9.97108e-05,0.00014639,0.01
2008,11,16,2,60,9.97108e-05,0.000676345,0.01
2008,11,16,2,70,9.97108e-05,0.00316234,0.01
2008,11,16,2,80,9.97108e-05,0.0075224,0.01
2008,11,16,2,90,0.00324845,0.0102875,0.01
2008,11,16,2,100,0.0216875,0.0146133,0.01
2008,11,16,2,110,0.0599126,0.0290973,0.01
2008,11,16,2,120,0.0276609,0.0556545,0.01
2008,11,16,2,130,0.097152,0.0911993,0.01
2008,11,16,2,140,0.0971024,0.124104,0.01
2008,11,16,2,150,0.0851419,0.135025,0.01
2008,11,16,2,160,0.0851444,0.120902,0.01
2008,11,16,2,170,0.0769514,0.100873,0.01
2008,11,16,2,180,0.0751909,0.083793,0.01
2008,11,16,2,190,0.0970874,0.0674999,0.01
2008,11,16,2,200,0.0991893,0.050271,0.01
2008,11,16,2,210,0.0438517,0.0341442,0.01
2008,11,16,2,220,0.039229,0.0225875,0.01
2008,11,16,2,230,0.0448869,0.0162119,0.01
2008,11,16,2,240,0.0195807,0.0124384,0.01
2008,11,16,2,250,0.00579876,0.00909516,0.01
2008,11,16,2,260,0.0101117,0.00574667,0.01
2008,11,16,2,270,0.00700386,0.0029465,0.01
2008,11,16,2,280,0.00198605,0.00118247,0.01
2008,11,16,2,290,0.000406902,0.000382596,0.01
2008,11,16,2,300,0.00080886,0.000136991,0.01
2008,11,16,2,310,0.00026819,9.97108e-05,0.01
2009,2,16,2,30,9.97108e-05,0.000146327,0.01
2009,2,16,2,40,9.97108e-05,0.000129146,0.01
2009,2,16,2,50,9.97108e-05,0.000110806,0.01
2009,2,16,2,60,9.97108e-05,0.000279121,0.01
2009,2,16,2,70,9.97108e-05,0.0017115,0.01
2009,2,16,2,80,9.97108e-05,0.00708896,0.01
2009,2,16,2,90,0.0164583,0.0157184,0.01
2009,2,16,2,100,0.0585762,0.0219218,0.01
2009,2,16,2,110,0.0391379,0.0296275,0.01
2009,2,16,2,120,0.053389,0.0496349,0.01
2009,2,16,2,130,0.0465366,0.0822386,0.01
2009,2,16,2,140,0.0693794,0.116544,0.01
2009,2,16,2,150,0.0594749,0.134183,0.01
2009,2,16,2,160,0.125718,0.125064,0.01
2009,2,16,2,170,0.0520584,0.105112,0.01
2009,2,16,2,180,0.135906,0.0864493,0.01
2009,2,16,2,190,0.0509433,0.0688326,0.01
2009,2,16,2,200,0.118667,0.0507742,0.01
2009,2,16,2,210,0.0543208,0.0342388,0.01
2009,2,16,2,220,0.0585461,0.0225312,0.01
2009,2,16,2,230,0.022571,0.0160986,0.01
2009,2,16,2,240,0.0155137,0.012297,0.01
2009,2,16,2,250,0.00873062,0.0089584,0.01
2009,2,16,2,260,0.000452033,0.0056464,0.01
2009,2,16,2,270,0.00269544,0.00289137,0.01
2009,2,16,2,280,0.00154087,0.00116007,0.01
2009,2,16,2,290,0.0059916,0.000376281,0.01
2009,2,16,2,300,0.00139758,0.000136076,0.01
2009,2,16,2,310,0.00139758,9.97108e-05,0.01
2009,5,16,2,30,9.97108e-05,0.000102007,0.01
2009,5,16,2,40,9.97108e-05,0.000158487,0.01
2009,5,16,2,50,9.97108e-05,0.000540645,0.01
2009,5,16,2,60,9.97108e-05,0.00108592,0.01
2009,5,16,2,70,9.97108e-05,0.00132298,0.01
2009,5,16,2,80,0.00753632,0.00434031,0.01
2009,5,16,2,90,0.00190862,0.01463,0.01
2009,5,16,2,100,0.0276353,0.0290713,0.01
2009,5,16,2,110,0.0489401,0.039235,0.01
2009,5,16,2,120,0.051553,0.0506595,0.01
2009,5,16,2,130,0.0549698,0.0747633,0.01
2009,5,16,2,140,0.0845153,0.106936,0.01
2009,5,16,2,150,0.0847162,0.128921,0.01
2009,5,16,2,160,0.0943637,0.126018,0.01
2009,5,16,2,170,0.104011,0.108466,0.01
2009,5,16,2,180,0.109639,0.089046,0.01
2009,5,16,2,190,0.0881331,0.0701121,0.01
2009,5,16,2,200,0.089741,0.0511861,0.01
2009,5,16,2,210,0.0433124,0.0342428,0.01
2009,5,16,2,220,0.0254244,0.0223832,0.01
2009,5,16,2,230,0.031856,0.0158903,0.01
2009,5,16,2,240,0.0113551,0.0120674,0.01
2009,5,16,2,250,0.00733533,0.00875388,0.01
2009,5,16,2,260,0.00572741,0.00550648,0.01
2009,5,16,2,270,0.00492346,0.00282084,0.01
2009,5,16,2,280,0.0210026,0.00113503,0.01
2009,5,16,2,290,0.000300702,0.000370531,0.01
2009,5,16,2,300,0.000501688,0.000135446,0.01
2009,5,16,2,310,9.97108e-05,9.97108e-05,0.01
2009,8,16,2,30,9.97108e-05,9.99314e-05,0.01
2009,8,16,2,40,9.97108e-05,0.00010991,0.01
2009,8,16,2,50,9.97108e-05,0.000279368,0.01
2009,8,16,2,60,9.97108e-05,0.00126086,0.01
2009,8,16,2,70,9.97108e-05,0.00305566,0.01
2009,8,16,2,80,0.0380337,0.00459745,0.01
2009,8,16,2,90,0.000829187,0.0106548,0.01
2009,8,16,2,100,0.0272233,0.0275522,0.01
2009,8,16,2,110,0.04148,0.0478409,0.01
2009,8,16,2,120,0.0316107,0.0607883,0.01
2009,8,16,2,130,0.0923832,0.0746082,0.01
2009,8,16,2,140,0.088741,0.0984869,0.01
2009,8,16,2,150,0.113855,0.120809,0.01
2009,8,16,2,160,0.0950801,0.123434,0.01
2009,8,16,2,170,0.0970573,0.109997,0.01
2009,8,16,2,180,0.0977868,0.0912214,0.01
2009,8,16,2,190,0.0666933,0.0713472,0.01
2009,8,16,2,200,0.0810944,0.0515748,0.01
2009,8,16,2,210,0.0489056,0.0342269,0.01
2009,8,16,2,220,0.0426135,0.022218,0.01
2009,8,16,2,230,0.00804721,0.0156639,0.01
2009,8,16,2,240,0.00609434,0.0118225,0.01
2009,8,16,2,250,0.00988458,0.00853857,0.01
2009,8,16,2,260,0.00376989,0.00535927,0.01
2009,8,16,2,270,0.00743269,0.00274577,0.01
2009,8,16,2,280,0.00022205,0.00110777,0.01
2009,8,16,2,290,9.97108e-05,0.000364064,0.01
2009,8,16,2,300,0.000464449,0.000134704,0.01
2009,8,16,2,310,9.97108e-05,9.97108e-05,0.01
2005,2,17,2,30,9.97108e-05,0.00140749,0.001
2005,2,17,2,40,9.97108e-05,0.000413354,0.001
2005,2,17,2,50,9.97108e-05,0.000129053,0.001
2005,2,17,2,60,9.97108e-05,0.000289866,0.001
2005,2,17,2,70,9.97108e-05,0.000975747,0.001
2005,2,17,2,80,0.00212224,0.00230258,0.001
2005,2,17,2,90,0.00616731,0.00338393,0.001
2005,2,17,2,100,0.0304377,0.00382252,0.001
2005,2,17,2,110,0.0122349,0.00490661,0.001
2005,2,17,2,120,0.103249,0.00733734,0.001
2005,2,17,2,130,0.0425729,0.0105551,0.001
2005,2,17,2,140,0.081001,0.0150897,0.001
2005,2,17,2,150,0.174037,0.0228344,0.001
2005,2,17,2,160,0.0971813,0.0346256,0.001
2005,2,17,2,170,0.0749334,0.0497324,0.001
2005,2,17,2,180,0.127519,0.0677578,0.001
2005,2,17,2,190,0.0425729,0.0868794,0.001
2005,2,17,2,200,0.0627982,0.0990591,0.001
2005,2,17,2,210,0.0729109,0.0977746,0.001
2005,2,17,2,220,0.0284152,0.0908079,0.001
2005,2,17,2,230,0.00818984,0.0890172,0.001
2005,2,17,2,240,0.0183025,0.0896136,0.001
2005,2,17,2,250,0.00616731,0.0826087,0.001
2005,2,17,2,260,0.00414478,0.0644643,0.001
2005,2,17,2,270,0.00212224,0.0410307,0.001
2005,2,17,2,280,9.97108e-05,0.0209431,0.001
2005,2,17,2,290,0.00212224,0.0085227,0.001
2005,2,17,2,300,9.97108e-05,0.00278743,0.001
2005,2,17,2,310,9.97108e-05,0.000927838,0.001
2006,2,17,2,30,9.97108e-05,0.00188312,0.001
2006,2,17,2,40,9.97108e-05,0.000527162,0.001
2006,2,17,2,50,9.97108e-05,0.00013551,0.001
2006,2,17,2,60,9.97108e-05,0.000322669,0.001
2006,2,17,2,70,9.97108e-05,0.00112715,0.001
2006,2,17,2,80,9.97108e-05,0.0026862,0.001
2006,2,17,2,90,9.97108e-05,0.00397323,0.001
2006,2,17,2,100,9.97108e-05,0.00455543,0.001
2006,2,17,2,110,9.97108e-05,0.00598377,0.001
2006,2,17,2,120,9.97108e-05,0.00905995,0.001
2006,2,17,2,130,0.0454227,0.012898,0.001
2006,2,17,2,140,0.0454227,0.0174555,0.001
2006,2,17,2,150,0.0907461,0.02415,0.001
2006,2,17,2,160,0.0907461,0.0345607,0.001
2006,2,17,2,170,0.226715,0.0501088,0.001
2006,2,17,2,180,0.0907461,0.0705759,0.001
2006,2,17,2,190,0.0907461,0.0908045,0.001
2006,2,17,2,200,0.226715,0.100729,0.001
2006,2,17,2,210,0.0454227,0.0959305,0.001
2006,2,17,2,220,0.0454227,0.0868419,0.001
2006,2,17,2,230,9.97108e-05,0.0846161,0.001
2006,2,17,2,240,9.97108e-05,0.0856032,0.001
2006,2,17,2,250,9.97108e-05,0.0794816,0.001
2006,2,17,2,260,9.97108e-05,0.0625864,0.001
2006,2,17,2,270,9.97108e-05,0.0402761,0.001
2006,2,17,2,280,9.97108e-05,0.0208002,0.001
2006,2,17,2,290,9.97108e-05,0.00855752,0.001
2006,2,17,2,300,9.97108e-05,0.00282391,0.001
2006,2,17,2,310,9.97108e-05,0.000946175,0.001
2006,5,17,2,30,9.97108e-05,0.000165779,0.001
2006,5,17,2,40,9.97108e-05,0.000704047,0.001
2006,5,17,2,50,9.97108e-05,0.00199082,0.001
2006,5,17,2,60,9.97108e-05,0.00204567,0.001
2006,5,17,2,70,9.97108e-05,0.00112031,0.001
2006,5,17,2,80,9.97108e-05,0.00168362,0.001
2006,5,17,2,90,0.00566669,0.0035969,0.001
2006,5,17,2,100,9.97108e-05,0.0054243,0.001
2006,5,17,2,110,0.0217491,0.00677211,0.001
2006,5,17,2,120,0.0916456,0.00911171,0.001
2006,5,17,2,130,0.101543,0.013193,0.001
2006,5,17,2,140,0.0860787,0.0183993,0.001
2006,5,17,2,150,0.0749447,0.0251206,0.001
2006,5,17,2,160,0.0910271,0.0351471,0.001
2006,5,17,2,170,0.12381,0.0502625,0.001
2006,5,17,2,180,0.0539139,0.07053,0.001
2006,5,17,2,190,0.112676,0.0909341,0.001
2006,5,17,2,200,0.0749447,0.100977,0.001
2006,5,17,2,210,0.0749447,0.0958423,0.001
2006,5,17,2,220,0.0372129,0.0861265,0.001
2006,5,17,2,230,0.0106151,0.0834081,0.001
2006,5,17,2,240,0.0211305,0.0842703,0.001
2006,5,17,2,250,0.00566669,0.0783542,0.001
2006,5,17,2,260,0.00566669,0.0618491,0.001
2006,5,17,2,270,9.97108e-05,0.0399279,0.001
2006,5,17,2,280,9.97108e-05,0.0206997,0.001
2006,5,17,2,290,0.00566669,0.00855323,0.001
2006,5,17,2,300,9.97108e-05,0.00283542,0.001
2006,5,17,2,310,9.97108e-05,0.000954995,0.001
2006,5,18,2,30,9.97108e-05,0.000864966,0.001
2006,5,18,2,40,0.0129471,0.00901921,0.001
2006,5,18,2,50,0.0771845,0.0332513,0.001
2006,5,18,2,60,0.0940766,0.0384095,0.001
2006,5,18,2,70,0.298209,0.021503,0.001
2006,5,18,2,80,0.0981213,0.0329967,0.001
2006,5,18,2,90,0.0595789,0.0673272,0.001
2006,5,18,2,100,9.97108e-05,0.089,0.001
2006,5,18,2,110,0.0298394,0.090373,0.001
2006,5,18,2,120,0.0129471,0.0921529,0.001
2006,5,18,2,130,0.0298394,0.0948924,0.001
2006,5,18,2,140,9.97108e-05,0.088355,0.001
2006,5,18,2,150,9.97108e-05,0.0774195,0.001
2006,5,18,2,160,0.0257947,0.067649,0.001
2006,5,18,2,170,0.0724264,0.0586244,0.001
2006,5,18,2,180,0.0426868,0.0487176,0.001
2006,5,18,2,190,9.97108e-05,0.0366684,0.001
2006,5,18,2,200,9.97108e-05,0.0236293,0.001
2006,5,18,2,210,9.97108e-05,0.0130158,0.001
2006,5,18,2,220,0.0298394,0.00682058,0.001
2006,5,18,2,230,0.0298394,0.00390821,0.001
2006,5,18,2,240,0.0129471,0.0023963,0.001
2006,5,18,2,250,9.97108e-05,0.00139785,0.001
2006,5,18,2,260,0.0426868,0.000732719,0.001
2006,5,18,2,270,0.0298394,0.000357288,0.001
2006,5,18,2,280,9.97108e-05,0.000186636,0.001
2006,5,18,2,290,9.97108e-05,0.000124281,0.001
2006,5,18,2,300,9.97108e-05,0.000105615,0.001
2006,5,18,2,310,9.97108e-05,0.000101291,0.001
2010,2,18,2,30,9.97108e-05,0.0147531,0.001
2010,2,18,2,40,9.97108e-05,0.00458829,0.001
2010,2,18,2,50,0.0685913,0.000722424,0.001
2010,2,18,2,60,0.199853,0.00488956,0.001
2010,2,18,2,70,0.264468,0.023309,0.001
2010,2,18,2,80,0.239178,0.0580188,0.001
2010,2,18,2,90,0.0412693,0.0816968,0.001
2010,2,18,2,100,0.0157923,0.0846384,0.001
2010,2,18,2,110,9.97108e-05,0.0934933,0.001
2010,2,18,2,120,9.97108e-05,0.10554,0.001
2010,2,18,2,130,0.0255767,0.100079,0.001
2010,2,18,2,140,9.97108e-05,0.0852054,0.001
2010,2,18,2,150,0.00988427,0.077611,0.001
2010,2,18,2,160,0.0157923,0.0740751,0.001
2010,2,18,2,170,9.97108e-05,0.0652583,0.001
2010,2,18,2,180,9.97108e-05,0.050402,0.001
2010,2,18,2,190,0.0157923,0.0339567,0.001
2010,2,18,2,200,0.0255767,0.0198935,0.001
2010,2,18,2,210,0.0157923,0.0102884,0.001
2010,2,18,2,220,9.97108e-05,0.00511689,0.001
2010,2,18,2,230,9.97108e-05,0.00274434,0.001
2010,2,18,2,240,0.0451457,0.00158753,0.001
2010,2,18,2,250,9.97108e-05,0.00090767,0.001
2010,2,18,2,260,0.0157923,0.000489487,0.001
2010,2,18,2,270,9.97108e-05,0.000259762,0.001
2010,2,18,2,280,9.97108e-05,0.000154838,0.001
2010,2,18,2,290,9.97108e-05,0.000115701,0.001
2010,2,18,2,300,9.97108e-05,0.00010366,0.001
2010,2,18,2,310,9.97108e-05,0.000100803,0.001
2010,5,18,2,30,9.97108e-05,0.000662533,0.001
2010,5,18,2,40,9.97108e-05,0.0066605,0.001
2010,5,18,2,50,0.0618575,0.0245063,0.001
2010,5,18,2,60,0.172771,0.02861,0.001
2010,5,18,2,70,0.300117,0.0182105,0.001
2010,5,18,2,80,0.213154,0.0334139,0.001
2010,5,18,2,90,0.0240509,0.0695325,0.001
2010,5,18,2,100,0.0127019,0.0935345,0.001
2010,5,18,2,110,0.0240509,0.098304,0.001
2010,5,18,2,120,0.0114487,0.102287,0.001
2010,5,18,2,130,0.0480021,0.102085,0.001
2010,5,18,2,140,0.0227977,0.0896005,0.001
2010,5,18,2,150,0.0227977,0.0768602,0.001
2010,5,18,2,160,0.0253041,0.0699157,0.001
2010,5,18,2,170,0.0114487,0.0620309,0.001
2010,5,18,2,180,9.97108e-05,0.0491043,0.001
2010,5,18,2,190,0.0114487,0.0335798,0.001
2010,5,18,2,200,0.0127019,0.0197062,0.001
2010,5,18,2,210,9.97108e-05,0.0101402,0.001
2010,5,18,2,220,9.97108e-05,0.00500504,0.001
2010,5,18,2,230,9.97108e-05,0.00266051,0.001
2010,5,18,2,240,0.0114487,0.00152749,0.001
2010,5,18,2,250,0.0127019,0.000870179,0.001
2010,5,18,2,260,9.97108e-05,0.000470089,0.001
2010,5,18,2,270,9.97108e-05,0.000251617,0.001
2010,5,18,2,280,9.97108e-05,0.000152071,0.001
2010,5,18,2,290,9.97108e-05,0.000114932,0.001
2010,5,18,2,300,9.97108e-05,0.000103483,0.001
2010,5,18,2,310,9.97108e-05,0.000100759,0.001
2010,11,18,2,30,9.97108e-05,0.000105233,0.001
2010,11,18,2,40,0.0317997,0.000258914,0.001
2010,11,18,2,50,0.135888,0.00231143,0.001
2010,11,18,2,60,0.0724883,0.0140739,0.001
2010,11,18,2,70,0.0724883,0.0405293,0.001
2010,11,18,2,80,9.97108e-05,0.0581647,0.001
2010,11,18,2,90,0.0566382,0.0570383,0.001
2010,11,18,2,100,0.0724883,0.0693464,0.001
2010,11,18,2,110,0.0497766,0.0968304,0.001
2010,11,18,2,120,0.0407883,0.111779,0.001
2010,11,18,2,130,0.0159496,0.109593,0.001
2010,11,18,2,140,0.0814766,0.0989622,0.001
2010,11,18,2,150,0.0407883,0.0847235,0.001
2010,11,18,2,160,0.0407883,0.0712702,0.001
2010,11,18,2,170,0.0407883,0.060214,0.001
2010,11,18,2,180,0.0407883,0.0483849,0.001
2010,11,18,2,190,0.0249381,0.0341584,0.001
2010,11,18,2,200,0.124292,0.0204034,0.001
2010,11,18,2,210,0.0159496,0.0105118,0.001
2010,11,18,2,220,0.0249381,0.00513319,0.001
2010,11,18,2,230,9.97108e-05,0.00267794,0.001
2010,11,18,2,240,9.97108e-05,0.00150915,0.001
2010,11,18,2,250,0.0159496,0.000849432,0.001
2010,11,18,2,260,9.97108e-05,0.000457096,0.001
2010,11,18,2,270,9.97108e-05,0.000245766,0.001
2010,11,18,2,280,9.97108e-05,0.000150064,0.001
2010,11,18,2,290,9.97108e-05,0.000114396,0.001
2010,11,18,2,300,9.97108e-05,0.00010337,0.001
2010,11,18,2,310,9.97108e-05,0.000100738,0.001
2011,5,18,2,30,0.0121865,0.000493319,0.001
2011,5,18,2,40,9.97108e-05,0.00468856,0.001
2011,5,18,2,50,0.0526982,0.0171868,0.001
2011,5,18,2,60,0.104492,0.0202888,0.001
2011,5,18,2,70,0.271361,0.0145366,0.001
2011,5,18,2,80,0.1255,0.0301939,0.001
2011,5,18,2,90,0.0931542,0.0634272,0.001
2011,5,18,2,100,0.0245468,0.085832,0.001
2011,5,18,2,110,0.0395329,0.0921897,0.001
2011,5,18,2,120,0.0353457,0.101113,0.001
2011,5,18,2,130,0.0321731,0.109764,0.001
2011,5,18,2,140,0.06398,0.105388,0.001
2011,5,18,2,150,9.97108e-05,0.0919338,0.001
2011,5,18,2,160,0.0637136,0.0763138,0.001
2011,5,18,2,170,0.0331947,0.0615421,0.001
2011,5,18,2,180,0.00745956,0.0479669,0.001
2011,5,18,2,190,0.024007,0.0340545,0.001
2011,5,18,2,200,9.97108e-05,0.0207376,0.001
2011,5,18,2,210,0.00745956,0.0108362,0.001
2011,5,18,2,220,0.00799936,0.00529647,0.001
2011,5,18,2,230,9.97108e-05,0.00272449,0.001
2011,5,18,2,240,9.97108e-05,0.00150553,0.001
2011,5,18,2,250,9.97108e-05,0.000834773,0.001
2011,5,18,2,260,9.97108e-05,0.000445949,0.001
2011,5,18,2,270,9.97108e-05,0.000240055,0.001
2011,5,18,2,280,9.97108e-05,0.000147805,0.001
2011,5,18,2,290,9.97108e-05,0.000113667,0.001
2011,5,18,2,300,9.97108e-05,0.000103173,0.001
2011,5,18,2,310,9.97108e-05,0.000100677,0.001
2011,8,18,2,30,9.97108e-05,0.000137627,0.001
2011,8,18,2,40,9.97108e-05,0.000887617,0.001
2011,8,18,2,50,0.0307799,0.00684198,0.001
2011,8,18,2,60,0.0307799,0.0226311,0.001
2011,8,18,2,70,0.0138665,0.0316611,0.001
2011,8,18,2,80,0.0292066,0.0292104,0.001
2011,8,18,2,90,0.0736538,0.0448809,0.001
2011,8,18,2,100,9.97108e-05,0.0774823,0.001
2011,8,18,2,110,0.0276333,0.0985333,0.001
2011,8,18,2,120,0.0429734,0.104584,0.001
2011,8,18,2,130,0.0842738,0.108491,0.001
2011,8,18,2,140,0.102761,0.106795,0.001
2011,8,18,2,150,0.116527,0.095985,0.001
2011,8,18,2,160,0.113381,0.080255,0.001
2011,8,18,2,170,0.070507,0.0640227,0.001
2011,8,18,2,180,0.101187,0.0490525,0.001
2011,8,18,2,190,0.0461202,0.0345494,0.001
2011,8,18,2,200,0.0307799,0.0211099,0.001
2011,8,18,2,210,0.0138665,0.0111154,0.001
2011,8,18,2,220,9.97108e-05,0.00545669,0.001
2011,8,18,2,230,0.0138665,0.00279523,0.001
2011,8,18,2,240,0.0276333,0.0015295,0.001
2011,8,18,2,250,0.0138665,0.00084049,0.001
2011,8,18,2,260,9.97108e-05,0.000446549,0.001
2011,8,18,2,270,9.97108e-05,0.000239869,0.001
2011,8,18,2,280,0.0154398,0.000147702,0.001
2011,8,18,2,290,9.97108e-05,0.00011365,0.001
2011,8,18,2,300,9.97108e-05,0.000103176,0.001
2011,8,18,2,310,9.97108e-05,0.000100682,0.001
2013,5,18,2,30,9.97108e-05,0.000524943,0.001
2013,5,18,2,40,9.97108e-05,0.00505688,0.001
2013,5,18,2,50,0.0702056,0.0185478,0.001
2013,5,18,2,60,0.102322,0.02175,0.001
2013,5,18,2,70,0.135811,0.0145532,0.001
2013,5,18,2,80,0.14059,0.0281571,0.001
2013,5,18,2,90,0.0737058,0.0583765,0.001
2013,5,18,2,100,0.0155882,0.0769449,0.001
2013,5,18,2,110,0.0155882,0.0781282,0.001
2013,5,18,2,120,0.032228,0.082049,0.001
2013,5,18,2,130,0.0287047,0.0919319,0.001
2013,5,18,2,140,0.0226699,0.0977985,0.001
2013,5,18,2,150,0.0549956,0.0982238,0.001
2013,5,18,2,160,0.0535543,0.0925786,0.001
2013,5,18,2,170,0.0619727,0.0795967,0.001
2013,5,18,2,180,0.0583218,0.0616369,0.001
2013,5,18,2,190,0.0548796,0.0422099,0.001
2013,5,18,2,200,0.0179953,0.025049,0.001
2013,5,18,2,210,0.0119488,0.013086,0.001
2013,5,18,2,220,9.97108e-05,0.00652118,0.001
2013,5,18,2,230,9.97108e-05,0.00336865,0.001
2013,5,18,2,240,9.97108e-05,0.00179305,0.001
2013,5,18,2,250,9.97108e-05,0.000935285,0.001
2013,5,18,2,260,0.0144369,0.000472031,0.001
2013,5,18,2,270,0.00603007,0.000244512,0.001
2013,5,18,2,280,0.016844,0.000148006,0.001
2013,5,18,2,290,0.0108091,0.000113498,0.001
2013,5,18,2,300,9.97108e-05,0.000103099,0.001
2013,5,18,2,310,9.97108e-05,0.000100652,0.001
2013,11,18,2,30,9.97108e-05,0.000104126,0.001
2013,11,18,2,40,0.0102419,0.000227026,0.001
2013,11,18,2,50,0.015313,0.00186866,0.001
2013,11,18,2,60,0.0403123,0.0112806,0.001
2013,11,18,2,70,0.0694988,0.0325007,0.001
2013,11,18,2,80,0.0151349,0.0470193,0.001
2013,11,18,2,90,0.0590672,0.0476141,0.001
2013,11,18,2,100,0.0831825,0.0602309,0.001
2013,11,18,2,110,0.026606,0.0842101,0.001
2013,11,18,2,120,0.0950369,0.0956252,0.001
2013,11,18,2,130,0.12166,0.0945,0.001
2013,11,18,2,140,0.0988408,0.0932429,0.001
2013,11,18,2,150,0.0584727,0.0937512,0.001
2013,11,18,2,160,0.0808203,0.090941,0.001
2013,11,18,2,170,0.026606,0.081158,0.001
2013,11,18,2,180,0.053996,0.0648373,0.001
2013,11,18,2,190,0.0324114,0.0451949,0.001
2013,11,18,2,200,0.0520501,0.0269768,0.001
2013,11,18,2,210,0.00917992,0.0140614,0.001
2013,11,18,2,220,9.97108e-05,0.00697025,0.001
2013,11,18,2,230,0.014251,0.0035892,0.001
2013,11,18,2,240,0.00917992,0.00190415,0.001
2013,11,18,2,250,0.0273403,0.000984613,0.001
2013,11,18,2,260,9.97108e-05,0.000490102,0.001
2013,11,18,2,270,9.97108e-05,0.000250088,0.001
2013,11,18,2,280,9.97108e-05,0.000149546,0.001
2013,11,18,2,290,9.97108e-05,0.000113903,0.001
2013,11,18,2,300,9.97108e-05,0.000103203,0.001
2013,11,18,2,310,9.97108e-05,0.000100686,0.001
2014,2,18,2,30,9.97108e-05,0.00451145,0.001
2014,2,18,2,40,9.97108e-05,0.00146215,0.001
2014,2,18,2,50,0.0135761,0.00050045,0.001
2014,2,18,2,60,0.058824,0.00360107,0.001
2014,2,18,2,70,0.0659835,0.017082,0.001
2014,2,18,2,80,0.0540364,0.0426295,0.001
2014,2,18,2,90,0.0270525,0.0608731,0.001
2014,2,18,2,100,0.0865882,0.0659401,0.001
2014,2,18,2,110,0.100096,0.0781517,0.001
2014,2,18,2,120,0.0469081,0.0948994,0.001
2014,2,18,2,130,0.0802089,0.0995287,0.001
2014,2,18,2,140,0.0397487,0.0953739,0.001
2014,2,18,2,150,0.0596042,0.0927682,0.001
2014,2,18,2,160,0.0555657,0.0900139,0.001
2014,2,18,2,170,0.0642545,0.0815741,0.001
2014,2,18,2,180,0.0278327,0.0662853,0.001
2014,2,18,2,190,0.0263034,0.0467827,0.001
2014,2,18,2,200,0.0921872,0.028108,0.001
2014,2,18,2,210,0.0405601,0.0146799,0.001
2014,2,18,2,220,0.0199242,0.00727035,0.001
2014,2,18,2,230,0.0199242,0.00373845,0.001
2014,2,18,2,240,9.97108e-05,0.00198036,0.001
2014,2,18,2,250,0.0135761,0.00101981,0.001
2014,2,18,2,260,0.0064478,0.000503338,0.001
2014,2,18,2,270,9.97108e-05,0.000253866,0.001
2014,2,18,2,280,9.97108e-05,0.000150269,0.001
2014,2,18,2,290,9.97108e-05,0.00011394,0.001
2014,2,18,2,300,9.97108e-05,0.000103167,0.001
2014,2,18,2,310,9.97108e-05,0.000100658,0.001
2014,5,18,2,30,9.97108e-05,0.000280615,0.001
2014,5,18,2,40,9.97108e-05,0.00220976,0.001
2014,5,18,2,50,9.97108e-05,0.00798437,0.001
2014,5,18,2,60,0.0164423,0.00980554,0.001
2014,5,18,2,70,0.082465,0.00975549,0.001
2014,5,18,2,80,0.0382617,0.0255429,0.001
2014,5,18,2,90,0.0281923,0.0545717,0.001
2014,5,18,2,100,0.0576223,0.0748541,0.001
2014,5,18,2,110,0.0911917,0.0825734,0.001
2014,5,18,2,120,0.0710761,0.0924957,0.001
2014,5,18,2,130,0.144174,0.100757,0.001
2014,5,18,2,140,0.051507,0.0986725,0.001
2014,5,18,2,150,0.0712108,0.0935727,0.001
2014,5,18,2,160,0.0541692,0.0894194,0.001
2014,5,18,2,170,0.0910117,0.0816714,0.001
2014,5,18,2,180,0.0453311,0.0673911,0.001
2014,5,18,2,190,0.0448727,0.0481879,0.001
2014,5,18,2,200,0.0486923,0.0291812,0.001
2014,5,18,2,210,0.0323497,0.0152872,0.001
2014,5,18,2,220,0.00805344,0.0075652,0.001
2014,5,18,2,230,9.97108e-05,0.00387921,0.001
2014,5,18,2,240,9.97108e-05,0.00204852,0.001
2014,5,18,2,250,9.97108e-05,0.00105047,0.001
2014,5,18,2,260,0.0143266,0.000515182,0.001
2014,5,18,2,270,9.97108e-05,0.000257746,0.001
2014,5,18,2,280,9.97108e-05,0.000151385,0.001
2014,5,18,2,290,9.97108e-05,0.000114235,0.001
2014,5,18,2,300,9.97108e-05,0.00010324,0.001
2014,5,18,2,310,0.00805344,0.000100681,0.001
2014,8,18,2,30,9.97108e-05,0.000117681,0.001
2014,8,18,2,40,0.00680955,0.000473275,0.001
2014,8,18,2,50,0.0135193,0.00330094,0.001
2014,8,18,2,60,0.0282903,0.0108827,0.001
2014,8,18,2,70,0.0097591,0.0160555,0.001
2014,8,18,2,80,9.97108e-05,0.0192501,0.001
2014,8,18,2,90,9.97108e-05,0.0380228,0.001
2014,8,18,2,100,0.0164688,0.0687255,0.001
2014,8,18,2,110,0.0921689,0.0890209,0.001
2014,8,18,2,120,0.0921689,0.0967748,0.001
2014,8,18,2,130,0.101828,0.102086,0.001
2014,8,18,2,140,0.112298,0.10202,0.001
2014,8,18,2,150,0.137539,0.0967816,0.001
2014,8,18,2,160,0.118985,0.0908852,0.001
2014,8,18,2,170,0.0446595,0.0828604,0.001
2014,8,18,2,180,0.0492072,0.069195,0.001
2014,8,18,2,190,0.0543189,0.0501434,0.001
2014,8,18,2,200,0.0269389,0.0306549,0.001
2014,8,18,2,210,0.0290779,0.0161408,0.001
2014,8,18,2,220,0.0097591,0.00799519,0.001
2014,8,18,2,230,0.0194185,0.00409094,0.001
2014,8,18,2,240,0.0097591,0.00215295,0.001
2014,8,18,2,250,0.0164688,0.0010987,0.001
2014,8,18,2,260,9.97108e-05,0.000534714,0.001
2014,8,18,2,270,9.97108e-05,0.000264538,0.001
2014,8,18,2,280,9.97108e-05,0.000153436,0.001
2014,8,18,2,290,0.0097591,0.000114786,0.001
2014,8,18,2,300,9.97108e-05,0.000103374,0.001
2014,8,18,2,310,9.97108e-05,0.00010072,0.001
2014,11,18,2,30,9.97108e-05,0.000101698,0.001
2014,11,18,2,40,9.97108e-05,0.00015704,0.001
2014,11,18,2,50,0.0185628,0.000897167,0.001
2014,11,18,2,60,0.0534423,0.00516085,0.001
2014,11,18,2,70,0.0128334,0.0150352,0.001
2014,11,18,2,80,0.0198473,0.0237022,0.001
2014,11,18,2,90,0.032581,0.0319277,0.001
2014,11,18,2,100,0.0558308,0.0542453,0.001
2014,11,18,2,110,9.97108e-05,0.0841956,0.001
2014,11,18,2,120,0.0255671,0.101741,0.001
2014,11,18,2,130,0.114983,0.106459,0.001
2014,11,18,2,140,0.0974533,0.105434,0.001
2014,11,18,2,150,0.0824021,0.10074,0.001
2014,11,18,2,160,0.101046,0.0938982,0.001
2014,11,18,2,170,0.0545366,0.0850185,0.001
2014,11,18,2,180,0.0859139,0.0714864,0.001
2014,11,18,2,190,0.0580484,0.0524643,0.001
2014,11,18,2,200,0.0244535,0.0324272,0.001
2014,11,18,2,210,0.0510344,0.0172018,0.001
2014,11,18,2,220,0.044201,0.00855245,0.001
2014,11,18,2,230,0.0163355,0.00437595,0.001
2014,11,18,2,240,0.032581,0.00229713,0.001
2014,11,18,2,250,0.0174492,0.00116677,0.001
2014,11,18,2,260,9.97108e-05,0.000563064,0.001
2014,11,18,2,270,9.97108e-05,0.000274703,0.001
2014,11,18,2,280,9.97108e-05,0.000156582,0.001
2014,11,18,2,290,9.97108e-05,0.000115639,0.001
2014,11,18,2,300,9.97108e-05,0.00010358,0.001
2014,11,18,2,310,9.97108e-05,0.000100779,0.001
2015,2,18,2,30,9.97108e-05,0.0114744,0.001
2015,2,18,2,40,9.97108e-05,0.00357265,0.001
2015,2,18,2,50,9.97108e-05,0.000365411,0.001
2015,2,18,2,60,0.0449227,0.00172169,0.001
2015,2,18,2,70,0.0928134,0.00803437,0.001
2015,2,18,2,80,0.0336471,0.020616,0.001
2015,2,18,2,90,0.0113754,0.0329787,0.001
2015,2,18,2,100,0.0465964,0.0467821,0.001
2015,2,18,2,110,0.0209775,0.0717202,0.001
2015,2,18,2,120,0.0561985,0.0979287,0.001
2015,2,18,2,130,0.110624,0.109757,0.001
2015,2,18,2,140,0.0465964,0.108977,0.001
2015,2,18,2,150,0.112577,0.103966,0.001
2015,2,18,2,160,0.0658005,0.0967581,0.001
2015,2,18,2,170,0.122179,0.087047,0.001
2015,2,18,2,180,0.0928134,0.0732853,0.001
2015,2,18,2,190,0.0435288,0.0542856,0.001
2015,2,18,2,200,9.97108e-05,0.0338988,0.001
2015,2,18,2,210,0.00970181,0.0181264,0.001
2015,2,18,2,220,0.00970181,0.00905578,0.001
2015,2,18,2,230,9.97108e-05,0.00463882,0.001
2015,2,18,2,240,0.0435288,0.00243078,0.001
2015,2,18,2,250,9.97108e-05,0.00122918,0.001
2015,2,18,2,260,9.97108e-05,0.000588022,0.001
2015,2,18,2,270,0.0353208,0.000282808,0.001
2015,2,18,2,280,9.97108e-05,0.000158628,0.001
2015,2,18,2,290,9.97108e-05,0.000116012,0.001
2015,2,18,2,300,9.97108e-05,0.000103615,0.001
2015,2,18,2,310,9.97108e-05,0.000100767,0.001
2015,5,18,2,30,9.97108e-05,0.000567277,0.001
2015,5,18,2,40,9.97108e-05,0.00554883,0.001
2015,5,18,2,50,9.97108e-05,0.0203346,0.001
2015,5,18,2,60,0.131263,0.0232283,0.001
2015,5,18,2,70,0.0737113,0.0112302,0.001
2015,5,18,2,80,0.0415904,0.0129899,0.001
2015,5,18,2,90,0.0255298,0.0273413,0.001
2015,5,18,2,100,0.0255298,0.043177,0.001
2015,5,18,2,110,0.0255298,0.0616008,0.001
2015,5,18,2,120,9.97108e-05,0.0863168,0.001
2015,5,18,2,130,0.0255298,0.105609,0.001
2015,5,18,2,140,0.0830808,0.109771,0.001
2015,5,18,2,150,0.0897719,0.105361,0.001
2015,5,18,2,160,0.0737113,0.0979349,0.001
2015,5,18,2,170,0.0897719,0.0877585,0.001
2015,5,18,2,180,0.0830808,0.073772,0.001
2015,5,18,2,190,0.0161603,0.0549341,0.001
2015,5,18,2,200,0.0322209,0.03459,0.001
2015,5,18,2,210,0.0161603,0.0186364,0.001
2015,5,18,2,220,0.0255298,0.0093572,0.001
2015,5,18,2,230,0.0763897,0.0047986,0.001
2015,5,18,2,240,0.0161603,0.00250919,0.001
2015,5,18,2,250,0.0161603,0.00126404,0.001
2015,5,18,2,260,0.0322209,0.000601574,0.001
2015,5,18,2,270,9.97108e-05,0.000287327,0.001
2015,5,18,2,280,9.97108e-05,0.000159934,0.001
2015,5,18,2,290,9.97108e-05,0.000116351,0.001
2015,5,18,2,300,9.97108e-05,0.000103696,0.001
2015,5,18,2,310,9.97108e-05,0.000100792,0.001
2015,8,18,2,30,9.97108e-05,0.00014617,0.001
2015,8,18,2,40,0.00867918,0.00106491,0.001
2015,8,18,2,50,0.00867918,0.00835004,0.001
2015,8,18,2,60,0.0106183,0.0274995,0.001
2015,8,18,2,70,0.0242067,0.0367743,0.001
2015,8,18,2,80,0.00632864,0.0251196,0.001
2015,8,18,2,90,9.97108e-05,0.0224497,0.001
2015,8,18,2,100,0.037022,0.0363794,0.001
2015,8,18,2,110,0.0304356,0.0550461,0.001
2015,8,18,2,120,0.0242067,0.0762609,0.001
2015,8,18,2,130,0.0447387,0.0976972,0.001
2015,8,18,2,140,0.0549539,0.108408,0.001
2015,8,18,2,150,0.201329,0.107356,0.001
2015,8,18,2,160,0.150103,0.100339,0.001
2015,8,18,2,170,0.153728,0.0898202,0.001
2015,8,18,2,180,0.0879977,0.0754578,0.001
2015,8,18,2,190,0.0265572,0.0563924,0.001
2015,8,18,2,200,0.00438941,0.0357633,0.001
2015,8,18,2,210,9.97108e-05,0.0194254,0.001
2015,8,18,2,220,0.0202743,0.00982179,0.001
2015,8,18,2,230,9.97108e-05,0.00505453,0.001
2015,8,18,2,240,0.0580235,0.0026412,0.001
2015,8,18,2,250,0.0202743,0.00132564,0.001
2015,8,18,2,260,0.00438941,0.000626784,0.001
2015,8,18,2,270,0.00438941,0.000296216,0.001
2015,8,18,2,280,0.0179777,0.000162637,0.001
2015,8,18,2,290,9.97108e-05,0.000117071,0.001
2015,8,18,2,300,9.97108e-05,0.000103867,0.001
2015,8,18,2,310,9.97108e-05,0.00010084,0.001
2015,11,18,2,30,9.97108e-05,0.000104786,0.001
2015,11,18,2,40,0.00703677,0.000246037,0.001
2015,11,18,2,50,0.0375778,0.00213165,0.001
2015,11,18,2,60,0.098999,0.0129147,0.001
2015,11,18,2,70,0.0475285,0.0368699,0.001
2015,11,18,2,80,0.00881529,0.0506883,0.001
2015,11,18,2,90,0.0273202,0.0409683,0.001
2015,11,18,2,100,0.0103142,0.0356367,0.001
2015,11,18,2,110,0.027584,0.0476903,0.001
2015,11,18,2,120,0.073853,0.0673391,0.001
2015,11,18,2,130,0.0852727,0.0880764,0.001
2015,11,18,2,140,0.0931352,0.102965,0.001
2015,11,18,2,150,0.0754833,0.107058,0.001
2015,11,18,2,160,0.0750282,0.102137,0.001
2015,11,18,2,170,0.0703091,0.0917788,0.001
2015,11,18,2,180,0.0724697,0.0771673,0.001
2015,11,18,2,190,0.0459408,0.057846,0.001
2015,11,18,2,200,0.0254234,0.0369041,0.001
2015,11,18,2,210,0.0477194,0.0202043,0.001
2015,11,18,2,220,0.017913,0.0103019,0.001
2015,11,18,2,230,0.0157524,0.00533273,0.001
2015,11,18,2,240,0.0233511,0.00279009,0.001
2015,11,18,2,250,9.97108e-05,0.00139668,0.001
2015,11,18,2,260,9.97108e-05,0.000656273,0.001
2015,11,18,2,270,9.97108e-05,0.000306726,0.001
2015,11,18,2,280,0.0124749,0.000165855,0.001
2015,11,18,2,290,9.97108e-05,0.000117929,0.001
2015,11,18,2,300,9.97108e-05,0.00010407,0.001
2015,11,18,2,310,9.97108e-05,0.000100896,0.001
2016,2,18,2,30,9.97108e-05,0.00734373,0.001
2016,2,18,2,40,9.97108e-05,0.00232763,0.001
2016,2,18,2,50,0.0211334,0.000580264,0.001
2016,2,18,2,60,0.0921034,0.00412995,0.001
2016,2,18,2,70,0.0500358,0.019555,0.001
2016,2,18,2,80,9.97108e-05,0.0479672,0.001
2016,2,18,2,90,0.038636,0.0638741,0.001
2016,2,18,2,100,0.0518013,0.0555652,0.001
2016,2,18,2,110,0.0421672,0.049401,0.001
2016,2,18,2,120,0.0421672,0.0597013,0.001
2016,2,18,2,130,0.0307676,0.0781703,0.001
2016,2,18,2,140,0.0614355,0.0947553,0.001
2016,2,18,2,150,0.0518013,0.103543,0.001
2016,2,18,2,160,0.0518013,0.102259,0.001
2016,2,18,2,170,0.0789381,0.0930195,0.001
2016,2,18,2,180,0.153439,0.0783976,0.001
2016,2,18,2,190,0.0518013,0.0588805,0.001
2016,2,18,2,200,0.0500358,0.0377037,0.001
2016,2,18,2,210,0.0307676,0.0207599,0.001
2016,2,18,2,220,9.97108e-05,0.0106622,0.001
2016,2,18,2,230,9.97108e-05,0.00555329,0.001
2016,2,18,2,240,0.0211334,0.00291172,0.001
2016,2,18,2,250,9.97108e-05,0.00145452,0.001
2016,2,18,2,260,0.038636,0.000679264,0.001
2016,2,18,2,270,0.00973375,0.000314119,0.001
2016,2,18,2,280,0.0211334,0.000167699,0.001
2016,2,18,2,290,0.00973375,0.000118257,0.001
2016,2,18,2,300,9.97108e-05,0.000104098,0.001
2016,2,18,2,310,9.97108e-05,0.000100885,0.001
2016,5,18,2,30,9.97108e-05,0.000393101,0.001
2016,5,18,2,40,9.97108e-05,0.00352075,0.001
2016,5,18,2,50,0.0680637,0.0128544,0.001
2016,5,18,2,60,0.0836139,0.0153957,0.001
2016,5,18,2,70,0.173604,0.0125904,0.001
2016,5,18,2,80,0.0840378,0.0289464,0.001
2016,5,18,2,90,0.0498777,0.0597077,0.001
2016,5,18,2,100,0.0489991,0.0747571,0.001
2016,5,18,2,110,0.0187096,0.0666772,0.001
2016,5,18,2,120,0.0117793,0.0609271,0.001
2016,5,18,2,130,0.0252161,0.0699912,0.001
2016,5,18,2,140,0.0429474,0.0851195,0.001
2016,5,18,2,150,0.0909682,0.0969424,0.001
2016,5,18,2,160,0.0680637,0.0997732,0.001
2016,5,18,2,170,0.0420687,0.0928256,0.001
2016,5,18,2,180,0.0243374,0.0787665,0.001
2016,5,18,2,190,0.0368957,0.0592677,0.001
2016,5,18,2,200,0.0312678,0.0380274,0.001
2016,5,18,2,210,0.0368957,0.0210098,0.001
2016,5,18,2,220,0.0373196,0.0108485,0.001
2016,5,18,2,230,0.0117793,0.0056805,0.001
2016,5,18,2,240,0.0126579,0.00298479,0.001
2016,5,18,2,250,9.97108e-05,0.00148895,0.001
2016,5,18,2,260,9.97108e-05,0.00069274,0.001
2016,5,18,2,270,9.97108e-05,0.000318583,0.001
2016,5,18,2,280,9.97108e-05,0.000168979,0.001
2016,5,18,2,290,9.97108e-05,0.000118585,0.001
2016,5,18,2,300,9.97108e-05,0.000104175,0.001
2016,5,18,2,310,9.97108e-05,0.000100907,0.001
2016,8,18,2,30,9.97108e-05,0.000128538,0.001
2016,8,18,2,40,9.97108e-05,0.000698835,0.001
2016,8,18,2,50,0.0207427,0.00522917,0.001
2016,8,18,2,60,0.0104212,0.0172901,0.001
2016,8,18,2,70,0.0192415,0.0246625,0.001
2016,8,18,2,80,0.020119,0.025206,0.001
2016,8,18,2,90,0.0104212,0.042847,0.001
2016,8,18,2,100,0.0386371,0.0726111,0.001
2016,8,18,2,110,0.0902446,0.0839388,0.001
2016,8,18,2,120,0.0480811,0.0749949,0.001
2016,8,18,2,130,9.97108e-05,0.0702934,0.001
2016,8,18,2,140,0.127651,0.0781941,0.001
2016,8,18,2,150,0.156744,0.0903158,0.001
2016,8,18,2,160,0.126657,0.0967248,0.001
2016,8,18,2,170,0.098695,0.0928322,0.001
2016,8,18,2,180,0.0504598,0.0799193,0.001
2016,8,18,2,190,0.0386371,0.0604318,0.001
2016,8,18,2,200,9.97108e-05,0.0388699,0.001
2016,8,18,2,210,0.020119,0.0215406,0.001
2016,8,18,2,220,0.0310642,0.0111817,0.001
2016,8,18,2,230,0.0392608,0.00589212,0.001
2016,8,18,2,240,0.0207427,0.00310709,0.001
2016,8,18,2,250,0.0207427,0.00154906,0.001
2016,8,18,2,260,9.97108e-05,0.000717604,0.001
2016,8,18,2,270,0.0104212,0.000327304,0.001
2016,8,18,2,280,9.97108e-05,0.000171606,0.001
2016,8,18,2,290,9.97108e-05,0.000119277,0.001
2016,8,18,2,300,9.97108e-05,0.000104338,0.001
2016,8,18,2,310,9.97108e-05,0.000100952,0.001
2016,11,18,2,30,9.97108e-05,0.000102862,0.001
2016,11,18,2,40,0.0135602,0.00019058,0.001
2016,11,18,2,50,0.0190895,0.00136293,0.001
2016,11,18,2,60,9.97108e-05,0.00809864,0.001
2016,11,18,2,70,0.0135602,0.0234673,0.001
2016,11,18,2,80,9.97108e-05,0.0353009,0.001
2016,11,18,2,90,0.0190895,0.0410554,0.001
2016,11,18,2,100,0.0380794,0.0601677,0.001
2016,11,18,2,110,0.03255,0.0850444,0.001
2016,11,18,2,120,0.0190895,0.0899548,0.001
2016,11,18,2,130,0.0636398,0.079964,0.001
2016,11,18,2,140,0.0557087,0.0766947,0.001
2016,11,18,2,150,0.0771002,0.0845058,0.001
2016,11,18,2,160,0.159083,0.0926854,0.001
2016,11,18,2,170,0.0543482,0.0920514,0.001
2016,11,18,2,180,0.0830364,0.0810144,0.001
2016,11,18,2,190,0.120609,0.0618709,0.001
2016,11,18,2,200,0.0460105,0.0399715,0.001
2016,11,18,2,210,0.110911,0.0222318,0.001
2016,11,18,2,220,0.0135602,0.0116082,0.001
2016,11,18,2,230,0.00426857,0.00616402,0.001
2016,11,18,2,240,0.00426857,0.00326816,0.001
2016,11,18,2,250,0.03255,0.00163073,0.001
2016,11,18,2,260,0.0190895,0.000752388,0.001
2016,11,18,2,270,9.97108e-05,0.000339806,0.001
2016,11,18,2,280,9.97108e-05,0.00017544,0.001
2016,11,18,2,290,9.97108e-05,0.000120297,0.001
2016,11,18,2,300,9.97108e-05,0.000104577,0.001
2016,11,18,2,310,9.97108e-05,0.000101018,0.001
2017,2,18,2,30,9.97108e-05,0.0135255,0.001
2017,2,18,2,40,9.97108e-05,0.00420215,0.001
2017,2,18,2,50,0.0143786,0.000475556,0.001
2017,2,18,2,60,0.0432776,0.00261287,0.001
2017,2,18,2,70,0.231634,0.012335,0.001
2017,2,18,2,80,0.159386,0.0311788,0.001
2017,2,18,2,90,0.0604592,0.0468748,0.001
2017,2,18,2,100,0.0431069,0.05772,0.001
2017,2,18,2,110,9.97108e-05,0.0767176,0.001
2017,2,18,2,120,0.0511326,0.093259,0.001
2017,2,18,2,130,0.0171107,0.0908556,0.001
2017,2,18,2,140,0.0472051,0.080947,0.001
2017,2,18,2,150,0.104898,0.0808754,0.001
2017,2,18,2,160,0.0540354,0.0875661,0.001
2017,2,18,2,170,0.0227456,0.0893637,0.001
2017,2,18,2,180,0.0472051,0.0806979,0.001
2017,2,18,2,190,0.0286574,0.0625061,0.001
2017,2,18,2,200,0.00146577,0.0406293,0.001
2017,2,18,2,210,0.0288281,0.0226731,0.001
2017,2,18,2,220,9.97108e-05,0.0118956,0.001
2017,2,18,2,230,0.0432776,0.00636308,0.001
2017,2,18,2,240,9.97108e-05,0.00339471,0.001
2017,2,18,2,250,9.97108e-05,0.00169712,0.001
2017,2,18,2,260,9.97108e-05,0.000780395,0.001
2017,2,18,2,270,9.97108e-05,0.00034924,0.001
2017,2,18,2,280,9.97108e-05,0.000177944,0.001
2017,2,18,2,290,9.97108e-05,0.000120803,0.001
2017,2,18,2,300,9.97108e-05,0.000104646,0.001
2017,2,18,2,310,9.97108e-05,0.000101016,0.001
2017,5,18,2,30,9.97108e-05,0.000635708,0.001
2017,5,18,2,40,9.97108e-05,0.00634669,0.001
2017,5,18,2,50,0.0530562,0.0233075,0.001
2017,5,18,2,60,0.0715224,0.0267683,0.001
2017,5,18,2,70,0.192854,0.0139475,0.001
2017,5,18,2,80,0.120223,0.0189611,0.001
2017,5,18,2,90,0.077827,0.039542,0.001
2017,5,18,2,100,0.0551052,0.0578041,0.001
2017,5,18,2,110,0.00882062,0.0717731,0.001
2017,5,18,2,120,0.0238461,0.0873852,0.001
2017,5,18,2,130,0.0832908,0.0938924,0.001
2017,5,18,2,140,0.0163333,0.0861405,0.001
2017,5,18,2,150,0.0390552,0.0797554,0.001
2017,5,18,2,160,0.0605689,0.0820125,0.001
2017,5,18,2,170,0.0250542,0.0843666,0.001
2017,5,18,2,180,0.0530562,0.0780367,0.001
2017,5,18,2,190,0.0615934,0.0614769,0.001
2017,5,18,2,200,9.97108e-05,0.0402775,0.001
2017,5,18,2,210,0.00882062,0.0225443,0.001
2017,5,18,2,220,0.00761247,0.0118624,0.001
2017,5,18,2,230,0.0175415,0.00637952,0.001
2017,5,18,2,240,0.0228216,0.0034222,0.001
2017,5,18,2,250,9.97108e-05,0.00171558,0.001
2017,5,18,2,260,9.97108e-05,0.000788665,0.001
2017,5,18,2,270,9.97108e-05,0.000352058,0.001
2017,5,18,2,280,9.97108e-05,0.000178736,0.001
2017,5,18,2,290,9.97108e-05,0.000121,0.001
2017,5,18,2,300,9.97108e-05,0.000104692,0.001
2017,5,18,2,310,9.97108e-05,0.00010103,0.001
2017,11,18,2,30,9.97108e-05,0.00010531,0.001
2017,11,18,2,40,9.97108e-05,0.000261146,0.001
2017,11,18,2,50,0.0242396,0.00234172,0.001
2017,11,18,2,60,0.0239509,0.0142458,0.001
2017,11,18,2,70,0.0769052,0.0407698,0.001
2017,11,18,2,80,9.97108e-05,0.056644,0.001
2017,11,18,2,90,0.0406282,0.0481858,0.001
2017,11,18,2,100,0.0562851,0.0464891,0.001
2017,11,18,2,110,0.0369742,0.0623118,0.001
2017,11,18,2,120,0.0266541,0.0794812,0.001
2017,11,18,2,130,0.0345597,0.0901305,0.001
2017,11,18,2,140,0.0565738,0.0915245,0.001
2017,11,18,2,150,0.0828395,0.08538,0.001
2017,11,18,2,160,0.0505052,0.0799226,0.001
2017,11,18,2,170,0.146487,0.0783382,0.001
2017,11,18,2,180,0.112759,0.0739699,0.001
2017,11,18,2,190,0.0869366,0.0603852,0.001
2017,11,18,2,200,0.060671,0.0405418,0.001
2017,11,18,2,210,0.0368198,0.0229822,0.001
2017,11,18,2,220,0.00419689,0.0122008,0.001
2017,11,18,2,230,0.0184598,0.0066406,0.001
2017,11,18,2,240,0.00829403,0.00360735,0.001
2017,11,18,2,250,0.0143626,0.0018217,0.001
2017,11,18,2,260,9.97108e-05,0.000836844,0.001
2017,11,18,2,270,9.97108e-05,0.000369756,0.001
2017,11,18,2,280,9.97108e-05,0.000184153,0.001
2017,11,18,2,290,9.97108e-05,0.000122425,0.001
2017,11,18,2,300,9.97108e-05,0.000105022,0.001
2017,11,18,2,310,9.97108e-05,0.000101121,0.001
2018,2,18,2,30,9.97108e-05,0.0149023,0.001
2018,2,18,2,40,0.0101728,0.00463144,0.001
2018,2,18,2,50,0.08937,0.000679734,0.001
2018,2,18,2,60,0.0470091,0.00446147,0.001
2018,2,18,2,70,0.185809,0.021174,0.001
2018,2,18,2,80,0.0574931,0.0521311,0.001
2018,2,18,2,90,0.0512167,0.0704146,0.001
2018,2,18,2,100,0.11357,0.0643446,0.001
2018,2,18,2,110,0.0285909,0.0615024,0.001
2018,2,18,2,120,9.97108e-05,0.0726989,0.001
2018,2,18,2,130,9.97108e-05,0.084797,0.001
2018,2,18,2,140,0.0633585,0.0889392,0.001
2018,2,18,2,150,0.0566712,0.0855987,0.001
2018,2,18,2,160,0.0587399,0.079667,0.001
2018,2,18,2,170,0.0428015,0.0757829,0.001
2018,2,18,2,180,0.0935075,0.0709487,0.001
2018,2,18,2,190,0.0227255,0.0585645,0.001
2018,2,18,2,200,0.0227255,0.0398475,0.001
2018,2,18,2,210,0.0185179,0.0227992,0.001
2018,2,18,2,220,0.0365251,0.0121842,0.001
2018,2,18,2,230,9.97108e-05,0.00667925,0.001
2018,2,18,2,240,9.97108e-05,0.00365526,0.001
2018,2,18,2,250,9.97108e-05,0.00185499,0.001
2018,2,18,2,260,9.97108e-05,0.000852511,0.001
2018,2,18,2,270,9.97108e-05,0.000374886,0.001
2018,2,18,2,280,9.97108e-05,0.000185233,0.001
2018,2,18,2,290,9.97108e-05,0.000122493,0.001
2018,2,18,2,300,9.97108e-05,0.00010497,0.001
2018,2,18,2,310,9.97108e-05,0.000101079,0.001
2018,5,18,2,30,9.97108e-05,0.000679599,0.001
2018,5,18,2,40,9.97108e-05,0.00685917,0.001
2018,5,18,2,50,0.0264398,0.0252374,0.001
2018,5,18,2,60,0.128174,0.0293518,0.001
2018,5,18,2,70,0.128174,0.0178774,0.001
2018,5,18,2,80,0.0791199,0.030881,0.001
2018,5,18,2,90,0.070722,0.0628769,0.001
2018,5,18,2,100,0.128174,0.0801608,0.001
2018,5,18,2,110,0.0796929,0.0749168,0.001
2018,5,18,2,120,0.0132697,0.071336,0.001
2018,5,18,2,130,0.0132697,0.0775979,0.001
2018,5,18,2,140,0.070722,0.0829269,0.001
2018,5,18,2,150,0.0132697,0.0822921,0.001
2018,5,18,2,160,0.0354107,0.0774618,0.001
2018,5,18,2,170,0.0617509,0.0723651,0.001
2018,5,18,2,180,0.0354107,0.0667042,0.001
2018,5,18,2,190,0.0222408,0.0552126,0.001
2018,5,18,2,200,9.97108e-05,0.0379499,0.001
2018,5,18,2,210,0.0575518,0.0219052,0.001
2018,5,18,2,220,9.97108e-05,0.0117799,0.001
2018,5,18,2,230,9.97108e-05,0.0064967,0.001
2018,5,18,2,240,9.97108e-05,0.00357838,0.001
2018,5,18,2,250,9.97108e-05,0.00182597,0.001
2018,5,18,2,260,0.0222408,0.000842432,0.001
2018,5,18,2,270,0.0132697,0.000371594,0.001
2018,5,18,2,280,9.97108e-05,0.000184251,0.001
2018,5,18,2,290,9.97108e-05,0.000122239,0.001
2018,5,18,2,300,9.97108e-05,0.000104915,0.001
2018,5,18,2,310,9.97108e-05,0.000101067,0.001
2018,8,18,2,30,9.97108e-05,0.00015521,0.001
2018,8,18,2,40,9.97108e-05,0.00125288,0.001
2018,8,18,2,50,0.0411883,0.00996262,0.001
2018,8,18,2,60,0.0284572,0.032964,0.001
2018,8,18,2,70,0.0128306,0.0451762,0.001
2018,8,18,2,80,0.0255617,0.0366485,0.001
2018,8,18,2,90,0.0128306,0.04642,0.001
2018,8,18,2,100,0.0382926,0.0749287,0.001
2018,8,18,2,110,0.0382926,0.0881963,0.001
2018,8,18,2,120,0.0510236,0.0819537,0.001
2018,8,18,2,130,9.97108e-05,0.0771723,0.001
2018,8,18,2,140,0.0822768,0.0785688,0.001
2018,8,18,2,150,9.97108e-05,0.0792493,0.001
2018,8,18,2,160,0.0950077,0.0760035,0.001
2018,8,18,2,170,0.138992,0.0707131,0.001
2018,8,18,2,180,0.0411883,0.0642941,0.001
2018,8,18,2,190,0.0666502,0.0530692,0.001
2018,8,18,2,200,0.0568148,0.0367221,0.001
2018,8,18,2,210,0.0666502,0.0213818,0.001
2018,8,18,2,220,0.0666502,0.0115889,0.001
2018,8,18,2,230,9.97108e-05,0.00643882,0.001
2018,8,18,2,240,0.0979034,0.00357149,0.001
2018,8,18,2,250,0.0128306,0.00183262,0.001
2018,8,18,2,260,9.97108e-05,0.000848173,0.001
2018,8,18,2,270,0.0128306,0.00037425,0.001
2018,8,18,2,280,9.97108e-05,0.000185149,0.001
2018,8,18,2,290,9.97108e-05,0.000122488,0.001
2018,8,18,2,300,0.0128306,0.000104976,0.001
2018,8,18,2,310,9.97108e-05,0.000101085,0.001
2018,11,18,2,30,9.97108e-05,0.000105591,0.001
2018,11,18,2,40,9.97108e-05,0.000269275,0.001
2018,11,18,2,50,0.0318156,0.00245531,0.001
2018,11,18,2,60,0.0423632,0.0149778,0.001
2018,11,18,2,70,0.107371,0.0430704,0.001
2018,11,18,2,80,0.0388003,0.0612671,0.001
2018,11,18,2,90,0.0254796,0.057778,0.001
2018,11,18,2,100,0.0675728,0.0654554,0.001
2018,11,18,2,110,0.0475576,0.0861675,0.001
2018,11,18,2,120,0.0135908,0.0922712,0.001
2018,11,18,2,130,0.0342369,0.0838879,0.001
2018,11,18,2,140,0.103961,0.0775025,0.001
2018,11,18,2,150,0.0383689,0.0761265,0.001
2018,11,18,2,160,0.0553322,0.0739553,0.001
2018,11,18,2,170,0.0655391,0.0692098,0.001
2018,11,18,2,180,0.0243995,0.062484,0.001
2018,11,18,2,190,0.116868,0.0513488,0.001
2018,11,18,2,200,0.0556839,0.0356593,0.001
2018,11,18,2,210,0.0511205,0.0209285,0.001
2018,11,18,2,220,0.0462164,0.011451,0.001
2018,11,18,2,230,0.00617466,0.00642326,0.001
2018,11,18,2,240,0.0266504,0.00359282,0.001
2018,11,18,2,250,9.97108e-05,0.00185514,0.001
2018,11,18,2,260,9.97108e-05,0.000861453,0.001
2018,11,18,2,270,9.97108e-05,0.000379877,0.001
2018,11,18,2,280,9.97108e-05,0.000187015,0.001
2018,11,18,2,290,9.97108e-05,0.000123,0.001
2018,11,18,2,300,9.97108e-05,0.000105097,0.001
2018,11,18,2,310,9.97108e-05,0.000101119,0.001
2019,2,18,2,30,9.97108e-05,0.0288632,0.001
2019,2,18,2,40,9.97108e-05,0.0088837,0.001
2019,2,18,2,50,0.0430394,0.000806484,0.001
2019,2,18,2,60,0.0966665,0.00452509,0.001
2019,2,18,2,70,0.121962,0.0215271,0.001
2019,2,18,2,80,0.146322,0.0534387,0.001
2019,2,18,2,90,0.0790224,0.0745326,0.001
2019,2,18,2,100,0.08565,0.075132,0.001
2019,2,18,2,110,9.97108e-05,0.0804637,0.001
2019,2,18,2,120,0.0107871,0.0908987,0.001
2019,2,18,2,130,0.0785544,0.0888214,0.001
2019,2,18,2,140,0.0644142,0.078635,0.001
2019,2,18,2,150,0.0891028,0.0726373,0.001
2019,2,18,2,160,0.0430394,0.0697985,0.001
2019,2,18,2,170,0.0644142,0.065714,0.001
2019,2,18,2,180,0.0180217,0.0592155,0.001
2019,2,18,2,190,9.97108e-05,0.0484413,0.001
2019,2,18,2,200,9.97108e-05,0.0336406,0.001
2019,2,18,2,210,0.0285701,0.0198364,0.001
2019,2,18,2,220,0.00733432,0.0109409,0.001
2019,2,18,2,230,0.0218036,0.00619637,0.001
2019,2,18,2,240,9.97108e-05,0.00349674,0.001
2019,2,18,2,250,9.97108e-05,0.001818,0.001
2019,2,18,2,260,9.97108e-05,0.000848062,0.001
2019,2,18,2,270,9.97108e-05,0.000375043,0.001
2019,2,18,2,280,9.97108e-05,0.00018524,0.001
2019,2,18,2,290,9.97108e-05,0.000122381,0.001
2019,2,18,2,300,9.97108e-05,0.000104904,0.001
2019,2,18,2,310,9.97108e-05,0.000101048,0.001
2019,5,18,2,30,9.97108e-05,0.00115695,0.001
2019,5,18,2,40,9.97108e-05,0.0124211,0.001
2019,5,18,2,50,0.0675117,0.0458598,0.001
2019,5,18,2,60,0.0771087,0.0524768,0.001
2019,5,18,2,70,0.112087,0.025788,0.001
2019,5,18,2,80,0.205605,0.030721,0.001
2019,5,18,2,90,0.063045,0.0612327,0.001
2019,5,18,2,100,0.0256219,0.0813129,0.001
2019,5,18,2,110,0.0349977,0.0833137,0.001
2019,5,18,2,120,0.00947551,0.0848679,0.001
2019,5,18,2,130,0.0152047,0.0853675,0.001
2019,5,18,2,140,0.0468986,0.0773196,0.001
2019,5,18,2,150,0.0399068,0.068347,0.001
2019,5,18,2,160,0.0422107,0.0633506,0.001
2019,5,18,2,170,0.0258431,0.0593481,0.001
2019,5,18,2,180,0.0466774,0.0534619,0.001
2019,5,18,2,190,0.0677329,0.0435763,0.001
2019,5,18,2,200,0.0524067,0.0301884,0.001
2019,5,18,2,210,0.0258431,0.0178191,0.001
2019,5,18,2,220,0.0256219,0.00987938,0.001
2019,5,18,2,230,0.0105169,0.00564209,0.001
2019,5,18,2,240,9.97108e-05,0.00321187,0.001
2019,5,18,2,250,9.97108e-05,0.00168363,0.001
2019,5,18,2,260,0.00478765,0.000792616,0.001
2019,5,18,2,270,9.97108e-05,0.000355398,0.001
2019,5,18,2,280,9.97108e-05,0.00017929,0.001
2019,5,18,2,290,9.97108e-05,0.000120834,0.001
2019,5,18,2,300,9.97108e-05,0.000104557,0.001
2019,5,18,2,310,9.97108e-05,0.000100961,0.001
2019,8,18,2,30,9.97108e-05,0.000196019,0.001
2019,8,18,2,40,9.97108e-05,0.00210052,0.001
2019,8,18,2,50,0.045494,0.0172029,0.001
2019,8,18,2,60,0.0248811,0.0569159,0.001
2019,8,18,2,70,0.0509212,0.0762938,0.001
2019,8,18,2,80,0.0252802,0.0527357,0.001
2019,8,18,2,90,0.0252802,0.0476206,0.001
2019,8,18,2,100,0.0468835,0.0711273,0.001
2019,8,18,2,110,0.0441048,0.0873272,0.001
2019,8,18,2,120,0.0415427,0.0877566,0.001
2019,8,18,2,130,0.0451927,0.0842844,0.001
2019,8,18,2,140,0.0883885,0.077285,0.001
2019,8,18,2,150,0.0704351,0.067708,0.001
2019,8,18,2,160,0.090587,0.0603908,0.001
2019,8,18,2,170,0.0694329,0.0554485,0.001
2019,8,18,2,180,0.057487,0.0497944,0.001
2019,8,18,2,190,0.0710041,0.0405203,0.001
2019,8,18,2,200,0.0461719,0.0280092,0.001
2019,8,18,2,210,0.0627475,0.0165249,0.001
2019,8,18,2,220,0.0146544,0.00919785,0.001
2019,8,18,2,230,0.0130366,0.0052975,0.001
2019,8,18,2,240,0.0526404,0.00304386,0.001
2019,8,18,2,250,9.97108e-05,0.00160859,0.001
2019,8,18,2,260,0.0130366,0.000763107,0.001
2019,8,18,2,270,9.97108e-05,0.000345344,0.001
2019,8,18,2,280,9.97108e-05,0.000176331,0.001
2019,8,18,2,290,9.97108e-05,0.00012008,0.001
2019,8,18,2,300,9.97108e-05,0.000104391,0.001
2019,8,18,2,310,9.97108e-05,0.000100921,0.001
2019,11,18,2,30,9.97108e-05,0.000109433,0.001
2019,11,18,2,40,9.97108e-05,0.000379995,0.001
2019,11,18,2,50,0.0252353,0.0039919,0.001
2019,11,18,2,60,0.063232,0.0246498,0.001
2019,11,18,2,70,0.0294246,0.0705786,0.001
2019,11,18,2,80,0.0783343,0.0973029,0.001
2019,11,18,2,90,0.0316659,0.0792662,0.001
2019,11,18,2,100,0.0469238,0.0679491,0.001
2019,11,18,2,110,0.0217882,0.0806066,0.001
2019,11,18,2,120,0.0646899,0.089242,0.001
2019,11,18,2,130,0.0518289,0.0855606,0.001
2019,11,18,2,140,0.117469,0.076955,0.001
2019,11,18,2,150,0.0417972,0.067222,0.001
2019,11,18,2,160,0.0901204,0.0585383,0.001
2019,11,18,2,170,0.0343428,0.0522711,0.001
2019,11,18,2,180,0.0700966,0.0464814,0.001
2019,11,18,2,190,0.0814734,0.0377812,0.001
2019,11,18,2,200,0.0389942,0.0260975,0.001
2019,11,18,2,210,0.0518553,0.0153925,0.001
2019,11,18,2,220,0.0286676,0.00859926,0.001
2019,11,18,2,230,0.0162539,0.00499815,0.001
2019,11,18,2,240,0.0149088,0.00290217,0.001
2019,11,18,2,250,9.97108e-05,0.00154764,0.001
2019,11,18,2,260,9.97108e-05,0.000740049,0.001
2019,11,18,2,270,9.97108e-05,0.000337761,0.001
2019,11,18,2,280,9.97108e-05,0.000174163,0.001
2019,11,18,2,290,9.97108e-05,0.000119539,0.001
2019,11,18,2,300,9.97108e-05,0.000104273,0.001
2019,11,18,2,310,9.97108e-05,0.000100893,0.001
2020,2,18,2,30,9.97108e-05,0.0145587,0.001
2020,2,18,2,40,9.97108e-05,0.0045418,0.001
2020,2,18,2,50,0.0216404,0.000966048,0.001
2020,2,18,2,60,0.0920183,0.0072495,0.001
2020,2,18,2,70,0.165274,0.0346224,0.001
2020,2,18,2,80,0.101901,0.0851097,0.001
2020,2,18,2,90,0.0890334,0.11365,0.001
2020,2,18,2,100,0.0517468,0.0989846,0.001
2020,2,18,2,110,0.0567758,0.0840376,0.001
2020,2,18,2,120,0.0323573,0.0858151,0.001
2020,2,18,2,130,0.0373864,0.0854661,0.001
2020,2,18,2,140,0.0072799,0.0769107,0.001
2020,2,18,2,150,0.0323573,0.0664537,0.001
2020,2,18,2,160,0.0194893,0.0569793,0.001
2020,2,18,2,170,0.0072799,0.0495455,0.001
2020,2,18,2,180,0.107589,0.0432915,0.001
2020,2,18,2,190,0.0997503,0.0350234,0.001
2020,2,18,2,200,0.0696438,0.0241677,0.001
2020,2,18,2,210,9.97108e-05,0.0142396,0.001
2020,2,18,2,220,9.97108e-05,0.00797025,0.001
2020,2,18,2,230,9.97108e-05,0.00466923,0.001
2020,2,18,2,240,0.0072799,0.00273977,0.001
2020,2,18,2,250,9.97108e-05,0.00147495,0.001
2020,2,18,2,260,9.97108e-05,0.000711235,0.001
2020,2,18,2,270,9.97108e-05,0.000327655,0.001
2020,2,18,2,280,9.97108e-05,0.000170996,0.001
2020,2,18,2,290,9.97108e-05,0.000118643,0.001
2020,2,18,2,300,9.97108e-05,0.000104044,0.001
2020,2,18,2,310,9.97108e-05,0.000100822,0.001
2020,5,18,2,30,9.97108e-05,0.000641546,0.001
2020,5,18,2,40,9.97108e-05,0.00641722,0.001
2020,5,18,2,50,0.018396,0.0236393,0.001
2020,5,18,2,60,0.0668407,0.0281328,0.001
2020,5,18,2,70,0.216797,0.0216488,0.001
2020,5,18,2,80,0.28372,0.0476162,0.001
2020,5,18,2,90,0.123674,0.0981329,0.001
2020,5,18,2,100,0.0467518,0.123051,0.001
2020,5,18,2,110,0.00924785,0.108519,0.001
2020,5,18,2,120,0.0467518,0.090845,0.001
2020,5,18,2,130,0.0467518,0.0837852,0.001
2020,5,18,2,140,0.0229851,0.0758763,0.001
2020,5,18,2,150,0.0147183,0.0653355,0.001
2020,5,18,2,160,0.0321332,0.0552287,0.001
2020,5,18,2,170,9.97108e-05,0.046919,0.001
2020,5,18,2,180,9.97108e-05,0.0400991,0.001
2020,5,18,2,190,0.0467518,0.0321101,0.001
2020,5,18,2,200,9.97108e-05,0.0220866,0.001
2020,5,18,2,210,9.97108e-05,0.0129838,0.001
2020,5,18,2,220,9.97108e-05,0.00726441,0.001
2020,5,18,2,230,9.97108e-05,0.00427937,0.001
2020,5,18,2,240,9.97108e-05,0.00253509,0.001
2020,5,18,2,250,9.97108e-05,0.00137847,0.001
2020,5,18,2,260,0.0229851,0.000671827,0.001
2020,5,18,2,270,9.97108e-05,0.000313927,0.001
2020,5,18,2,280,9.97108e-05,0.000166927,0.001
2020,5,18,2,290,9.97108e-05,0.00011761,0.001
2020,5,18,2,300,9.97108e-05,0.000103817,0.001
2020,5,18,2,310,9.97108e-05,0.000100768,0.001
2021,2,18,2,30,9.97108e-05,0.00755657,0.001
2021,2,18,2,40,9.97108e-05,0.00239198,0.001
2021,2,18,2,50,0.0898404,0.000573192,0.001
2021,2,18,2,60,0.10587,0.00405289,0.001
2021,2,18,2,70,0.079709,0.0193258,0.001
2021,2,18,2,80,0.0700057,0.0487381,0.001
2021,2,18,2,90,0.0491905,0.0722302,0.001
2021,2,18,2,100,0.0370943,0.0858871,0.001
2021,2,18,2,110,0.0780225,0.110514,0.001
2021,2,18,2,120,0.0434206,0.132168,0.001
2021,2,18,2,130,0.0528458,0.124223,0.001
2021,2,18,2,140,0.0313245,0.0974696,0.001
2021,2,18,2,150,0.0373725,0.0747969,0.001
2021,2,18,2,160,9.97108e-05,0.0593874,0.001
2021,2,18,2,170,0.0528458,0.0475792,0.001
2021,2,18,2,180,0.015573,0.0380857,0.001
2021,2,18,2,190,0.109247,0.0290753,0.001
2021,2,18,2,200,0.062271,0.0195362,0.001
2021,2,18,2,210,9.97108e-05,0.0113491,0.001
2021,2,18,2,220,0.0313245,0.00631765,0.001
2021,2,18,2,230,0.00614785,0.00376181,0.001
2021,2,18,2,240,0.0467977,0.0022833,0.001
2021,2,18,2,250,9.97108e-05,0.00127449,0.001
2021,2,18,2,260,9.97108e-05,0.000635487,0.001
2021,2,18,2,270,9.97108e-05,0.000302913,0.001
2021,2,18,2,280,9.97108e-05,0.000163919,0.001
2021,2,18,2,290,9.97108e-05,0.000116843,0.001
2021,2,18,2,300,9.97108e-05,0.000103633,0.001
2021,2,18,2,310,9.97108e-05,0.000100713,0.001
2021,5,18,2,30,9.97108e-05,0.0003938,0.001
2021,5,18,2,40,9.97108e-05,0.00352879,0.001
2021,5,18,2,50,9.97108e-05,0.0128811,0.001
2021,5,18,2,60,0.0470433,0.0153833,0.001
2021,5,18,2,70,0.0833012,0.0123099,0.001
2021,5,18,2,80,0.0464081,0.0282248,0.001
2021,5,18,2,90,0.0420181,0.0608801,0.001
2021,5,18,2,100,0.0292968,0.0875135,0.001
2021,5,18,2,110,0.0553745,0.105211,0.001
2021,5,18,2,120,0.0509845,0.124452,0.001
2021,5,18,2,130,0.0305674,0.130072,0.001
2021,5,18,2,140,0.106895,0.110538,0.001
2021,5,18,2,150,0.146458,0.0837981,0.001
2021,5,18,2,160,0.101869,0.0634746,0.001
2021,5,18,2,170,0.0955735,0.0492368,0.001
2021,5,18,2,180,0.045324,0.0384939,0.001
2021,5,18,2,190,0.0396635,0.028826,0.001
2021,5,18,2,200,0.0326028,0.0191261,0.001
2021,5,18,2,210,0.0255421,0.0110251,0.001
2021,5,18,2,220,9.97108e-05,0.00610812,0.001
2021,5,18,2,230,9.97108e-05,0.00363864,0.001
2021,5,18,2,240,0.0128209,0.00222134,0.001
2021,5,18,2,250,0.00716036,0.00124948,0.001
2021,5,18,2,260,9.97108e-05,0.000627625,0.001
2021,5,18,2,270,9.97108e-05,0.000301053,0.001
2021,5,18,2,280,9.97108e-05,0.000163623,0.001
2021,5,18,2,290,9.97108e-05,0.000116832,0.001
2021,5,18,2,300,9.97108e-05,0.000103644,0.001
2021,5,18,2,310,9.97108e-05,0.00010072,0.001
2022,2,18,2,30,9.97108e-05,0.0160712,0.001
2022,2,18,2,40,0.0710802,0.00497697,0.001
2022,2,18,2,50,0.0237598,0.000487981,0.001
2022,2,18,2,60,0.063413,0.0025203,0.001
2022,2,18,2,70,0.181384,0.0118803,0.001
2022,2,18,2,80,0.118401,0.0299964,0.001
2022,2,18,2,90,0.0387642,0.0450364,0.001
2022,2,18,2,100,0.116753,0.0560068,0.001
2022,2,18,2,110,0.0550867,0.0786671,0.001
2022,2,18,2,120,0.0231008,0.1083,0.001
2022,2,18,2,130,0.039094,0.127168,0.001
2022,2,18,2,140,0.0630836,0.128644,0.001
2022,2,18,2,150,0.0160926,0.114395,0.001
2022,2,18,2,160,0.0394234,0.0894197,0.001
2022,2,18,2,170,0.0154337,0.0641217,0.001
2022,2,18,2,180,0.0550872,0.0453171,0.001
2022,2,18,2,190,0.0394234,0.031456,0.001
2022,2,18,2,200,9.97108e-05,0.0198971,0.001
2022,2,18,2,210,0.0237598,0.0111175,0.001
2022,2,18,2,220,9.97108e-05,0.00602853,0.001
2022,2,18,2,230,9.97108e-05,0.00357231,0.001
2022,2,18,2,240,9.97108e-05,0.00220754,0.001
2022,2,18,2,250,0.0077668,0.00126517,0.001
2022,2,18,2,260,9.97108e-05,0.000645439,0.001
2022,2,18,2,270,0.00809615,0.000311169,0.001
2022,2,18,2,280,9.97108e-05,0.000167597,0.001
2022,2,18,2,290,9.97108e-05,0.000118025,0.001
2022,2,18,2,300,9.97108e-05,0.000103933,0.001
2022,2,18,2,310,9.97108e-05,0.000100794,0.001
2022,5,18,2,30,9.97108e-05,0.000728582,0.001
2022,5,18,2,40,9.97108e-05,0.00742878,0.001
2022,5,18,2,50,0.0274037,0.0273182,0.001
2022,5,18,2,60,0.0975698,0.031246,0.001
2022,5,18,2,70,0.310893,0.0153312,0.001
2022,5,18,2,80,0.0612794,0.0182953,0.001
2022,5,18,2,90,0.0711856,0.0376077,0.001
2022,5,18,2,100,0.0855275,0.0551227,0.001
2022,5,18,2,110,0.0313794,0.0703046,0.001
2022,5,18,2,120,0.0135217,0.0930001,0.001
2022,5,18,2,130,0.0573036,0.115562,0.001
2022,5,18,2,140,0.0749802,0.12372,0.001
2022,5,18,2,150,0.00713125,0.11567,0.001
2022,5,18,2,160,0.00361554,0.0947365,0.001
2022,5,18,2,170,0.0377699,0.0690826,0.001
2022,5,18,2,180,0.0274037,0.0477807,0.001
2022,5,18,2,190,9.97108e-05,0.0321191,0.001
2022,5,18,2,200,0.0647951,0.0198678,0.001
2022,5,18,2,210,9.97108e-05,0.0109448,0.001
2022,5,18,2,220,0.0269438,0.00587032,0.001
2022,5,18,2,230,9.97108e-05,0.00345828,0.001
2022,5,18,2,240,9.97108e-05,0.00214,0.001
2022,5,18,2,250,9.97108e-05,0.00123346,0.001
2022,5,18,2,260,9.97108e-05,0.000633832,0.001
2022,5,18,2,270,9.97108e-05,0.000307877,0.001
2022,5,18,2,280,9.97108e-05,0.000166885,0.001
2022,5,18,2,290,9.97108e-05,0.000117915,0.001
2022,5,18,2,300,9.97108e-05,0.000103925,0.001
2022,5,18,2,310,9.97108e-05,0.000100797,0.001
2023,5,18,2,30,9.97108e-05,0.000725943,0.001
2023,5,18,2,40,9.97108e-05,0.00739946,0.001
2023,5,18,2,50,0.0166813,0.0272495,0.001
2023,5,18,2,60,0.0219214,0.0317329,0.001
2023,5,18,2,70,0.0641839,0.0196006,0.001
2023,5,18,2,80,0.0532925,0.0344517,0.001
2023,5,18,2,90,0.0748591,0.0699499,0.001
2023,5,18,2,100,0.052443,0.0878447,0.001
2023,5,18,2,110,0.0440383,0.0785944,0.001
2023,5,18,2,120,0.0183911,0.0702485,0.001
2023,5,18,2,130,0.0114022,0.0755707,0.001
2023,5,18,2,140,0.10654,0.0860304,0.001
2023,5,18,2,150,0.0980249,0.0943544,0.001
2023,5,18,2,160,0.137917,0.0935823,0.001
2023,5,18,2,170,0.124905,0.0799183,0.001
2023,5,18,2,180,0.0434111,0.0587381,0.001
2023,5,18,2,190,0.0462751,0.0379162,0.001
2023,5,18,2,200,0.0343012,0.0216731,0.001
2023,5,18,2,210,0.00575094,0.0111225,0.001
2023,5,18,2,220,0.01103,0.00562651,0.001
2023,5,18,2,230,0.01103,0.00318535,0.001
2023,5,18,2,240,0.0114022,0.00195427,0.001
2023,5,18,2,250,0.00575094,0.00114242,0.001
2023,5,18,2,260,0.00575094,0.000600982,0.001
2023,5,18,2,270,9.97108e-05,0.000299183,0.001
2023,5,18,2,280,9.97108e-05,0.000165256,0.001
2023,5,18,2,290,9.97108e-05,0.000117734,0.001
2023,5,18,2,300,9.97108e-05,0.000103929,0.001
2023,5,18,2,310,9.97108e-05,0.000100809,0.001
2023,8,18,2,30,9.97108e-05,0.000158641,0.001
2023,8,18,2,40,9.97108e-05,0.00132414,0.001
2023,8,18,2,50,0.0394768,0.0105725,0.001
2023,8,18,2,60,0.00949303,0.0350058,0.001
2023,8,18,2,70,0.0452879,0.0480727,0.001
2023,8,18,2,80,0.0732577,0.03949,0.001
2023,8,18,2,90,0.00949303,0.0509743,0.001
2023,8,18,2,100,0.00684269,0.0821134,0.001
2023,8,18,2,110,0.0132254,0.0948102,0.001
2023,8,18,2,120,0.00684269,0.0842947,0.001
2023,8,18,2,130,0.0267114,0.0759711,0.001
2023,8,18,2,140,0.0233399,0.0788643,0.001
2023,8,18,2,150,0.136535,0.0860772,0.001
2023,8,18,2,160,0.155046,0.0880923,0.001
2023,8,18,2,170,0.143639,0.0785196,0.001
2023,8,18,2,180,0.0709683,0.0597673,0.001
2023,8,18,2,190,0.0709683,0.0391777,0.001
2023,8,18,2,200,0.0479382,0.0223129,0.001
2023,8,18,2,210,0.0612141,0.0112913,0.001
2023,8,18,2,220,0.0229796,0.00560758,0.001
2023,8,18,2,230,0.00347122,0.00312181,0.001
2023,8,18,2,240,0.0290014,0.00190021,0.001
2023,8,18,2,250,9.97108e-05,0.00111135,0.001
2023,8,18,2,260,0.00347122,0.000587707,0.001
2023,8,18,2,270,9.97108e-05,0.00029485,0.001
2023,8,18,2,280,9.97108e-05,0.000164164,0.001
2023,8,18,2,290,9.97108e-05,0.000117522,0.001
2023,8,18,2,300,9.97108e-05,0.0001039,0.001
2023,8,18,2,310,9.97108e-05,0.000100807,0.001
2023,11,18,2,30,9.97108e-05,0.000105861,0.001
2023,11,18,2,40,9.97108e-05,0.000277021,0.001
2023,11,18,2,50,0.02678,0.00256286,0.001
2023,11,18,2,60,0.0322074,0.0156591,0.001
2023,11,18,2,70,0.0126114,0.045069,0.001
2023,11,18,2,80,0.00364186,0.0643291,0.001
2023,11,18,2,90,0.0240738,0.0614948,0.001
2023,11,18,2,100,0.0520315,0.0709517,0.001
2023,11,18,2,110,0.025123,0.0932056,0.001
2023,11,18,2,120,0.0186465,0.0975294,0.001
2023,11,18,2,130,0.0190644,0.085159,0.001
2023,11,18,2,140,0.0334613,0.077353,0.001
2023,11,18,2,150,0.0590837,0.0796117,0.001
2023,11,18,2,160,0.142697,0.0823726,0.001
2023,11,18,2,170,0.190455,0.0761489,0.001
2023,11,18,2,180,0.0889032,0.0601311,0.001
2023,11,18,2,190,0.113082,0.0403097,0.001
2023,11,18,2,200,0.0390784,0.0230712,0.001
2023,11,18,2,210,0.0434565,0.0115858,0.001
2023,11,18,2,220,0.0119801,0.00566256,0.001
2023,11,18,2,230,0.0313628,0.00309667,0.001
2023,11,18,2,240,0.00802,0.00186625,0.001
2023,11,18,2,250,0.00760201,0.00109032,0.001
2023,11,18,2,260,0.00405985,0.00057888,0.001
2023,11,18,2,270,0.00802,0.000292194,0.001
2023,11,18,2,280,9.97108e-05,0.000163603,0.001
2023,11,18,2,290,0.00405985,0.000117453,0.001
2023,11,18,2,300,9.97108e-05,0.000103903,0.001
2023,11,18,2,310,9.97108e-05,0.000100814,0.001
2004,2,19,2,30,9.97108e-05,0.000135794,0.001
2004,2,19,2,40,9.97108e-05,0.000122462,0.001
2004,2,19,2,50,9.97108e-05,0.000106952,0.001
2004,2,19,2,60,9.97108e-05,0.000213049,0.001
2004,2,19,2,70,0.0168578,0.00112007,0.001
2004,2,19,2,80,0.0168578,0.00456026,0.001
2004,2,19,2,90,0.00847877,0.0104045,0.001
2004,2,19,2,100,0.0503741,0.016255,0.001
2004,2,19,2,110,0.041995,0.0264969,0.001
2004,2,19,2,120,0.0252369,0.047825,0.001
2004,2,19,2,130,0.033616,0.0769279,0.001
2004,2,19,2,140,0.0922694,0.103118,0.001
2004,2,19,2,150,0.0755113,0.112776,0.001
2004,2,19,2,160,0.100648,0.102668,0.001
2004,2,19,2,170,0.100648,0.0910746,0.001
2004,2,19,2,180,0.0587531,0.0870695,0.001
2004,2,19,2,190,0.109028,0.0828518,0.001
2004,2,19,2,200,0.0671322,0.0700684,0.001
2004,2,19,2,210,0.0755113,0.0512838,0.001
2004,2,19,2,220,0.0252369,0.0354963,0.001
2004,2,19,2,230,0.0252369,0.0265767,0.001
2004,2,19,2,240,0.033616,0.0210196,0.001
2004,2,19,2,250,9.97108e-05,0.0153574,0.001
2004,2,19,2,260,0.0252369,0.00941031,0.001
2004,2,19,2,270,0.00847877,0.00458728,0.001
2004,2,19,2,280,0.00847877,0.00172192,0.001
2004,2,19,2,290,9.97108e-05,0.000502817,0.001
2004,2,19,2,300,9.97108e-05,0.000150524,0.001
2004,2,19,2,310,9.97108e-05,9.97108e-05,0.001
2004,11,19,2,30,9.97108e-05,9.97299e-05,0.001
2004,11,19,2,40,9.97108e-05,0.00010094,0.001
2004,11,19,2,50,9.97108e-05,0.00013525,0.001
2004,11,19,2,60,9.97108e-05,0.000539278,0.001
2004,11,19,2,70,9.97108e-05,0.00244758,0.001
2004,11,19,2,80,9.97108e-05,0.0059611,0.001
2004,11,19,2,90,0.018229,0.00930327,0.001
2004,11,19,2,100,0.0424013,0.0166287,0.001
2004,11,19,2,110,0.0484443,0.0333949,0.001
2004,11,19,2,120,0.0786598,0.0534053,0.001
2004,11,19,2,130,0.024272,0.0712509,0.001
2004,11,19,2,140,0.0544874,0.0908945,0.001
2004,11,19,2,150,0.0726167,0.107779,0.001
2004,11,19,2,160,0.0484443,0.10953,0.001
2004,11,19,2,170,0.0907459,0.100768,0.001
2004,11,19,2,180,0.102832,0.0910487,0.001
2004,11,19,2,190,0.133047,0.0809584,0.001
2004,11,19,2,200,0.0665736,0.0663761,0.001
2004,11,19,2,210,0.102832,0.0485053,0.001
2004,11,19,2,220,0.0303151,0.0339214,0.001
2004,11,19,2,230,0.024272,0.0255601,0.001
2004,11,19,2,240,0.024272,0.0202528,0.001
2004,11,19,2,250,0.0121859,0.0148814,0.001
2004,11,19,2,260,0.0121859,0.00921665,0.001
2004,11,19,2,270,0.00614284,0.00455053,0.001
2004,11,19,2,280,9.97108e-05,0.00172913,0.001
2004,11,19,2,290,9.97108e-05,0.000509382,0.001
2004,11,19,2,300,0.00614284,0.000151897,0.001
2004,11,19,2,310,9.97108e-05,9.97108e-05,0.001
2008,11,19,2,30,9.97108e-05,9.97359e-05,0.001
2008,11,19,2,40,9.97108e-05,0.000101326,0.001
2008,11,19,2,50,9.97108e-05,0.00014639,0.001
2008,11,19,2,60,0.0171087,0.000676345,0.001
2008,11,19,2,70,0.0171087,0.00316234,0.001
2008,11,19,2,80,0.00814465,0.0075224,0.001
2008,11,19,2,90,0.0251536,0.0102875,0.001
2008,11,19,2,100,0.0403245,0.0146133,0.001
2008,11,19,2,110,0.0743423,0.0290973,0.001
2008,11,19,2,120,0.0573335,0.0556545,0.001
2008,11,19,2,130,0.0734233,0.0911993,0.001
2008,11,19,2,140,0.0242346,0.124104,0.001
2008,11,19,2,150,0.0913513,0.135025,0.001
2008,11,19,2,160,0.0984772,0.120902,0.001
2008,11,19,2,170,0.0573335,0.100873,0.001
2008,11,19,2,180,0.0975582,0.083793,0.001
2008,11,19,2,190,0.0895133,0.0674999,0.001
2008,11,19,2,200,0.0644594,0.050271,0.001
2008,11,19,2,210,0.0322796,0.0341442,0.001
2008,11,19,2,220,0.0483695,0.0225875,0.001
2008,11,19,2,230,0.00814465,0.0162119,0.001
2008,11,19,2,240,0.0331986,0.0124384,0.001
2008,11,19,2,250,0.00814465,0.00909516,0.001
2008,11,19,2,260,0.00814465,0.00574667,0.001
2008,11,19,2,270,0.00814465,0.0029465,0.001
2008,11,19,2,280,0.0171087,0.00118247,0.001
2008,11,19,2,290,9.97108e-05,0.000382596,0.001
2008,11,19,2,300,9.97108e-05,0.000136991,0.001
2008,11,19,2,310,9.97108e-05,9.97108e-05,0.001
2010,11,19,2,30,9.97108e-05,9.97305e-05,0.001
2010,11,19,2,40,9.97108e-05,0.000100979,0.001
2010,11,19,2,50,9.97108e-05,0.000136372,0.001
2010,11,19,2,60,0.0191297,0.000553469,0.001
2010,11,19,2,70,9.97108e-05,0.00253112,0.001
2010,11,19,2,80,9.97108e-05,0.00627085,0.001
2010,11,19,2,90,0.0191297,0.0104888,0.001
2010,11,19,2,100,0.0314299,0.0209172,0.001
2010,11,19,2,110,0.147815,0.0444818,0.001
2010,11,19,2,120,0.116485,0.0737117,0.001
2010,11,19,2,130,0.198175,0.0983884,0.001
2010,11,19,2,140,0.066125,0.114229,0.001
2010,11,19,2,150,0.0504598,0.115698,0.001
2010,11,19,2,160,0.047095,0.105758,0.001
2010,11,19,2,170,0.0504598,0.0966734,0.001
2010,11,19,2,180,0.0851549,0.0875281,0.001
2010,11,19,2,190,0.0538247,0.0724862,0.001
2010,11,19,2,200,0.0817901,0.0528466,0.001
2010,11,19,2,210,9.97108e-05,0.0344377,0.001
2010,11,19,2,220,0.0314299,0.0216438,0.001
2010,11,19,2,230,9.97108e-05,0.0146163,0.001
2010,11,19,2,240,9.97108e-05,0.0105845,0.001
2010,11,19,2,250,9.97108e-05,0.00741898,0.001
2010,11,19,2,260,9.97108e-05,0.00457471,0.001
2010,11,19,2,270,9.97108e-05,0.0023285,0.001
2010,11,19,2,280,9.97108e-05,0.000945945,0.001
2010,11,19,2,290,9.97108e-05,0.000321897,0.001
2010,11,19,2,300,9.97108e-05,0.000129236,0.001
2010,11,19,2,310,9.97108e-05,9.97108e-05,0.001
2016,11,19,2,30,9.97108e-05,9.97196e-05,0.001
2016,11,19,2,40,9.97108e-05,0.000100274,0.001
2016,11,19,2,50,9.97108e-05,0.000116014,0.001
2016,11,19,2,60,9.97108e-05,0.000301962,0.001
2016,11,19,2,70,9.97108e-05,0.0011948,0.001
2016,11,19,2,80,9.97108e-05,0.00302512,0.001
2016,11,19,2,90,9.97108e-05,0.00597675,0.001
2016,11,19,2,100,9.97108e-05,0.0142088,0.001
2016,11,19,2,110,0.0146561,0.0303923,0.001
2016,11,19,2,120,0.0146561,0.0460585,0.001
2016,11,19,2,130,9.97108e-05,0.0558487,0.001
2016,11,19,2,140,0.0572333,0.0691651,0.001
2016,11,19,2,150,0.130015,0.0901251,0.001
2016,11,19,2,160,0.158036,0.107228,0.001
2016,11,19,2,170,0.182782,0.115213,0.001
2016,11,19,2,180,0.1715,0.11427,0.001
2016,11,19,2,190,0.0281206,0.102435,0.001
2016,11,19,2,200,0.0706979,0.0808613,0.001
2016,11,19,2,210,0.0281206,0.0570187,0.001
2016,11,19,2,220,0.0852543,0.0384982,0.001
2016,11,19,2,230,0.0146561,0.026676,0.001
2016,11,19,2,240,0.042677,0.0184169,0.001
2016,11,19,2,250,9.97108e-05,0.0117087,0.001
2016,11,19,2,260,9.97108e-05,0.00644922,0.001
2016,11,19,2,270,9.97108e-05,0.00294871,0.001
2016,11,19,2,280,9.97108e-05,0.00109049,0.001
2016,11,19,2,290,9.97108e-05,0.000342524,0.001
2016,11,19,2,300,9.97108e-05,0.000130409,0.001
2016,11,19,2,310,9.97108e-05,9.97108e-05,0.001
2019,8,19,2,30,9.97108e-05,0.00010005,0.001
2019,8,19,2,40,9.97108e-05,0.000115392,0.001
2019,8,19,2,50,9.97108e-05,0.000375752,0.001
2019,8,19,2,60,9.97108e-05,0.00187663,0.001
2019,8,19,2,70,9.97108e-05,0.00448974,0.001
2019,8,19,2,80,0.0146871,0.00555193,0.001
2019,8,19,2,90,0.0146871,0.00889171,0.001
2019,8,19,2,100,0.0266544,0.0214527,0.001
2019,8,19,2,110,0.103698,0.0398777,0.001
2019,8,19,2,120,0.0797635,0.0577629,0.001
2019,8,19,2,130,0.0823837,0.0757049,0.001
2019,8,19,2,140,0.13698,0.0892337,0.001
2019,8,19,2,150,0.0651762,0.092499,0.001
2019,8,19,2,160,9.97108e-05,0.0896484,0.001
2019,8,19,2,170,0.0917308,0.0890956,0.001
2019,8,19,2,180,0.0146871,0.0902277,0.001
2019,8,19,2,190,0.120906,0.0862128,0.001
2019,8,19,2,200,0.0730367,0.0728026,0.001
2019,8,19,2,210,0.0797635,0.0544265,0.001
2019,8,19,2,220,0.0558291,0.0391567,0.001
2019,8,19,2,230,0.0120669,0.0294177,0.001
2019,8,19,2,240,9.97108e-05,0.0219993,0.001
2019,8,19,2,250,9.97108e-05,0.0148106,0.001
2019,8,19,2,260,0.0266544,0.00839262,0.001
2019,8,19,2,270,9.97108e-05,0.00384368,0.001
2019,8,19,2,280,9.97108e-05,0.0013874,0.001
2019,8,19,2,290,9.97108e-05,0.000408524,0.001
2019,8,19,2,300,9.97108e-05,0.000137749,0.001
2019,8,19,2,310,9.97108e-05,9.97108e-05,0.001
2020,11,19,2,30,9.97108e-05,9.97302e-05,0.001
2020,11,19,2,40,9.97108e-05,0.000100958,0.001
2020,11,19,2,50,9.97108e-05,0.000135789,0.001
2020,11,19,2,60,9.97108e-05,0.000547025,0.001
2020,11,19,2,70,0.00620093,0.00251535,0.001
2020,11,19,2,80,9.97108e-05,0.00647146,0.001
2020,11,19,2,90,9.97108e-05,0.0123891,0.001
2020,11,19,2,100,9.97108e-05,0.0284818,0.001
2020,11,19,2,110,9.97108e-05,0.0603752,0.001
2020,11,19,2,120,0.066566,0.0902236,0.001
2020,11,19,2,130,0.0577377,0.1017,0.001
2020,11,19,2,140,0.0184033,0.102696,0.001
2020,11,19,2,150,0.157437,0.0991599,0.001
2020,11,19,2,160,0.0638389,0.0887293,0.001
2020,11,19,2,170,0.10486,0.0785029,0.001
2020,11,19,2,180,0.0943448,0.0723805,0.001
2020,11,19,2,190,0.0594247,0.0660463,0.001
2020,11,19,2,200,0.131992,0.0547556,0.001
2020,11,19,2,210,0.0594247,0.0404909,0.001
2020,11,19,2,220,0.0777282,0.0291717,0.001
2020,11,19,2,230,0.0245045,0.022558,0.001
2020,11,19,2,240,0.0184033,0.0176352,0.001
2020,11,19,2,250,9.97108e-05,0.0123657,0.001
2020,11,19,2,260,0.0228175,0.00722804,0.001
2020,11,19,2,270,0.0167163,0.00338545,0.001
2020,11,19,2,280,0.00620093,0.0012445,0.001
2020,11,19,2,290,0.00620093,0.000376204,0.001
2020,11,19,2,300,0.00620093,0.000133875,0.001
2020,11,19,2,310,9.97108e-05,9.97108e-05,0.001
2021,8,19,2,30,9.97108e-05,9.98064e-05,0.001
2021,8,19,2,40,9.97108e-05,0.00010413,0.001
2021,8,19,2,50,9.97108e-05,0.000177618,0.001
2021,8,19,2,60,9.97108e-05,0.000605776,0.001
2021,8,19,2,70,9.97108e-05,0.00143594,0.001
2021,8,19,2,80,9.97108e-05,0.00258727,0.001
2021,8,19,2,90,9.97108e-05,0.00761815,0.001
2021,8,19,2,100,0.00959593,0.0219906,0.001
2021,8,19,2,110,0.0285885,0.0455186,0.001
2021,8,19,2,120,0.0190923,0.0767145,0.001
2021,8,19,2,130,0.00959593,0.1125,0.001
2021,8,19,2,140,0.0855661,0.133301,0.001
2021,8,19,2,150,0.0475811,0.124826,0.001
2021,8,19,2,160,0.0570773,0.100406,0.001
2021,8,19,2,170,0.0475811,0.0808663,0.001
2021,8,19,2,180,0.0760699,0.0691735,0.001
2021,8,19,2,190,0.284988,0.0595602,0.001
2021,8,19,2,200,0.0665737,0.0475919,0.001
2021,8,19,2,210,0.0190923,0.0344079,0.001
2021,8,19,2,220,0.0570773,0.0244505,0.001
2021,8,19,2,230,0.0475811,0.0189455,0.001
2021,8,19,2,240,0.0855661,0.0150745,0.001
2021,8,19,2,250,0.0380847,0.0108082,0.001
2021,8,19,2,260,9.97108e-05,0.00644397,0.001
2021,8,19,2,270,9.97108e-05,0.00306565,0.001
2021,8,19,2,280,0.00959593,0.00114234,0.001
2021,8,19,2,290,9.97108e-05,0.000352624,0.001
2021,8,19,2,300,0.00959593,0.00013098,0.001
2021,8,19,2,310,9.97108e-05,9.97108e-05,0.001
2021,11,19,2,30,9.97108e-05,9.97209e-05,0.001
2021,11,19,2,40,9.97108e-05,0.000100357,0.001
2021,11,19,2,50,9.97108e-05,0.000118418,0.001
2021,11,19,2,60,9.97108e-05,0.000331737,0.001
2021,11,19,2,70,9.97108e-05,0.00135496,0.001
2021,11,19,2,80,9.97108e-05,0.00344229,0.001
2021,11,19,2,90,9.97108e-05,0.00680145,0.001
2021,11,19,2,100,9.97108e-05,0.0167175,0.001
2021,11,19,2,110,9.97108e-05,0.0394499,0.001
2021,11,19,2,120,0.019461,0.0721981,0.001
2021,11,19,2,130,0.019461,0.108126,0.001
2021,11,19,2,140,0.0388224,0.134721,0.001
2021,11,19,2,150,0.0678644,0.134119,0.001
2021,11,19,2,160,0.0388224,0.109475,0.001
2021,11,19,2,170,0.0291416,0.0854496,0.001
2021,11,19,2,180,0.164671,0.070479,0.001
2021,11,19,2,190,0.309881,0.0592054,0.001
2021,11,19,2,200,0.164671,0.0465901,0.001
2021,11,19,2,210,0.019461,0.0333473,0.001
2021,11,19,2,220,0.00978035,0.0235382,0.001
2021,11,19,2,230,0.077545,0.018216,0.001
2021,11,19,2,240,9.97108e-05,0.0145602,0.001
2021,11,19,2,250,0.0291416,0.0105129,0.001
2021,11,19,2,260,0.00978035,0.00631191,0.001
2021,11,19,2,270,9.97108e-05,0.00302122,0.001
2021,11,19,2,280,9.97108e-05,0.00113172,0.001
2021,11,19,2,290,9.97108e-05,0.000351049,0.001
2021,11,19,2,300,9.97108e-05,0.000130888,0.001
2021,11,19,2,310,9.97108e-05,9.97108e-05,0.001
