Yr,Month,Fleet,Area,Weight,Obs,Exp,Nsamp_adj
1997,8,5,1,2,1e-09,0.000680089,255.5
1997,8,5,1,3,1e-09,0.00185784,255.5
1997,8,5,1,4,1e-09,0.00304106,255.5
1997,8,5,1,5,0.000341724,0.00361691,255.5
1997,8,5,1,6,0.00113635,0.00363246,255.5
1997,8,5,1,7,0.000264876,0.0034815,255.5
1997,8,5,1,8,0.000264876,0.00352634,255.5
1997,8,5,1,9,0.00208468,0.00392844,255.5
1997,8,5,1,10,0.00161051,0.00466099,255.5
1997,8,5,1,11,0.00261443,0.00562623,255.5
1997,8,5,1,12,0.00829618,0.0143297,255.5
1997,8,5,1,14,0.0100816,0.017708,255.5
1997,8,5,1,16,0.0120208,0.0196463,255.5
1997,8,5,1,18,0.00992795,0.0202117,255.5
1997,8,5,1,20,0.0332354,0.0484656,255.5
1997,8,5,1,25,0.0332109,0.0457233,255.5
1997,8,5,1,30,0.0292459,0.0454927,255.5
1997,8,5,1,35,0.0332877,0.045609,255.5
1997,8,5,1,40,0.0916536,0.0900285,255.5
1997,8,5,1,50,0.0979387,0.086903,255.5
1997,8,5,1,60,0.112186,0.0832422,255.5
1997,8,5,1,70,0.0921458,0.0790089,255.5
1997,8,5,1,80,0.0952769,0.0729155,255.5
1997,8,5,1,90,0.0705714,0.0641464,255.5
1997,8,5,1,100,0.11008,0.0956202,255.5
1997,8,5,1,120,0.0657563,0.0581462,255.5
1997,8,5,1,140,0.0373639,0.0346043,255.5
1997,8,5,1,160,0.0300928,0.0270802,255.5
1997,8,5,1,200,0.0130983,0.00995707,255.5
1997,8,5,1,250,0.00621151,0.00710918,255.5
1997,8,4,1,2,1e-09,0.000445051,71.9749
1997,8,4,1,3,1e-09,0.00113031,71.9749
1997,8,4,1,4,1e-09,0.0017784,71.9749
1997,8,4,1,5,1e-09,0.00207582,71.9749
1997,8,4,1,6,1e-09,0.00207586,71.9749
1997,8,4,1,7,1e-09,0.00200261,71.9749
1997,8,4,1,8,0.00401607,0.00205768,71.9749
1997,8,4,1,9,0.00401607,0.00233979,71.9749
1997,8,4,1,10,0.00401607,0.00284577,71.9749
1997,8,4,1,11,1e-09,0.0035355,71.9749
1997,8,4,1,12,0.00401607,0.00947314,71.9749
1997,8,4,1,14,0.00803213,0.0125911,71.9749
1997,8,4,1,16,0.0240964,0.0151463,71.9749
1997,8,4,1,18,0.0240964,0.0169697,71.9749
1997,8,4,1,20,0.0522088,0.047518,71.9749
1997,8,4,1,25,0.0803213,0.0522072,71.9749
1997,8,4,1,30,0.0281124,0.0539728,71.9749
1997,8,4,1,35,0.060241,0.0541669,71.9749
1997,8,4,1,40,0.0843373,0.106921,71.9749
1997,8,4,1,50,0.108434,0.103209,71.9749
1997,8,4,1,60,0.108434,0.0988258,71.9749
1997,8,4,1,70,0.0883534,0.0923797,71.9749
1997,8,4,1,80,0.0963855,0.0809884,71.9749
1997,8,4,1,90,0.0722892,0.0656734,71.9749
1997,8,4,1,100,0.0963855,0.0840149,71.9749
1997,8,4,1,120,0.0441767,0.040297,71.9749
1997,8,4,1,140,0.00401607,0.0200451,71.9749
1997,8,4,1,160,0.00401607,0.0176655,71.9749
1997,8,4,1,200,1e-09,0.00631469,71.9749
1997,8,4,1,250,1e-09,0.00133339,71.9749
1997,11,5,1,2,1e-09,0.000221924,255.5
1997,11,5,1,3,0.00084449,0.000967586,255.5
1997,11,5,1,4,0.000601398,0.00245022,255.5
1997,11,5,1,5,0.00192954,0.00432364,255.5
1997,11,5,1,6,0.00313233,0.00601303,255.5
1997,11,5,1,7,0.00289178,0.00711079,255.5
1997,11,5,1,8,0.00192701,0.00753335,255.5
1997,11,5,1,9,0.00253094,0.00749592,255.5
1997,11,5,1,10,0.000841958,0.00727337,255.5
1997,11,5,1,11,0.00361345,0.00709718,255.5
1997,11,5,1,12,0.00626467,0.0143758,255.5
1997,11,5,1,14,0.00963249,0.015716,255.5
1997,11,5,1,16,0.0128902,0.0174871,255.5
1997,11,5,1,18,0.0136144,0.0187295,255.5
1997,11,5,1,20,0.0272034,0.0469306,255.5
1997,11,5,1,25,0.0357711,0.0438109,255.5
1997,11,5,1,30,0.0291304,0.0424201,255.5
1997,11,5,1,35,0.0305789,0.042449,255.5
1997,11,5,1,40,0.0793123,0.0856641,255.5
1997,11,5,1,50,0.0972542,0.0850509,255.5
1997,11,5,1,60,0.1042,0.0829248,255.5
1997,11,5,1,70,0.0888068,0.0794611,255.5
1997,11,5,1,80,0.0781019,0.073645,255.5
1997,11,5,1,90,0.0670058,0.0648957,255.5
1997,11,5,1,100,0.107199,0.0968026,255.5
1997,11,5,1,120,0.0754406,0.0588928,255.5
1997,11,5,1,140,0.0450048,0.0351367,255.5
1997,11,5,1,160,0.0439299,0.0276593,255.5
1997,11,5,1,200,0.022277,0.0102,255.5
1997,11,5,1,250,0.00806886,0.0072612,255.5
1997,11,4,1,2,1e-09,0.000145917,18.4996
1997,11,4,1,3,1e-09,0.000592831,18.4996
1997,11,4,1,4,1e-09,0.00144463,18.4996
1997,11,4,1,5,1e-09,0.0025034,18.4996
1997,11,4,1,6,1e-09,0.00346764,18.4996
1997,11,4,1,7,1e-09,0.00412748,18.4996
1997,11,4,1,8,1e-09,0.00443579,18.4996
1997,11,4,1,9,1e-09,0.00450613,18.4996
1997,11,4,1,10,0.015625,0.00448411,18.4996
1997,11,4,1,11,0.015625,0.00450504,18.4996
1997,11,4,1,12,0.015625,0.00959196,18.4996
1997,11,4,1,14,0.015625,0.0112807,18.4996
1997,11,4,1,16,1e-09,0.0136039,18.4996
1997,11,4,1,18,0.03125,0.0158604,18.4996
1997,11,4,1,20,0.046875,0.0464222,18.4996
1997,11,4,1,25,0.046875,0.0504677,18.4996
1997,11,4,1,30,0.0625,0.0507862,18.4996
1997,11,4,1,35,1e-09,0.050873,18.4996
1997,11,4,1,40,0.046875,0.102664,18.4996
1997,11,4,1,50,0.15625,0.101929,18.4996
1997,11,4,1,60,0.0625,0.0993453,18.4996
1997,11,4,1,70,0.171875,0.0937516,18.4996
1997,11,4,1,80,0.078125,0.0825401,18.4996
1997,11,4,1,90,0.109375,0.0670398,18.4996
1997,11,4,1,100,0.0625,0.0858073,18.4996
1997,11,4,1,120,0.015625,0.041171,18.4996
1997,11,4,1,140,0.03125,0.0205378,18.4996
1997,11,4,1,160,0.015625,0.0182114,18.4996
1997,11,4,1,200,1e-09,0.00652845,18.4996
1997,11,4,1,250,1e-09,0.00137463,18.4996
1998,2,5,1,2,1e-09,5.51421e-05,255.5
1998,2,5,1,3,0.000621673,0.000323275,255.5
1998,2,5,1,4,0.00243161,0.00109101,255.5
1998,2,5,1,5,0.00196181,0.00252837,255.5
1998,2,5,1,6,0.00588544,0.00453962,255.5
1998,2,5,1,7,0.00624507,0.00678995,255.5
1998,2,5,1,8,0.00523622,0.00881539,255.5
1998,2,5,1,9,0.00525039,0.0103526,255.5
1998,2,5,1,10,0.00594132,0.0112339,255.5
1998,2,5,1,11,0.00493247,0.0115272,255.5
1998,2,5,1,12,0.0132361,0.0223836,255.5
1998,2,5,1,14,0.014825,0.020577,255.5
1998,2,5,1,16,0.0143693,0.0190842,255.5
1998,2,5,1,18,0.0171314,0.0183108,255.5
1998,2,5,1,20,0.0420416,0.0438451,255.5
1998,2,5,1,25,0.045704,0.0414036,255.5
1998,2,5,1,30,0.0429278,0.0399394,255.5
1998,2,5,1,35,0.0412406,0.0395316,255.5
1998,2,5,1,40,0.0937271,0.0802015,255.5
1998,2,5,1,50,0.100895,0.0816259,255.5
1998,2,5,1,60,0.097524,0.0812743,255.5
1998,2,5,1,70,0.074825,0.0788561,255.5
1998,2,5,1,80,0.0729876,0.073558,255.5
1998,2,5,1,90,0.062198,0.0650147,255.5
1998,2,5,1,100,0.0991411,0.0971105,255.5
1998,2,5,1,120,0.0544058,0.0590914,255.5
1998,2,5,1,140,0.0294547,0.035316,255.5
1998,2,5,1,160,0.0282806,0.0279611,255.5
1998,2,5,1,200,0.0128623,0.0103528,255.5
1998,2,5,1,250,0.00371667,0.00730614,255.5
1998,2,4,1,2,1e-09,3.65687e-05,23.7026
1998,2,4,1,3,1e-09,0.000199964,23.7026
1998,2,4,1,4,1e-09,0.000649846,23.7026
1998,2,4,1,5,1e-09,0.00147954,23.7026
1998,2,4,1,6,0.0121951,0.00264638,23.7026
1998,2,4,1,7,1e-09,0.0039841,23.7026
1998,2,4,1,8,1e-09,0.00524655,23.7026
1998,2,4,1,9,1e-09,0.00628923,23.7026
1998,2,4,1,10,0.0121951,0.00699825,23.7026
1998,2,4,1,11,1e-09,0.00739427,23.7026
1998,2,4,1,12,0.0243902,0.0150935,23.7026
1998,2,4,1,14,1e-09,0.0149376,23.7026
1998,2,4,1,16,0.0121951,0.015026,23.7026
1998,2,4,1,18,0.0121951,0.0156926,23.7026
1998,2,4,1,20,0.0487805,0.043848,23.7026
1998,2,4,1,25,0.0365854,0.0482052,23.7026
1998,2,4,1,30,0.0243902,0.0483344,23.7026
1998,2,4,1,35,0.0243902,0.0478908,23.7026
1998,2,4,1,40,0.0731707,0.0971605,23.7026
1998,2,4,1,50,0.109756,0.0988861,23.7026
1998,2,4,1,60,0.0853658,0.0984241,23.7026
1998,2,4,1,70,0.134146,0.0940419,23.7026
1998,2,4,1,80,0.195122,0.0833301,23.7026
1998,2,4,1,90,0.0365854,0.0678845,23.7026
1998,2,4,1,100,0.097561,0.0869946,23.7026
1998,2,4,1,120,0.0243902,0.0417437,23.7026
1998,2,4,1,140,0.0121951,0.0208658,23.7026
1998,2,4,1,160,0.0121951,0.0186142,23.7026
1998,2,4,1,200,1e-09,0.00669894,23.7026
1998,2,4,1,250,0.0121951,0.00140291,23.7026
1998,5,5,1,2,1e-09,0.00128338,255.5
1998,5,5,1,3,0.00190423,0.00159002,255.5
1998,5,5,1,4,0.00447684,0.00147951,255.5
1998,5,5,1,5,0.00265337,0.00164825,255.5
1998,5,5,1,6,0.00296737,0.0025241,255.5
1998,5,5,1,7,0.00310419,0.00412519,255.5
1998,5,5,1,8,0.00233936,0.00619466,255.5
1998,5,5,1,9,0.00440059,0.00846224,255.5
1998,5,5,1,10,0.00381295,0.0105549,255.5
1998,5,5,1,11,0.0063295,0.0122714,255.5
1998,5,5,1,12,0.0123809,0.0275382,255.5
1998,5,5,1,14,0.0120063,0.0281375,255.5
1998,5,5,1,16,0.0173287,0.02609,255.5
1998,5,5,1,18,0.0150297,0.0231777,255.5
1998,5,5,1,20,0.0412763,0.0472475,255.5
1998,5,5,1,25,0.0499473,0.0397086,255.5
1998,5,5,1,30,0.0433285,0.0375455,255.5
1998,5,5,1,35,0.0427117,0.0369794,255.5
1998,5,5,1,40,0.0921857,0.0748832,255.5
1998,5,5,1,50,0.0861545,0.0773816,255.5
1998,5,5,1,60,0.110728,0.0786895,255.5
1998,5,5,1,70,0.101379,0.0775082,255.5
1998,5,5,1,80,0.0812739,0.0729296,255.5
1998,5,5,1,90,0.0723606,0.0647526,255.5
1998,5,5,1,100,0.084109,0.09697,255.5
1998,5,5,1,120,0.0468947,0.0590494,255.5
1998,5,5,1,140,0.0229562,0.0353354,255.5
1998,5,5,1,160,0.0215633,0.028115,255.5
1998,5,5,1,200,0.00889762,0.0104568,255.5
1998,5,5,1,250,0.00549961,0.00737076,255.5
1998,5,4,1,2,1e-09,0.000870426,84.9825
1998,5,4,1,3,1e-09,0.000997509,84.9825
1998,5,4,1,4,1e-09,0.00088988,84.9825
1998,5,4,1,5,1e-09,0.000971965,84.9825
1998,5,4,1,6,1e-09,0.00148237,84.9825
1998,5,4,1,7,0.00680272,0.00243859,84.9825
1998,5,4,1,8,0.00680272,0.00371414,84.9825
1998,5,4,1,9,0.0136054,0.00517822,84.9825
1998,5,4,1,10,0.0272109,0.00662163,84.9825
1998,5,4,1,11,0.0238095,0.00792545,84.9825
1998,5,4,1,12,0.037415,0.0187041,84.9825
1998,5,4,1,14,0.0612245,0.0205662,84.9825
1998,5,4,1,16,0.0136054,0.0206889,84.9825
1998,5,4,1,18,0.0442177,0.0200233,84.9825
1998,5,4,1,20,0.0238095,0.0475295,84.9825
1998,5,4,1,25,0.0408163,0.0465803,84.9825
1998,5,4,1,30,0.0306122,0.0457751,84.9825
1998,5,4,1,35,0.0612245,0.045132,84.9825
1998,5,4,1,40,0.0748299,0.091392,84.9825
1998,5,4,1,50,0.0816326,0.0944412,84.9825
1998,5,4,1,60,0.085034,0.0960018,84.9825
1998,5,4,1,70,0.0816326,0.0931133,84.9825
1998,5,4,1,80,0.0816326,0.0832204,84.9825
1998,5,4,1,90,0.0714286,0.0681029,84.9825
1998,5,4,1,100,0.0782313,0.0874934,84.9825
1998,5,4,1,120,0.0102041,0.0420111,84.9825
1998,5,4,1,140,0.00680272,0.0210317,84.9825
1998,5,4,1,160,0.037415,0.0188601,84.9825
1998,5,4,1,200,1e-09,0.00681649,84.9825
1998,5,4,1,250,1e-09,0.00142587,84.9825
1998,8,5,1,2,1e-09,0.000844275,255.5
1998,8,5,1,3,0.000382862,0.00231099,255.5
1998,8,5,1,4,0.00151087,0.00380437,255.5
1998,8,5,1,5,0.000957155,0.00459202,255.5
1998,8,5,1,6,0.00310717,0.00476789,255.5
1998,8,5,1,7,0.00351061,0.00485147,255.5
1998,8,5,1,8,0.00310717,0.00529431,255.5
1998,8,5,1,9,0.00446776,0.00628385,255.5
1998,8,5,1,10,0.00606406,0.00772535,255.5
1998,8,5,1,11,0.00757493,0.00944388,255.5
1998,8,5,1,12,0.0140867,0.0238698,255.5
1998,8,5,1,14,0.0127467,0.0285151,255.5
1998,8,5,1,16,0.0131707,0.0299187,255.5
1998,8,5,1,18,0.0158302,0.0285373,255.5
1998,8,5,1,20,0.0461679,0.0578457,255.5
1998,8,5,1,25,0.052868,0.0428188,255.5
1998,8,5,1,30,0.052656,0.0367321,255.5
1998,8,5,1,35,0.0553977,0.0349243,255.5
1998,8,5,1,40,0.0916873,0.0700285,255.5
1998,8,5,1,50,0.0826931,0.0729189,255.5
1998,8,5,1,60,0.0767351,0.0754814,255.5
1998,8,5,1,70,0.0704353,0.0755607,255.5
1998,8,5,1,80,0.0725442,0.0718574,255.5
1998,8,5,1,90,0.0667127,0.0641922,255.5
1998,8,5,1,100,0.104243,0.0965221,255.5
1998,8,5,1,120,0.0596803,0.0588806,255.5
1998,8,5,1,140,0.0317869,0.0352835,255.5
1998,8,5,1,160,0.0264268,0.0282104,255.5
1998,8,5,1,200,0.0169376,0.0105499,255.5
1998,8,5,1,250,0.00651177,0.00743406,255.5
1998,8,4,1,2,1e-09,0.000570204,102.615
1998,8,4,1,3,1e-09,0.00145106,102.615
1998,8,4,1,4,1e-09,0.00229607,102.615
1998,8,4,1,5,1e-09,0.00271991,102.615
1998,8,4,1,6,0.0028169,0.0028121,102.615
1998,8,4,1,7,0.0056338,0.00288014,102.615
1998,8,4,1,8,0.0169014,0.00318832,102.615
1998,8,4,1,9,0.0112676,0.00386243,102.615
1998,8,4,1,10,0.0253521,0.00486759,102.615
1998,8,4,1,11,0.0084507,0.00612445,102.615
1998,8,4,1,12,0.0309859,0.0162844,102.615
1998,8,4,1,14,0.0140845,0.0209233,102.615
1998,8,4,1,16,0.0169014,0.0238046,102.615
1998,8,4,1,18,0.0450704,0.0247321,102.615
1998,8,4,1,20,0.0676056,0.0583503,102.615
1998,8,4,1,25,0.0760563,0.0504293,102.615
1998,8,4,1,30,0.0647887,0.0449771,102.615
1998,8,4,1,35,0.0507042,0.0428072,102.615
1998,8,4,1,40,0.0647887,0.0858349,102.615
1998,8,4,1,50,0.0816901,0.0893777,102.615
1998,8,4,1,60,0.0704225,0.0924838,102.615
1998,8,4,1,70,0.0816901,0.0911536,102.615
1998,8,4,1,80,0.0507042,0.0823326,102.615
1998,8,4,1,90,0.0591549,0.0677885,102.615
1998,8,4,1,100,0.0788732,0.0874381,102.615
1998,8,4,1,120,0.0422535,0.0420591,102.615
1998,8,4,1,140,0.0225352,0.0210906,102.615
1998,8,4,1,160,0.0112676,0.0190099,102.615
1998,8,4,1,200,1e-09,0.00690629,102.615
1998,8,4,1,250,1e-09,0.00144438,102.615
1998,11,5,1,2,1e-09,0.000269612,255.5
1998,11,5,1,3,0.000273113,0.00117641,255.5
1998,11,5,1,4,1e-09,0.00298378,255.5
1998,11,5,1,5,0.00164971,0.00528197,255.5
1998,11,5,1,6,0.0020557,0.00739078,255.5
1998,11,5,1,7,0.00205202,0.00883795,255.5
1998,11,5,1,8,0.00536248,0.00953908,255.5
1998,11,5,1,9,0.00563191,0.00976973,255.5
1998,11,5,1,10,0.00685724,0.00985108,255.5
1998,11,5,1,11,0.00863247,0.0100512,255.5
1998,11,5,1,12,0.0164677,0.0216127,255.5
1998,11,5,1,14,0.0178296,0.0246308,255.5
1998,11,5,1,16,0.0185307,0.027342,255.5
1998,11,5,1,18,0.0155081,0.0283781,255.5
1998,11,5,1,20,0.0433578,0.0642809,255.5
1998,11,5,1,25,0.0454948,0.0491946,255.5
1998,11,5,1,30,0.0429003,0.0391056,255.5
1998,11,5,1,35,0.042583,0.0344288,255.5
1998,11,5,1,40,0.0891298,0.0659006,255.5
1998,11,5,1,50,0.079918,0.0682046,255.5
1998,11,5,1,60,0.0828744,0.0715473,255.5
1998,11,5,1,70,0.0774269,0.0727355,255.5
1998,11,5,1,80,0.0690822,0.0699857,255.5
1998,11,5,1,90,0.0600327,0.0629867,255.5
1998,11,5,1,100,0.0967107,0.0952289,255.5
1998,11,5,1,120,0.06238,0.0582557,255.5
1998,11,5,1,140,0.0392946,0.0349586,255.5
1998,11,5,1,160,0.0375934,0.0280724,255.5
1998,11,5,1,200,0.0186011,0.010558,255.5
1998,11,5,1,250,0.0117696,0.0074407,255.5
1998,11,4,1,2,1e-09,0.00018233,36.132
1998,11,4,1,3,1e-09,0.000741337,36.132
1998,11,4,1,4,1e-09,0.0018094,36.132
1998,11,4,1,5,1e-09,0.00314553,36.132
1998,11,4,1,6,0.008,0.00438378,36.132
1998,11,4,1,7,1e-09,0.00527641,36.132
1998,11,4,1,8,1e-09,0.00577707,36.132
1998,11,4,1,9,0.008,0.00604039,36.132
1998,11,4,1,10,0.008,0.00624592,36.132
1998,11,4,1,11,0.016,0.00656088,36.132
1998,11,4,1,12,0.04,0.0148318,36.132
1998,11,4,1,14,0.024,0.018181,36.132
1998,11,4,1,16,0.008,0.0218733,36.132
1998,11,4,1,18,1e-09,0.0247134,36.132
1998,11,4,1,20,0.064,0.0652368,36.132
1998,11,4,1,25,0.04,0.0582296,36.132
1998,11,4,1,30,0.016,0.0481531,36.132
1998,11,4,1,35,0.04,0.0424386,36.132
1998,11,4,1,40,0.088,0.0812321,36.132
1998,11,4,1,50,0.064,0.0840722,36.132
1998,11,4,1,60,0.08,0.0881588,36.132
1998,11,4,1,70,0.088,0.0882289,36.132
1998,11,4,1,80,0.128,0.0806185,36.132
1998,11,4,1,90,0.12,0.0668694,36.132
1998,11,4,1,100,0.096,0.0867193,36.132
1998,11,4,1,120,0.032,0.0418343,36.132
1998,11,4,1,140,0.024,0.021014,36.132
1998,11,4,1,160,1e-09,0.0190281,36.132
1998,11,4,1,200,0.008,0.0069498,36.132
1998,11,4,1,250,1e-09,0.00145401,36.132
1999,2,5,1,2,1e-09,6.55891e-05,255.5
1999,2,5,1,3,0.000811347,0.000385985,255.5
1999,2,5,1,4,0.00129755,0.00130368,255.5
1999,2,5,1,5,0.00421817,0.00302518,255.5
1999,2,5,1,6,0.00730136,0.00544334,255.5
1999,2,5,1,7,0.00730174,0.00816978,255.5
1999,2,5,1,8,0.00649001,0.0106631,255.5
1999,2,5,1,9,0.00843822,0.0126234,255.5
1999,2,5,1,10,0.0116813,0.0138549,255.5
1999,2,5,1,11,0.0137917,0.014444,255.5
1999,2,5,1,12,0.0311499,0.0289798,255.5
1999,2,5,1,14,0.0309888,0.0281071,255.5
1999,2,5,1,16,0.0326085,0.027396,255.5
1999,2,5,1,18,0.0295253,0.0269839,255.5
1999,2,5,1,20,0.0644075,0.0631351,255.5
1999,2,5,1,25,0.0465651,0.0528269,255.5
1999,2,5,1,30,0.0356954,0.0428907,255.5
1999,2,5,1,35,0.0343971,0.0360586,255.5
1999,2,5,1,40,0.0632741,0.0639773,255.5
1999,2,5,1,50,0.0647319,0.0638413,255.5
1999,2,5,1,60,0.0730004,0.0672965,255.5
1999,2,5,1,70,0.0676477,0.0693263,255.5
1999,2,5,1,80,0.0697566,0.0674907,255.5
1999,2,5,1,90,0.0541811,0.0612393,255.5
1999,2,5,1,100,0.0996048,0.0932005,255.5
1999,2,5,1,120,0.0527202,0.0572386,255.5
1999,2,5,1,140,0.0319575,0.0344124,255.5
1999,2,5,1,160,0.0348781,0.0277568,255.5
1999,2,5,1,200,0.0167109,0.0105018,255.5
1999,2,5,1,250,0.0048677,0.00736141,255.5
1999,2,4,1,2,1e-09,4.44922e-05,86.1387
1999,2,4,1,3,1e-09,0.000244269,86.1387
1999,2,4,1,4,1e-09,0.000794455,86.1387
1999,2,4,1,5,1e-09,0.00181117,86.1387
1999,2,4,1,6,1e-09,0.00324651,86.1387
1999,2,4,1,7,1e-09,0.0049045,86.1387
1999,2,4,1,8,0.00335571,0.00649287,86.1387
1999,2,4,1,9,0.00335571,0.00784586,86.1387
1999,2,4,1,10,0.00335571,0.00883025,86.1387
1999,2,4,1,11,0.0134228,0.00947881,86.1387
1999,2,4,1,12,0.0302013,0.0199939,86.1387
1999,2,4,1,14,0.0268456,0.0208728,86.1387
1999,2,4,1,16,0.0268456,0.0220608,86.1387
1999,2,4,1,18,0.033557,0.0236492,86.1387
1999,2,4,1,20,0.0671141,0.0645039,86.1387
1999,2,4,1,25,0.0402685,0.0628643,86.1387
1999,2,4,1,30,0.0536913,0.0531027,86.1387
1999,2,4,1,35,0.0637584,0.0446927,86.1387
1999,2,4,1,40,0.0637584,0.0792963,86.1387
1999,2,4,1,50,0.0604027,0.0791277,86.1387
1999,2,4,1,60,0.0771812,0.0833779,86.1387
1999,2,4,1,70,0.114094,0.0845441,86.1387
1999,2,4,1,80,0.0872483,0.078146,86.1387
1999,2,4,1,90,0.0637584,0.0653442,86.1387
1999,2,4,1,100,0.057047,0.0852938,86.1387
1999,2,4,1,120,0.0771812,0.0413141,86.1387
1999,2,4,1,140,0.0201342,0.0207991,86.1387
1999,2,4,1,160,0.00671141,0.0189223,86.1387
1999,2,4,1,200,0.00335571,0.0069502,86.1387
1999,2,4,1,250,0.00335571,0.00145096,86.1387
1999,5,5,1,2,1e-09,0.000520992,255.5
1999,5,5,1,3,0.00132816,0.000703339,255.5
1999,5,5,1,4,0.000935047,0.00087807,255.5
1999,5,5,1,5,0.000738494,0.00146986,255.5
1999,5,5,1,6,0.000589665,0.002767,255.5
1999,5,5,1,7,0.00201892,0.00479831,255.5
1999,5,5,1,8,0.00250749,0.00732069,255.5
1999,5,5,1,9,0.00491952,0.0100665,255.5
1999,5,5,1,10,0.00689071,0.0126213,255.5
1999,5,5,1,11,0.010673,0.0147645,255.5
1999,5,5,1,12,0.0258359,0.0335599,255.5
1999,5,5,1,14,0.0310362,0.0351214,255.5
1999,5,5,1,16,0.0321678,0.033644,255.5
1999,5,5,1,18,0.0455617,0.0309789,255.5
1999,5,5,1,20,0.0943581,0.0657295,255.5
1999,5,5,1,25,0.0769151,0.0538065,255.5
1999,5,5,1,30,0.0530082,0.0453985,255.5
1999,5,5,1,35,0.0467241,0.0385409,255.5
1999,5,5,1,40,0.0741099,0.0650701,255.5
1999,5,5,1,50,0.0662785,0.0610924,255.5
1999,5,5,1,60,0.0723296,0.0636419,255.5
1999,5,5,1,70,0.0611624,0.0661135,255.5
1999,5,5,1,80,0.0563497,0.0650536,255.5
1999,5,5,1,90,0.0555747,0.0595205,255.5
1999,5,5,1,100,0.0815903,0.0912581,255.5
1999,5,5,1,120,0.0392858,0.0563299,255.5
1999,5,5,1,140,0.0220311,0.0339464,255.5
1999,5,5,1,160,0.0193327,0.0274868,255.5
1999,5,5,1,200,0.0114171,0.0104559,255.5
1999,5,5,1,250,0.00432985,0.00734077,255.5
1999,5,4,1,2,1e-09,0.000358677,178.926
1999,5,4,1,3,1e-09,0.000447698,178.926
1999,5,4,1,4,1e-09,0.000535772,178.926
1999,5,4,1,5,0.00161551,0.000879903,178.926
1999,5,4,1,6,1e-09,0.00165003,178.926
1999,5,4,1,7,0.00323102,0.00288016,178.926
1999,5,4,1,8,0.00484653,0.00445682,178.926
1999,5,4,1,9,0.00484653,0.00625467,178.926
1999,5,4,1,10,0.0113086,0.00803978,178.926
1999,5,4,1,11,0.0129241,0.00968217,178.926
1999,5,4,1,12,0.0403877,0.0231457,178.926
1999,5,4,1,14,0.0371567,0.0260658,178.926
1999,5,4,1,16,0.0549273,0.027086,178.926
1999,5,4,1,18,0.0403877,0.0271653,178.926
1999,5,4,1,20,0.095315,0.0671289,178.926
1999,5,4,1,25,0.088853,0.0640416,178.926
1999,5,4,1,30,0.0581583,0.0561977,178.926
1999,5,4,1,35,0.0759289,0.0477613,178.926
1999,5,4,1,40,0.0872375,0.0806373,178.926
1999,5,4,1,50,0.101777,0.075708,178.926
1999,5,4,1,60,0.0662359,0.0788364,178.926
1999,5,4,1,70,0.0500808,0.0806002,178.926
1999,5,4,1,80,0.0516963,0.0752826,178.926
1999,5,4,1,90,0.0484653,0.0634659,178.926
1999,5,4,1,100,0.0355412,0.0834446,178.926
1999,5,4,1,120,0.0161551,0.040631,178.926
1999,5,4,1,140,0.00646204,0.0205134,178.926
1999,5,4,1,160,0.00484653,0.0187388,178.926
1999,5,4,1,200,0.00161551,0.00691748,178.926
1999,5,4,1,250,1e-09,0.00144631,178.926
1999,8,5,1,2,1e-09,0.000339264,255.5
1999,8,5,1,3,0.000463583,0.000940672,255.5
1999,8,5,1,4,0.00187628,0.00160468,255.5
1999,8,5,1,5,0.00291863,0.00211212,255.5
1999,8,5,1,6,0.00123166,0.00259735,255.5
1999,8,5,1,7,0.00223837,0.00335834,255.5
1999,8,5,1,8,0.00246332,0.00459719,255.5
1999,8,5,1,9,0.0022686,0.00638089,255.5
1999,8,5,1,10,0.00362371,0.00853771,255.5
1999,8,5,1,11,0.00852839,0.0108949,255.5
1999,8,5,1,12,0.0230837,0.0283504,255.5
1999,8,5,1,14,0.0283832,0.0345452,255.5
1999,8,5,1,16,0.0357652,0.0368948,255.5
1999,8,5,1,18,0.0338861,0.0359284,255.5
1999,8,5,1,20,0.0826485,0.0757697,255.5
1999,8,5,1,25,0.0724878,0.0579335,255.5
1999,8,5,1,30,0.0497443,0.047689,255.5
1999,8,5,1,35,0.037617,0.0408263,255.5
1999,8,5,1,40,0.0650324,0.0681675,255.5
1999,8,5,1,50,0.0622098,0.0606866,255.5
1999,8,5,1,60,0.063521,0.0613811,255.5
1999,8,5,1,70,0.0649283,0.0637165,255.5
1999,8,5,1,80,0.0567455,0.0631936,255.5
1999,8,5,1,90,0.0520463,0.0582691,255.5
1999,8,5,1,100,0.0903385,0.0900343,255.5
1999,8,5,1,120,0.0648981,0.0559221,255.5
1999,8,5,1,140,0.0374471,0.033832,255.5
1999,8,5,1,160,0.0314587,0.0275343,255.5
1999,8,5,1,200,0.0154551,0.0105421,255.5
1999,8,5,1,250,0.00669061,0.00742021,255.5
1999,8,4,1,2,1e-09,0.000230029,233.268
1999,8,4,1,3,1e-09,0.000592942,233.268
1999,8,4,1,4,1e-09,0.000972219,233.268
1999,8,4,1,5,1e-09,0.0012559,233.268
1999,8,4,1,6,0.00247832,0.00153803,233.268
1999,8,4,1,7,0.00123916,0.00200175,233.268
1999,8,4,1,8,0.00123916,0.00277941,233.268
1999,8,4,1,9,0.00247832,0.00393716,233.268
1999,8,4,1,10,0.00495663,0.00540006,233.268
1999,8,4,1,11,0.0086741,0.00709275,233.268
1999,8,4,1,12,0.0334572,0.0194188,233.268
1999,8,4,1,14,0.0384139,0.0254493,233.268
1999,8,4,1,16,0.0334572,0.0294715,233.268
1999,8,4,1,18,0.0223048,0.0312587,233.268
1999,8,4,1,20,0.0718711,0.0767723,233.268
1999,8,4,1,25,0.0855019,0.0684791,233.268
1999,8,4,1,30,0.0805452,0.0586227,233.268
1999,8,4,1,35,0.047088,0.0502405,233.268
1999,8,4,1,40,0.0817844,0.0838864,233.268
1999,8,4,1,50,0.110285,0.0746804,233.268
1999,8,4,1,60,0.0991326,0.0755054,233.268
1999,8,4,1,70,0.0594796,0.0771257,233.268
1999,8,4,1,80,0.0508055,0.0725912,233.268
1999,8,4,1,90,0.0433705,0.0616614,233.268
1999,8,4,1,100,0.0594796,0.0816841,233.268
1999,8,4,1,120,0.0309789,0.0400314,233.268
1999,8,4,1,140,0.0185874,0.0203008,233.268
1999,8,4,1,160,0.0086741,0.0186445,233.268
1999,8,4,1,200,0.00247832,0.00692426,233.268
1999,8,4,1,250,0.00123916,0.00145132,233.268
1999,11,5,1,2,1e-09,0.000110561,255.5
1999,11,5,1,3,8.53357e-05,0.000484817,255.5
1999,11,5,1,4,0.000256005,0.00124234,255.5
1999,11,5,1,5,0.00215307,0.00224418,255.5
1999,11,5,1,6,0.0044965,0.00326075,255.5
1999,11,5,1,7,0.00405013,0.00416245,255.5
1999,11,5,1,8,0.00302611,0.00496615,255.5
1999,11,5,1,9,0.00340027,0.00583281,255.5
1999,11,5,1,10,0.00481814,0.00687327,255.5
1999,11,5,1,11,0.00598001,0.00818198,255.5
1999,11,5,1,12,0.0220624,0.0210913,255.5
1999,11,5,1,14,0.0297622,0.0275822,255.5
1999,11,5,1,16,0.0290532,0.0326366,255.5
1999,11,5,1,18,0.0329196,0.0349742,255.5
1999,11,5,1,20,0.0685633,0.0820514,255.5
1999,11,5,1,25,0.0588089,0.065343,255.5
1999,11,5,1,30,0.0552314,0.0523123,255.5
1999,11,5,1,35,0.0387158,0.0438116,255.5
1999,11,5,1,40,0.0615199,0.072285,255.5
1999,11,5,1,50,0.0532949,0.0622314,255.5
1999,11,5,1,60,0.0523431,0.0607466,255.5
1999,11,5,1,70,0.0605681,0.0623401,255.5
1999,11,5,1,80,0.0605024,0.0620017,255.5
1999,11,5,1,90,0.0557696,0.0575144,255.5
1999,11,5,1,100,0.0989162,0.0895159,255.5
1999,11,5,1,120,0.0740969,0.0559715,255.5
1999,11,5,1,140,0.0416171,0.034029,255.5
1999,11,5,1,160,0.0444069,0.0278664,255.5
1999,11,5,1,200,0.0228435,0.0107471,255.5
1999,11,5,1,250,0.0107391,0.00758879,255.5
1999,11,4,1,2,1e-09,7.39215e-05,161.582
1999,11,4,1,3,1e-09,0.000302055,161.582
1999,11,4,1,4,1e-09,0.000744831,161.582
1999,11,4,1,5,0.00178891,0.00132133,161.582
1999,11,4,1,6,1e-09,0.00191223,161.582
1999,11,4,1,7,0.00178891,0.00245701,161.582
1999,11,4,1,8,0.00178891,0.00297359,161.582
1999,11,4,1,9,0.00178891,0.00356503,161.582
1999,11,4,1,10,1e-09,0.004307,161.582
1999,11,4,1,11,1e-09,0.00527721,161.582
1999,11,4,1,12,0.0125224,0.0143115,161.582
1999,11,4,1,14,0.0375671,0.0201254,161.582
1999,11,4,1,16,0.0178891,0.0258087,161.582
1999,11,4,1,18,0.0304114,0.0301095,161.582
1999,11,4,1,20,0.0894454,0.0823745,161.582
1999,11,4,1,25,0.0805009,0.0764682,161.582
1999,11,4,1,30,0.0644007,0.0636853,161.582
1999,11,4,1,35,0.0644007,0.0533938,161.582
1999,11,4,1,40,0.109123,0.0880947,161.582
1999,11,4,1,50,0.0912343,0.0758422,161.582
1999,11,4,1,60,0.0894454,0.0740037,161.582
1999,11,4,1,70,0.0679785,0.0747253,161.582
1999,11,4,1,80,0.0608229,0.070509,161.582
1999,11,4,1,90,0.0483005,0.0602377,161.582
1999,11,4,1,100,0.0697674,0.0803546,161.582
1999,11,4,1,120,0.0286225,0.0396509,161.582
1999,11,4,1,140,0.0161002,0.0202207,161.582
1999,11,4,1,160,0.0107335,0.018692,161.582
1999,11,4,1,200,0.00178891,0.0069888,161.582
1999,11,4,1,250,0.00178891,0.00146943,161.582
2000,2,5,1,2,1e-09,2.79948e-05,255.5
2000,2,5,1,3,0.000545916,0.000164486,255.5
2000,2,5,1,4,0.000749191,0.000558379,255.5
2000,2,5,1,5,0.00125738,0.00130674,255.5
2000,2,5,1,6,0.00391149,0.00238384,255.5
2000,2,5,1,7,0.00718699,0.00365655,255.5
2000,2,5,1,8,0.00687052,0.00493087,255.5
2000,2,5,1,9,0.0058426,0.00612268,255.5
2000,2,5,1,10,0.00895255,0.00716705,255.5
2000,2,5,1,11,0.00683279,0.00812403,255.5
2000,2,5,1,12,0.0185673,0.0190299,255.5
2000,2,5,1,14,0.0230886,0.0229158,255.5
2000,2,5,1,16,0.025226,0.0268306,255.5
2000,2,5,1,18,0.027613,0.0298857,255.5
2000,2,5,1,20,0.070393,0.0777975,255.5
2000,2,5,1,25,0.0658077,0.0696125,255.5
2000,2,5,1,30,0.0519912,0.0580946,255.5
2000,2,5,1,35,0.0596602,0.0483749,255.5
2000,2,5,1,40,0.0713485,0.0780072,255.5
2000,2,5,1,50,0.0617861,0.0651711,255.5
2000,2,5,1,60,0.0565533,0.0615821,255.5
2000,2,5,1,70,0.0653057,0.0620383,255.5
2000,2,5,1,80,0.0681746,0.0614888,255.5
2000,2,5,1,90,0.059132,0.0572019,255.5
2000,2,5,1,100,0.0965399,0.0895314,255.5
2000,2,5,1,120,0.0586646,0.0563269,255.5
2000,2,5,1,140,0.0291668,0.0344337,255.5
2000,2,5,1,160,0.0310717,0.0284091,255.5
2000,2,5,1,200,0.0137965,0.0110444,255.5
2000,2,5,1,250,0.00396384,0.00778105,255.5
2000,2,4,1,2,1e-09,1.85075e-05,95.9666
2000,2,4,1,3,1e-09,0.000101419,95.9666
2000,2,4,1,4,0.0060241,0.000331527,95.9666
2000,2,4,1,5,0.00301205,0.000762237,95.9666
2000,2,4,1,6,1e-09,0.00138524,95.9666
2000,2,4,1,7,1e-09,0.00213872,95.9666
2000,2,4,1,8,1e-09,0.00292532,95.9666
2000,2,4,1,9,1e-09,0.00370759,95.9666
2000,2,4,1,10,1e-09,0.00444995,95.9666
2000,2,4,1,11,1e-09,0.00519292,95.9666
2000,2,4,1,12,0.0120482,0.0127951,95.9666
2000,2,4,1,14,0.0060241,0.0165753,95.9666
2000,2,4,1,16,0.0150602,0.0210335,95.9666
2000,2,4,1,18,0.0180723,0.0254968,95.9666
2000,2,4,1,20,0.063253,0.0775158,95.9666
2000,2,4,1,25,0.0512048,0.0807181,95.9666
2000,2,4,1,30,0.0542169,0.0700776,95.9666
2000,2,4,1,35,0.063253,0.0584173,95.9666
2000,2,4,1,40,0.165663,0.0942013,95.9666
2000,2,4,1,50,0.0813253,0.0787004,95.9666
2000,2,4,1,60,0.0933735,0.0743377,95.9666
2000,2,4,1,70,0.0572289,0.0736856,95.9666
2000,2,4,1,80,0.0783132,0.0692703,95.9666
2000,2,4,1,90,0.0481928,0.0593289,95.9666
2000,2,4,1,100,0.0753012,0.0795558,95.9666
2000,2,4,1,120,0.060241,0.0395042,95.9666
2000,2,4,1,140,0.0180723,0.0202732,95.9666
2000,2,4,1,160,0.0240964,0.0188879,95.9666
2000,2,4,1,200,0.0060241,0.00711494,95.9666
2000,2,4,1,250,1e-09,0.00149672,95.9666
2000,5,5,1,2,1e-09,0.000826334,255.5
2000,5,5,1,3,0.000145449,0.00101462,255.5
2000,5,5,1,4,0.000708682,0.000909458,255.5
2000,5,5,1,5,0.000854131,0.000939879,255.5
2000,5,5,1,6,0.000290896,0.00137143,255.5
2000,5,5,1,7,0.00108935,0.00222821,255.5
2000,5,5,1,8,0.000708682,0.00338905,255.5
2000,5,5,1,9,0.0043233,0.00473593,255.5
2000,5,5,1,10,0.00726636,0.00609428,255.5
2000,5,5,1,11,0.00445019,0.00738773,255.5
2000,5,5,1,12,0.0167671,0.0180819,255.5
2000,5,5,1,14,0.0204063,0.0215221,255.5
2000,5,5,1,16,0.025658,0.0241563,255.5
2000,5,5,1,18,0.0237516,0.0261462,255.5
2000,5,5,1,20,0.0786416,0.0692342,255.5
2000,5,5,1,25,0.0798764,0.06761,255.5
2000,5,5,1,30,0.0609557,0.0611777,255.5
2000,5,5,1,35,0.0623575,0.0529846,255.5
2000,5,5,1,40,0.0925675,0.0854987,255.5
2000,5,5,1,50,0.0663618,0.069422,255.5
2000,5,5,1,60,0.0554377,0.0635829,255.5
2000,5,5,1,70,0.057474,0.062692,255.5
2000,5,5,1,80,0.0608935,0.0616068,255.5
2000,5,5,1,90,0.048063,0.0572616,255.5
2000,5,5,1,100,0.0900513,0.0898933,255.5
2000,5,5,1,120,0.0565827,0.0568288,255.5
2000,5,5,1,140,0.0331345,0.0349269,255.5
2000,5,5,1,160,0.0300089,0.0290406,255.5
2000,5,5,1,200,0.0148668,0.0113821,255.5
2000,5,5,1,250,0.00630692,0.00805461,255.5
2000,5,4,1,2,1e-09,0.000550451,175.168
2000,5,4,1,3,0.00165017,0.000625213,175.168
2000,5,4,1,4,1e-09,0.000537312,175.168
2000,5,4,1,5,0.00660066,0.000544374,175.168
2000,5,4,1,6,0.00330033,0.000791035,175.168
2000,5,4,1,7,0.00165017,0.00129367,175.168
2000,5,4,1,8,0.00165017,0.0019957,175.168
2000,5,4,1,9,0.00165017,0.00284624,175.168
2000,5,4,1,10,1e-09,0.00375486,175.168
2000,5,4,1,11,0.00165017,0.0046857,175.168
2000,5,4,1,12,0.00660066,0.0120653,175.168
2000,5,4,1,14,0.0148515,0.0154505,175.168
2000,5,4,1,16,0.0049505,0.0188026,175.168
2000,5,4,1,18,0.0132013,0.0221544,175.168
2000,5,4,1,20,0.0627063,0.0685618,175.168
2000,5,4,1,25,0.0742574,0.0778478,175.168
2000,5,4,1,30,0.0726073,0.0732501,175.168
2000,5,4,1,35,0.0511551,0.0635107,175.168
2000,5,4,1,40,0.122112,0.102484,175.168
2000,5,4,1,50,0.10396,0.0832135,175.168
2000,5,4,1,60,0.0792079,0.0761857,175.168
2000,5,4,1,70,0.0792079,0.0739173,175.168
2000,5,4,1,80,0.0808581,0.0688832,175.168
2000,5,4,1,90,0.0379538,0.0589243,175.168
2000,5,4,1,100,0.0775578,0.0792089,175.168
2000,5,4,1,120,0.0346535,0.0395219,175.168
2000,5,4,1,140,0.0280528,0.0204098,175.168
2000,5,4,1,160,0.0313531,0.0191709,175.168
2000,5,4,1,200,0.00660066,0.00727601,175.168
2000,5,4,1,250,1e-09,0.00153673,175.168
2000,8,5,1,2,1e-09,0.000558984,255.5
2000,8,5,1,3,1e-09,0.00152813,255.5
2000,8,5,1,4,0.000669305,0.00250667,255.5
2000,8,5,1,5,0.00121172,0.00299833,255.5
2000,8,5,1,6,0.000796189,0.00305219,255.5
2000,8,5,1,7,0.000923074,0.00300345,255.5
2000,8,5,1,8,0.00130373,0.00315714,255.5
2000,8,5,1,9,0.00117684,0.00365362,255.5
2000,8,5,1,10,0.0034734,0.00446699,255.5
2000,8,5,1,11,0.00490402,0.00551929,255.5
2000,8,5,1,12,0.0111689,0.0144965,255.5
2000,8,5,1,14,0.0140524,0.0186966,255.5
2000,8,5,1,16,0.022763,0.0218429,255.5
2000,8,5,1,18,0.0301349,0.0237926,255.5
2000,8,5,1,20,0.0772532,0.0623855,255.5
2000,8,5,1,25,0.0711249,0.0623959,255.5
2000,8,5,1,30,0.0711724,0.0600987,255.5
2000,8,5,1,35,0.068162,0.0552068,255.5
2000,8,5,1,40,0.111569,0.092682,255.5
2000,8,5,1,50,0.0859801,0.0747948,255.5
2000,8,5,1,60,0.0572313,0.0665245,255.5
2000,8,5,1,70,0.0505286,0.0640685,255.5
2000,8,5,1,80,0.0542907,0.0622056,255.5
2000,8,5,1,90,0.0413357,0.0575778,255.5
2000,8,5,1,100,0.0750427,0.0903743,255.5
2000,8,5,1,120,0.0567237,0.0572833,255.5
2000,8,5,1,140,0.0327869,0.0353783,255.5
2000,8,5,1,160,0.0316323,0.0296712,255.5
2000,8,5,1,200,0.0133705,0.0117353,255.5
2000,8,5,1,250,0.00921812,0.00834409,255.5
2000,8,4,1,2,1e-09,0.000367758,145.395
2000,8,4,1,3,0.00198807,0.000934688,145.395
2000,8,4,1,4,1e-09,0.00147373,145.395
2000,8,4,1,5,1e-09,0.00173001,145.395
2000,8,4,1,6,0.00198807,0.0017536,145.395
2000,8,4,1,7,1e-09,0.00173689,145.395
2000,8,4,1,8,0.00198807,0.0018521,145.395
2000,8,4,1,9,1e-09,0.00218768,145.395
2000,8,4,1,10,0.00397614,0.00274179,145.395
2000,8,4,1,11,0.00994036,0.00348668,145.395
2000,8,4,1,12,0.0139165,0.00963566,145.395
2000,8,4,1,14,0.00596422,0.0133661,145.395
2000,8,4,1,16,0.00596422,0.0169294,145.395
2000,8,4,1,18,0.0139165,0.0200785,145.395
2000,8,4,1,20,0.0457256,0.0615536,145.395
2000,8,4,1,25,0.0815109,0.0715988,145.395
2000,8,4,1,30,0.0656064,0.0716797,145.395
2000,8,4,1,35,0.0616302,0.0659169,145.395
2000,8,4,1,40,0.131213,0.110662,145.395
2000,8,4,1,50,0.0894632,0.0893049,145.395
2000,8,4,1,60,0.0974155,0.0794008,145.395
2000,8,4,1,70,0.0536779,0.0752571,145.395
2000,8,4,1,80,0.0695825,0.0692873,145.395
2000,8,4,1,90,0.0536779,0.0590034,145.395
2000,8,4,1,100,0.0795229,0.0792557,145.395
2000,8,4,1,120,0.0357853,0.0396408,145.395
2000,8,4,1,140,0.027833,0.0205915,145.395
2000,8,4,1,160,0.027833,0.019518,145.395
2000,8,4,1,200,0.0159046,0.00747012,145.395
2000,8,4,1,250,0.00397614,0.00158458,145.395
2000,11,5,1,2,1e-09,0.000183665,255.5
2000,11,5,1,3,0.000125073,0.000800999,255.5
2000,11,5,1,4,0.000966789,0.00202957,255.5
2000,11,5,1,5,0.00159215,0.00358569,255.5
2000,11,5,1,6,0.00286657,0.00499867,255.5
2000,11,5,1,7,0.00037522,0.00593822,255.5
2000,11,5,1,8,0.000875513,0.00634201,255.5
2000,11,5,1,9,0.000750441,0.00639618,255.5
2000,11,5,1,10,0.00293416,0.00633051,255.5
2000,11,5,1,11,0.00300176,0.0063416,255.5
2000,11,5,1,12,0.0120544,0.0134434,255.5
2000,11,5,1,14,0.0159317,0.0155552,255.5
2000,11,5,1,16,0.0190484,0.0181806,255.5
2000,11,5,1,18,0.0242677,0.0203832,255.5
2000,11,5,1,20,0.0568713,0.0553239,255.5
2000,11,5,1,25,0.0582234,0.0565682,255.5
2000,11,5,1,30,0.0614788,0.0563097,255.5
2000,11,5,1,35,0.0483967,0.0542507,255.5
2000,11,5,1,40,0.0919493,0.0965279,255.5
2000,11,5,1,50,0.0808313,0.0799777,255.5
2000,11,5,1,60,0.0719511,0.0699148,255.5
2000,11,5,1,70,0.0540824,0.0657608,255.5
2000,11,5,1,80,0.0535484,0.0629157,255.5
2000,11,5,1,90,0.0525579,0.0578402,255.5
2000,11,5,1,100,0.101651,0.0904976,255.5
2000,11,5,1,120,0.0668061,0.0573509,255.5
2000,11,5,1,140,0.0439853,0.03555,255.5
2000,11,5,1,160,0.0415616,0.0300899,255.5
2000,11,5,1,200,0.0217188,0.0120213,255.5
2000,11,5,1,250,0.00959684,0.00859113,255.5
2000,11,4,1,2,1e-09,0.000120556,46.249
2000,11,4,1,3,0.00625,0.000489929,46.249
2000,11,4,1,4,0.0125,0.00119458,46.249
2000,11,4,1,5,1e-09,0.00207259,46.249
2000,11,4,1,6,0.00625,0.00287777,46.249
2000,11,4,1,7,0.0125,0.00344101,46.249
2000,11,4,1,8,1e-09,0.00372796,46.249
2000,11,4,1,9,0.00625,0.00383843,46.249
2000,11,4,1,10,1e-09,0.00389598,46.249
2000,11,4,1,11,1e-09,0.00401814,46.249
2000,11,4,1,12,1e-09,0.00895507,46.249
2000,11,4,1,14,0.00625,0.0111462,46.249
2000,11,4,1,16,1e-09,0.014119,46.249
2000,11,4,1,18,0.0125,0.0172303,46.249
2000,11,4,1,20,0.03125,0.054707,46.249
2000,11,4,1,25,0.0625,0.0650564,46.249
2000,11,4,1,30,0.03125,0.067298,46.249
2000,11,4,1,35,0.05,0.0649063,46.249
2000,11,4,1,40,0.125,0.115487,46.249
2000,11,4,1,50,0.09375,0.0956864,46.249
2000,11,4,1,60,0.11875,0.0836168,46.249
2000,11,4,1,70,0.0625,0.0774159,46.249
2000,11,4,1,80,0.08125,0.0702361,46.249
2000,11,4,1,90,0.0625,0.05939,46.249
2000,11,4,1,100,0.10625,0.0794749,46.249
2000,11,4,1,120,0.075,0.0397258,46.249
2000,11,4,1,140,0.01875,0.0207317,46.249
2000,11,4,1,160,0.00625,0.0198415,46.249
2000,11,4,1,200,0.0125,0.00766488,46.249
2000,11,4,1,250,1e-09,0.00163358,46.249
2001,2,5,1,2,1e-09,4.62457e-05,255.5
2001,2,5,1,3,0.00115183,0.00027048,255.5
2001,2,5,1,4,0.00282787,0.000913093,255.5
2001,2,5,1,5,0.00370157,0.00211708,255.5
2001,2,5,1,6,0.0106125,0.00380431,255.5
2001,2,5,1,7,0.0100883,0.00569795,255.5
2001,2,5,1,8,0.0102383,0.0074139,255.5
2001,2,5,1,9,0.0117643,0.00873721,255.5
2001,2,5,1,10,0.00695027,0.00953118,255.5
2001,2,5,1,11,0.00890444,0.00985789,255.5
2001,2,5,1,12,0.018055,0.0195019,255.5
2001,2,5,1,14,0.0201518,0.0186198,255.5
2001,2,5,1,16,0.0188966,0.0181685,255.5
2001,2,5,1,18,0.0211362,0.0183945,255.5
2001,2,5,1,20,0.0551959,0.0479733,255.5
2001,2,5,1,25,0.0609157,0.0500498,255.5
2001,2,5,1,30,0.0536159,0.0513149,255.5
2001,2,5,1,35,0.0478961,0.0511804,255.5
2001,2,5,1,40,0.0942444,0.096215,255.5
2001,2,5,1,50,0.0829722,0.0835601,255.5
2001,2,5,1,60,0.0672136,0.0732376,255.5
2001,2,5,1,70,0.0577849,0.0676549,255.5
2001,2,5,1,80,0.0555774,0.0637069,255.5
2001,2,5,1,90,0.0517404,0.0580437,255.5
2001,2,5,1,100,0.0891056,0.090284,255.5
2001,2,5,1,120,0.0625131,0.0570341,255.5
2001,2,5,1,140,0.0326618,0.035423,255.5
2001,2,5,1,160,0.0283646,0.0302741,255.5
2001,2,5,1,200,0.0121925,0.0122329,255.5
2001,2,5,1,250,0.00352683,0.00874132,255.5
2001,2,4,1,2,1e-09,3.0455e-05,32.0852
2001,2,4,1,3,1e-09,0.000166114,32.0852
2001,2,4,1,4,1e-09,0.000539992,32.0852
2001,2,4,1,5,1e-09,0.00123004,32.0852
2001,2,4,1,6,1e-09,0.00220191,32.0852
2001,2,4,1,7,0.00900901,0.00331951,32.0852
2001,2,4,1,8,1e-09,0.00438097,32.0852
2001,2,4,1,9,0.018018,0.00527001,32.0852
2001,2,4,1,10,0.00900901,0.00589513,32.0852
2001,2,4,1,11,0.00900901,0.00627818,32.0852
2001,2,4,1,12,0.045045,0.0130572,32.0852
2001,2,4,1,14,0.018018,0.0134199,32.0852
2001,2,4,1,16,0.00900901,0.0142006,32.0852
2001,2,4,1,18,0.018018,0.0156481,32.0852
2001,2,4,1,20,0.027027,0.0477031,32.0852
2001,2,4,1,25,0.045045,0.0578753,32.0852
2001,2,4,1,30,0.045045,0.0616574,32.0852
2001,2,4,1,35,0.036036,0.0615605,32.0852
2001,2,4,1,40,0.135135,0.115729,32.0852
2001,2,4,1,50,0.0720721,0.100507,32.0852
2001,2,4,1,60,0.0720721,0.0880602,32.0852
2001,2,4,1,70,0.0990991,0.0800892,32.0852
2001,2,4,1,80,0.108108,0.0715263,32.0852
2001,2,4,1,90,0.0630631,0.0599295,32.0852
2001,2,4,1,100,0.0900901,0.0796853,32.0852
2001,2,4,1,120,0.036036,0.0396798,32.0852
2001,2,4,1,140,0.00900901,0.0207666,32.0852
2001,2,4,1,160,0.027027,0.0200789,32.0852
2001,2,4,1,200,1e-09,0.00783876,32.0852
2001,2,4,1,250,1e-09,0.00167452,32.0852
2001,5,5,1,2,1e-09,0.00162064,255.5
2001,5,5,1,3,0.00272597,0.00197649,255.5
2001,5,5,1,4,0.00560441,0.00171802,255.5
2001,5,5,1,5,0.00230022,0.00164837,255.5
2001,5,5,1,6,0.00503253,0.00224765,255.5
2001,5,5,1,7,0.00287211,0.00353081,255.5
2001,5,5,1,8,0.00272597,0.00525411,255.5
2001,5,5,1,9,0.00416203,0.00716938,255.5
2001,5,5,1,10,0.005166,0.00895419,255.5
2001,5,5,1,11,0.00803811,0.0104379,255.5
2001,5,5,1,12,0.0185036,0.0235771,255.5
2001,5,5,1,14,0.025811,0.024436,255.5
2001,5,5,1,16,0.022634,0.0232059,255.5
2001,5,5,1,18,0.0234981,0.0213443,255.5
2001,5,5,1,20,0.0564387,0.0471201,255.5
2001,5,5,1,25,0.0617445,0.044519,255.5
2001,5,5,1,30,0.0591647,0.045772,255.5
2001,5,5,1,35,0.0632824,0.0469156,255.5
2001,5,5,1,40,0.114415,0.0925416,255.5
2001,5,5,1,50,0.0873144,0.0847608,255.5
2001,5,5,1,60,0.0893097,0.0758164,255.5
2001,5,5,1,70,0.0778656,0.0695598,255.5
2001,5,5,1,80,0.0627042,0.0646196,255.5
2001,5,5,1,90,0.0475175,0.058291,255.5
2001,5,5,1,100,0.0613953,0.0899521,255.5
2001,5,5,1,120,0.0336333,0.0564894,255.5
2001,5,5,1,140,0.0191836,0.0350639,255.5
2001,5,5,1,160,0.0190501,0.0302193,255.5
2001,5,5,1,200,0.0118889,0.0123531,255.5
2001,5,5,1,250,0.0060175,0.00888548,255.5
2001,5,4,1,2,1e-09,0.00108866,84.9825
2001,5,4,1,3,0.00340136,0.00122822,84.9825
2001,5,4,1,4,1e-09,0.00102366,84.9825
2001,5,4,1,5,1e-09,0.000962806,84.9825
2001,5,4,1,6,0.00340136,0.00130732,84.9825
2001,5,4,1,7,1e-09,0.00206715,84.9825
2001,5,4,1,8,0.00340136,0.00311994,84.9825
2001,5,4,1,9,0.0136054,0.00434493,84.9825
2001,5,4,1,10,0.0272109,0.00556344,84.9825
2001,5,4,1,11,0.0136054,0.00667643,84.9825
2001,5,4,1,12,0.0136054,0.0158601,84.9825
2001,5,4,1,14,1e-09,0.0176892,84.9825
2001,5,4,1,16,0.0204082,0.0182242,84.9825
2001,5,4,1,18,0.0204082,0.0182593,84.9825
2001,5,4,1,20,0.0612245,0.0470151,84.9825
2001,5,4,1,25,0.047619,0.0517432,84.9825
2001,5,4,1,30,0.0408163,0.0552689,84.9825
2001,5,4,1,35,0.0340136,0.0567084,84.9825
2001,5,4,1,40,0.0646258,0.111858,84.9825
2001,5,4,1,50,0.112245,0.102453,84.9825
2001,5,4,1,60,0.173469,0.0916098,84.9825
2001,5,4,1,70,0.115646,0.0827669,84.9825
2001,5,4,1,80,0.112245,0.072942,84.9825
2001,5,4,1,90,0.037415,0.0605063,84.9825
2001,5,4,1,100,0.037415,0.0797832,84.9825
2001,5,4,1,120,0.0306122,0.0394634,84.9825
2001,5,4,1,140,0.00340136,0.020656,84.9825
2001,5,4,1,160,0.0102041,0.0201503,84.9825
2001,5,4,1,200,1e-09,0.00795124,84.9825
2001,5,4,1,250,1e-09,0.00170856,84.9825
2001,8,5,1,2,1e-09,0.00107095,255.5
2001,8,5,1,3,0.00173694,0.00292492,255.5
2001,8,5,1,4,0.00199135,0.00478456,255.5
2001,8,5,1,5,0.00245624,0.00568023,255.5
2001,8,5,1,6,0.00460988,0.00567918,255.5
2001,8,5,1,7,0.00393878,0.00539326,255.5
2001,8,5,1,8,0.00581604,0.00538622,255.5
2001,8,5,1,9,0.0080618,0.00590381,255.5
2001,8,5,1,10,0.0076451,0.00690206,255.5
2001,8,5,1,11,0.00549146,0.00821985,255.5
2001,8,5,1,12,0.0169173,0.0204953,255.5
2001,8,5,1,14,0.0166367,0.0244755,255.5
2001,8,5,1,16,0.0212288,0.025905,255.5
2001,8,5,1,18,0.0229176,0.0250947,255.5
2001,8,5,1,20,0.0551074,0.0532685,255.5
2001,8,5,1,25,0.0520984,0.0436151,255.5
2001,8,5,1,30,0.054116,0.0414863,255.5
2001,8,5,1,35,0.0525236,0.0422376,255.5
2001,8,5,1,40,0.108464,0.0862627,255.5
2001,8,5,1,50,0.0986919,0.0832184,255.5
2001,8,5,1,60,0.084858,0.0767872,255.5
2001,8,5,1,70,0.0706471,0.0708296,255.5
2001,8,5,1,80,0.0585239,0.0653019,255.5
2001,8,5,1,90,0.0464269,0.0583913,255.5
2001,8,5,1,100,0.0679584,0.0893142,255.5
2001,8,5,1,120,0.0522607,0.0556471,255.5
2001,8,5,1,140,0.0294132,0.0344497,255.5
2001,8,5,1,160,0.030387,0.0299161,255.5
2001,8,5,1,200,0.0119829,0.0123846,255.5
2001,8,5,1,250,0.00709235,0.00897435,255.5
2001,8,4,1,2,1e-09,0.000717592,76.3108
2001,8,4,1,3,1e-09,0.00182208,76.3108
2001,8,4,1,4,1e-09,0.00286492,76.3108
2001,8,4,1,5,1e-09,0.00333797,76.3108
2001,8,4,1,6,1e-09,0.00332313,76.3108
2001,8,4,1,7,1e-09,0.00317647,76.3108
2001,8,4,1,8,1e-09,0.00321813,76.3108
2001,8,4,1,9,1e-09,0.00360046,76.3108
2001,8,4,1,10,1e-09,0.00431493,76.3108
2001,8,4,1,11,0.0189394,0.00528898,76.3108
2001,8,4,1,12,0.0113636,0.0138719,76.3108
2001,8,4,1,14,0.0189394,0.0178177,76.3108
2001,8,4,1,16,0.0227273,0.0204486,76.3108
2001,8,4,1,18,0.0378788,0.0215765,76.3108
2001,8,4,1,20,0.0530303,0.0533675,76.3108
2001,8,4,1,25,0.0378788,0.0509862,76.3108
2001,8,4,1,30,0.0416667,0.050398,76.3108
2001,8,4,1,35,0.0492424,0.0513626,76.3108
2001,8,4,1,40,0.0643939,0.104899,76.3108
2001,8,4,1,50,0.113636,0.101197,76.3108
2001,8,4,1,60,0.102273,0.0933439,76.3108
2001,8,4,1,70,0.159091,0.0848007,76.3108
2001,8,4,1,80,0.0719697,0.074194,76.3108
2001,8,4,1,90,0.0568182,0.0610132,76.3108
2001,8,4,1,100,0.0757576,0.0797244,76.3108
2001,8,4,1,120,0.0378788,0.0390903,76.3108
2001,8,4,1,140,0.00378788,0.0204162,76.3108
2001,8,4,1,160,0.0113636,0.0200781,76.3108
2001,8,4,1,200,0.0113636,0.00801573,76.3108
2001,8,4,1,250,1e-09,0.00173401,76.3108
2001,11,5,1,2,1e-09,0.000340717,255.5
2001,11,5,1,3,0.000120634,0.00148538,255.5
2001,11,5,1,4,0.000603165,0.00376066,255.5
2001,11,5,1,5,0.00217714,0.00663326,255.5
2001,11,5,1,6,0.00592825,0.0092174,255.5
2001,11,5,1,7,0.00544572,0.0108826,255.5
2001,11,5,1,8,0.0083524,0.0114955,255.5
2001,11,5,1,9,0.0105295,0.0113801,255.5
2001,11,5,1,10,0.00530784,0.0109554,255.5
2001,11,5,1,11,0.00955873,0.0105708,255.5
2001,11,5,1,12,0.0197034,0.0209498,255.5
2001,11,5,1,14,0.0239428,0.0221715,255.5
2001,11,5,1,16,0.0181294,0.0238278,255.5
2001,11,5,1,18,0.0169173,0.0245526,255.5
2001,11,5,1,20,0.0392746,0.0565501,255.5
2001,11,5,1,25,0.0429166,0.0459797,255.5
2001,11,5,1,30,0.0380568,0.040058,255.5
2001,11,5,1,35,0.0403603,0.0384959,255.5
2001,11,5,1,40,0.0936513,0.0783378,255.5
2001,11,5,1,50,0.0938465,0.0786735,255.5
2001,11,5,1,60,0.0957997,0.0752293,255.5
2001,11,5,1,70,0.0767167,0.0704417,255.5
2001,11,5,1,80,0.0644926,0.0649333,255.5
2001,11,5,1,90,0.0486609,0.0577463,255.5
2001,11,5,1,100,0.0780494,0.0876231,255.5
2001,11,5,1,120,0.0567721,0.0541035,255.5
2001,11,5,1,140,0.0346503,0.0333357,255.5
2001,11,5,1,160,0.038884,0.0291251,255.5
2001,11,5,1,200,0.0214899,0.0122171,255.5
2001,11,5,1,250,0.00966211,0.0089262,255.5
2001,11,4,1,2,1e-09,0.000229897,63.8814
2001,11,4,1,3,1e-09,0.000933934,63.8814
2001,11,4,1,4,1e-09,0.00227537,63.8814
2001,11,4,1,5,1e-09,0.00394135,63.8814
2001,11,4,1,6,1e-09,0.00545489,63.8814
2001,11,4,1,7,0.0135747,0.00648239,63.8814
2001,11,4,1,8,0.00904977,0.00694619,63.8814
2001,11,4,1,9,0.00904977,0.00702045,63.8814
2001,11,4,1,10,0.00452489,0.00693126,63.8814
2001,11,4,1,11,0.00904977,0.00688611,63.8814
2001,11,4,1,12,0.0180995,0.014344,63.8814
2001,11,4,1,14,0.040724,0.016331,63.8814
2001,11,4,1,16,0.0180995,0.0190219,63.8814
2001,11,4,1,18,0.00904977,0.0213358,63.8814
2001,11,4,1,20,0.0633484,0.0572969,63.8814
2001,11,4,1,25,0.0633484,0.0543253,63.8814
2001,11,4,1,30,0.0180995,0.0492156,63.8814
2001,11,4,1,35,0.0361991,0.0473448,63.8814
2001,11,4,1,40,0.0633484,0.0963449,63.8814
2001,11,4,1,50,0.0950226,0.0967577,63.8814
2001,11,4,1,60,0.158371,0.0924894,63.8814
2001,11,4,1,70,0.081448,0.0853014,63.8814
2001,11,4,1,80,0.126697,0.0746444,63.8814
2001,11,4,1,90,0.0769231,0.0610656,63.8814
2001,11,4,1,100,0.0452489,0.0791547,63.8814
2001,11,4,1,120,0.00904977,0.0384312,63.8814
2001,11,4,1,140,0.0135747,0.0199804,63.8814
2001,11,4,1,160,1e-09,0.0197784,63.8814
2001,11,4,1,200,0.0135747,0.00799278,63.8814
2001,11,4,1,250,0.00452489,0.00174209,63.8814
2002,2,5,1,2,1e-09,8.22022e-05,255.5
2002,2,5,1,3,0.00107232,0.000483174,255.5
2002,2,5,1,4,0.00353224,0.00163046,255.5
2002,2,5,1,5,0.00793331,0.00377772,255.5
2002,2,5,1,6,0.0276622,0.00678048,255.5
2002,2,5,1,7,0.0312714,0.010136,255.5
2002,2,5,1,8,0.0384403,0.0131478,255.5
2002,2,5,1,9,0.0300873,0.0154183,255.5
2002,2,5,1,10,0.0319789,0.0166942,255.5
2002,2,5,1,11,0.0222162,0.0170726,255.5
2002,2,5,1,12,0.0418112,0.0328783,255.5
2002,2,5,1,14,0.0308644,0.0296784,255.5
2002,2,5,1,16,0.0346276,0.026773,255.5
2002,2,5,1,18,0.0292733,0.0248257,255.5
2002,2,5,1,20,0.0550291,0.0554973,255.5
2002,2,5,1,25,0.0450134,0.0468132,255.5
2002,2,5,1,30,0.03987,0.0402738,255.5
2002,2,5,1,35,0.0326864,0.0366762,255.5
2002,2,5,1,40,0.0641191,0.0713037,255.5
2002,2,5,1,50,0.065164,0.0724239,255.5
2002,2,5,1,60,0.0637416,0.0715625,255.5
2002,2,5,1,70,0.051849,0.0684215,255.5
2002,2,5,1,80,0.0478328,0.0634861,255.5
2002,2,5,1,90,0.0365634,0.0564014,255.5
2002,2,5,1,100,0.0631385,0.0851198,255.5
2002,2,5,1,120,0.0412724,0.052104,255.5
2002,2,5,1,140,0.0237377,0.0319043,255.5
2002,2,5,1,160,0.0232611,0.0280018,255.5
2002,2,5,1,200,0.0109542,0.0119047,255.5
2002,2,5,1,250,0.00499681,0.00872742,255.5
2002,2,4,1,2,1e-09,5.59952e-05,48.2724
2002,2,4,1,3,1e-09,0.000307043,48.2724
2002,2,4,1,4,1e-09,0.000997713,48.2724
2002,2,4,1,5,1e-09,0.00227108,48.2724
2002,2,4,1,6,1e-09,0.00406077,48.2724
2002,2,4,1,7,1e-09,0.00611004,48.2724
2002,2,4,1,8,0.011976,0.00803894,48.2724
2002,2,4,1,9,0.00598802,0.00962278,48.2724
2002,2,4,1,10,0.011976,0.0106842,48.2724
2002,2,4,1,11,0.0299401,0.0112509,48.2724
2002,2,4,1,12,0.0359281,0.0227759,48.2724
2002,2,4,1,14,0.011976,0.0221336,48.2724
2002,2,4,1,16,0.0299401,0.0216571,48.2724
2002,2,4,1,18,0.0179641,0.0218595,48.2724
2002,2,4,1,20,0.0359281,0.0569334,48.2724
2002,2,4,1,25,0.0299401,0.0559567,48.2724
2002,2,4,1,30,0.0359281,0.0500707,48.2724
2002,2,4,1,35,0.0239521,0.0456465,48.2724
2002,2,4,1,40,0.0419162,0.0887432,48.2724
2002,2,4,1,50,0.101796,0.0901373,48.2724
2002,2,4,1,60,0.0838323,0.0890335,48.2724
2002,2,4,1,70,0.137725,0.0838451,48.2724
2002,2,4,1,80,0.0898204,0.0738727,48.2724
2002,2,4,1,90,0.0838323,0.0603933,48.2724
2002,2,4,1,100,0.0658683,0.0778762,48.2724
2002,2,4,1,120,0.0179641,0.0374598,48.2724
2002,2,4,1,140,0.0479042,0.0193516,48.2724
2002,2,4,1,160,0.0239521,0.0192513,48.2724
2002,2,4,1,200,0.011976,0.00787714,48.2724
2002,2,4,1,250,0.011976,0.00172619,48.2724
2002,5,5,1,2,1e-09,0.000891465,255.5
2002,5,5,1,3,0.00335878,0.00116139,255.5
2002,5,5,1,4,0.00461747,0.00130039,255.5
2002,5,5,1,5,0.000969275,0.0019308,255.5
2002,5,5,1,6,0.00429438,0.00345973,255.5
2002,5,5,1,7,0.00445592,0.00591547,255.5
2002,5,5,1,8,0.00761948,0.0089755,255.5
2002,5,5,1,9,0.0110724,0.0122862,255.5
2002,5,5,1,10,0.0120754,0.0153216,255.5
2002,5,5,1,11,0.0125937,0.0177949,255.5
2002,5,5,1,12,0.0335473,0.0398193,255.5
2002,5,5,1,14,0.0396118,0.0404205,255.5
2002,5,5,1,16,0.0457505,0.0370444,255.5
2002,5,5,1,18,0.037808,0.0323078,255.5
2002,5,5,1,20,0.0911711,0.0626471,255.5
2002,5,5,1,25,0.0635742,0.0477026,255.5
2002,5,5,1,30,0.0399149,0.0404869,255.5
2002,5,5,1,35,0.0377206,0.0361669,255.5
2002,5,5,1,40,0.0691141,0.0670433,255.5
2002,5,5,1,50,0.0618851,0.0667414,255.5
2002,5,5,1,60,0.074553,0.0672976,255.5
2002,5,5,1,70,0.0664757,0.0657622,255.5
2002,5,5,1,80,0.0582369,0.061713,255.5
2002,5,5,1,90,0.0435768,0.0550057,255.5
2002,5,5,1,100,0.0658027,0.0828665,255.5
2002,5,5,1,120,0.0378553,0.0503667,255.5
2002,5,5,1,140,0.0267424,0.0305918,255.5
2002,5,5,1,160,0.0269644,0.0268684,255.5
2002,5,5,1,200,0.0128226,0.0115554,255.5
2002,5,5,1,250,0.00581564,0.00855499,255.5
2002,5,4,1,2,1e-09,0.000618717,111.287
2002,5,4,1,3,0.0025974,0.000745395,111.287
2002,5,4,1,4,1e-09,0.000800046,111.287
2002,5,4,1,5,1e-09,0.00116514,111.287
2002,5,4,1,6,0.0025974,0.00207961,111.287
2002,5,4,1,7,0.0025974,0.00357911,111.287
2002,5,4,1,8,1e-09,0.00550794,111.287
2002,5,4,1,9,0.00519481,0.00769487,111.287
2002,5,4,1,10,0.00519481,0.00983795,111.287
2002,5,4,1,11,0.012987,0.0117628,111.287
2002,5,4,1,12,0.0181818,0.0276805,111.287
2002,5,4,1,14,0.0337662,0.0302378,111.287
2002,5,4,1,16,0.0311688,0.0300659,111.287
2002,5,4,1,18,0.0493506,0.0285681,111.287
2002,5,4,1,20,0.0779221,0.0644286,111.287
2002,5,4,1,25,0.0831169,0.0572401,111.287
2002,5,4,1,30,0.0545455,0.0505198,111.287
2002,5,4,1,35,0.038961,0.0451777,111.287
2002,5,4,1,40,0.0779221,0.0837468,111.287
2002,5,4,1,50,0.0441558,0.0833698,111.287
2002,5,4,1,60,0.0935065,0.084034,111.287
2002,5,4,1,70,0.0883117,0.0808742,111.287
2002,5,4,1,80,0.0805195,0.0720774,111.287
2002,5,4,1,90,0.0623377,0.0591401,111.287
2002,5,4,1,100,0.0675325,0.076154,111.287
2002,5,4,1,120,0.0363636,0.0363584,111.287
2002,5,4,1,140,0.012987,0.0186245,111.287
2002,5,4,1,160,0.00779221,0.0185456,111.287
2002,5,4,1,200,0.0103896,0.00766941,111.287
2002,5,4,1,250,1e-09,0.00169535,111.287
2002,8,5,1,2,1e-09,0.000572458,255.5
2002,8,5,1,3,0.00115564,0.00157858,255.5
2002,8,5,1,4,0.00162568,0.00265286,255.5
2002,8,5,1,5,0.00231127,0.00337104,255.5
2002,8,5,1,6,0.00286138,0.00388934,255.5
2002,8,5,1,7,0.00475801,0.00464432,255.5
2002,8,5,1,8,0.00318774,0.00595903,255.5
2002,8,5,1,9,0.00625644,0.00794765,255.5
2002,8,5,1,10,0.00529169,0.0104119,255.5
2002,8,5,1,11,0.00978698,0.0131272,255.5
2002,8,5,1,12,0.0312658,0.0337443,255.5
2002,8,5,1,14,0.0379676,0.0404805,255.5
2002,8,5,1,16,0.0505441,0.0423384,255.5
2002,8,5,1,18,0.0458251,0.0400858,255.5
2002,8,5,1,20,0.0987441,0.0792433,255.5
2002,8,5,1,25,0.0707708,0.0548129,255.5
2002,8,5,1,30,0.0493227,0.0426729,255.5
2002,8,5,1,35,0.0415371,0.0366576,255.5
2002,8,5,1,40,0.0500226,0.0653919,255.5
2002,8,5,1,50,0.0568374,0.0629384,255.5
2002,8,5,1,60,0.0683526,0.0636584,255.5
2002,8,5,1,70,0.0699783,0.0632756,255.5
2002,8,5,1,80,0.0642577,0.0601667,255.5
2002,8,5,1,90,0.0522149,0.0539819,255.5
2002,8,5,1,100,0.0655549,0.081501,255.5
2002,8,5,1,120,0.0410978,0.0493406,255.5
2002,8,5,1,140,0.0251427,0.0297248,255.5
2002,8,5,1,160,0.0227842,0.0260526,255.5
2002,8,5,1,200,0.0124082,0.0113161,255.5
2002,8,5,1,250,0.00813663,0.00846188,255.5
2002,8,4,1,2,1e-09,0.000391792,70.8187
2002,8,4,1,3,1e-09,0.00100441,70.8187
2002,8,4,1,4,1e-09,0.00162244,70.8187
2002,8,4,1,5,1e-09,0.00202336,70.8187
2002,8,4,1,6,0.00408163,0.00232469,70.8187
2002,8,4,1,7,1e-09,0.00279419,70.8187
2002,8,4,1,8,0.00816327,0.00363659,70.8187
2002,8,4,1,9,0.00816327,0.00495004,70.8187
2002,8,4,1,10,0.00816327,0.00664745,70.8187
2002,8,4,1,11,0.0163265,0.00862641,70.8187
2002,8,4,1,12,0.0285714,0.0233293,70.8187
2002,8,4,1,14,0.0285714,0.0301003,70.8187
2002,8,4,1,16,0.0285714,0.0341367,70.8187
2002,8,4,1,18,0.0204082,0.0352055,70.8187
2002,8,4,1,20,0.0897959,0.0809492,70.8187
2002,8,4,1,25,0.0489796,0.0653902,70.8187
2002,8,4,1,30,0.0612245,0.05295,70.8187
2002,8,4,1,35,0.0816326,0.0455338,70.8187
2002,8,4,1,40,0.0897959,0.0812257,70.8187
2002,8,4,1,50,0.0693878,0.0781782,70.8187
2002,8,4,1,60,0.0816326,0.0790432,70.8187
2002,8,4,1,70,0.0857143,0.0773679,70.8187
2002,8,4,1,80,0.0734694,0.0698683,70.8187
2002,8,4,1,90,0.0734694,0.0577245,70.8187
2002,8,4,1,100,0.0612245,0.074527,70.8187
2002,8,4,1,120,0.0204082,0.0354384,70.8187
2002,8,4,1,140,0.00408163,0.0179965,70.8187
2002,8,4,1,160,0.00816327,0.0178854,70.8187
2002,8,4,1,200,1e-09,0.0074639,70.8187
2002,8,4,1,250,1e-09,0.00166458,70.8187
2002,11,5,1,2,1e-09,0.000182892,255.5
2002,11,5,1,3,0.000607103,0.000800297,255.5
2002,11,5,1,4,0.00228231,0.00204181,255.5
2002,11,5,1,5,0.00354143,0.00365694,255.5
2002,11,5,1,6,0.00612729,0.0052307,255.5
2002,11,5,1,7,0.00657695,0.00650277,255.5
2002,11,5,1,8,0.00663321,0.0074635,255.5
2002,11,5,1,9,0.00876941,0.0083432,255.5
2002,11,5,1,10,0.00637458,0.00933759,255.5
2002,11,5,1,11,0.0108943,0.0106103,255.5
2002,11,5,1,12,0.0251276,0.0260049,255.5
2002,11,5,1,14,0.0412612,0.0327337,255.5
2002,11,5,1,16,0.0385851,0.0378525,255.5
2002,11,5,1,18,0.0397094,0.03979,255.5
2002,11,5,1,20,0.0899315,0.0897271,255.5
2002,11,5,1,25,0.061993,0.0663098,255.5
2002,11,5,1,30,0.0434423,0.049191,255.5
2002,11,5,1,35,0.0321769,0.0394547,255.5
2002,11,5,1,40,0.0601263,0.0660835,255.5
2002,11,5,1,50,0.0617679,0.0608725,255.5
2002,11,5,1,60,0.0609585,0.060918,255.5
2002,11,5,1,70,0.0616327,0.0610786,255.5
2002,11,5,1,80,0.0624985,0.0587561,255.5
2002,11,5,1,90,0.0513905,0.0531463,255.5
2002,11,5,1,100,0.0738424,0.0806796,255.5
2002,11,5,1,120,0.0424636,0.0488423,255.5
2002,11,5,1,140,0.0347178,0.0292347,255.5
2002,11,5,1,160,0.0357406,0.025526,255.5
2002,11,5,1,200,0.0205067,0.0111809,255.5
2002,11,5,1,250,0.0103208,0.00844773,255.5
2002,11,4,1,2,1e-09,0.000123571,66.4829
2002,11,4,1,3,1e-09,0.000503861,66.4829
2002,11,4,1,4,1e-09,0.00123705,66.4829
2002,11,4,1,5,1e-09,0.00217581,66.4829
2002,11,4,1,6,0.00434783,0.00309977,66.4829
2002,11,4,1,7,1e-09,0.00387883,66.4829
2002,11,4,1,8,1e-09,0.00451597,66.4829
2002,11,4,1,9,1e-09,0.0051533,66.4829
2002,11,4,1,10,1e-09,0.00591348,66.4829
2002,11,4,1,11,0.0130435,0.00691659,66.4829
2002,11,4,1,12,0.026087,0.0178306,66.4829
2002,11,4,1,14,0.0347826,0.0241359,66.4829
2002,11,4,1,16,0.0217391,0.0302487,66.4829
2002,11,4,1,18,0.0217391,0.0346159,66.4829
2002,11,4,1,20,0.0608696,0.0909471,66.4829
2002,11,4,1,25,0.0521739,0.0783914,66.4829
2002,11,4,1,30,0.0521739,0.0605159,66.4829
2002,11,4,1,35,0.0434783,0.0485901,66.4829
2002,11,4,1,40,0.0608696,0.0813844,66.4829
2002,11,4,1,50,0.117391,0.0749668,66.4829
2002,11,4,1,60,0.0913043,0.0749947,66.4829
2002,11,4,1,70,0.0956522,0.0740321,66.4829
2002,11,4,1,80,0.0652174,0.06763,66.4829
2002,11,4,1,90,0.0869565,0.0563423,66.4829
2002,11,4,1,100,0.073913,0.0731741,66.4829
2002,11,4,1,120,0.0608696,0.0348033,66.4829
2002,11,4,1,140,1e-09,0.0175502,66.4829
2002,11,4,1,160,0.00869565,0.0173763,66.4829
2002,11,4,1,200,0.00434783,0.00730735,66.4829
2002,11,4,1,250,0.00434783,0.00164463,66.4829
2003,2,5,1,2,1e-09,4.53838e-05,255.5
2003,2,5,1,3,0.00101946,0.000266504,255.5
2003,2,5,1,4,0.00213674,0.000902726,255.5
2003,2,5,1,5,0.00550233,0.00210492,255.5
2003,2,5,1,6,0.0100918,0.00381742,255.5
2003,2,5,1,7,0.014833,0.00580176,255.5
2003,2,5,1,8,0.0187729,0.00771769,255.5
2003,2,5,1,9,0.0182475,0.00939769,255.5
2003,2,5,1,10,0.0147038,0.0107227,255.5
2003,2,5,1,11,0.0181095,0.0117722,255.5
2003,2,5,1,12,0.0290026,0.0260877,255.5
2003,2,5,1,14,0.0300885,0.029285,255.5
2003,2,5,1,16,0.0344159,0.0324599,255.5
2003,2,5,1,18,0.0351595,0.0348333,255.5
2003,2,5,1,20,0.0909126,0.0868162,255.5
2003,2,5,1,25,0.0636505,0.0734222,255.5
2003,2,5,1,30,0.0510922,0.0574916,255.5
2003,2,5,1,35,0.036041,0.0451371,255.5
2003,2,5,1,40,0.0572303,0.0702947,255.5
2003,2,5,1,50,0.0498533,0.0605329,255.5
2003,2,5,1,60,0.0554936,0.0591726,255.5
2003,2,5,1,70,0.0503073,0.0593185,255.5
2003,2,5,1,80,0.0525869,0.0574986,255.5
2003,2,5,1,90,0.0490922,0.0524034,255.5
2003,2,5,1,100,0.0734915,0.0801302,255.5
2003,2,5,1,120,0.0505969,0.0486858,255.5
2003,2,5,1,140,0.0299105,0.0290368,255.5
2003,2,5,1,160,0.0316823,0.0252502,255.5
2003,2,5,1,200,0.0208206,0.0111367,255.5
2003,2,5,1,250,0.00515499,0.00845733,255.5
2003,2,4,1,2,1e-09,3.03491e-05,36.4211
2003,2,4,1,3,1e-09,0.000166223,36.4211
2003,2,4,1,4,1e-09,0.000542178,36.4211
2003,2,4,1,5,1e-09,0.00124203,36.4211
2003,2,4,1,6,1e-09,0.00224394,36.4211
2003,2,4,1,7,0.00793651,0.0034327,36.4211
2003,2,4,1,8,1e-09,0.00463159,36.4211
2003,2,4,1,9,1e-09,0.00575665,36.4211
2003,2,4,1,10,1e-09,0.00673493,36.4211
2003,2,4,1,11,1e-09,0.00761266,36.4211
2003,2,4,1,12,1e-09,0.0177417,36.4211
2003,2,4,1,14,0.015873,0.0214288,36.4211
2003,2,4,1,16,1e-09,0.0257454,36.4211
2003,2,4,1,18,0.00793651,0.0300666,36.4211
2003,2,4,1,20,0.0555556,0.0874373,36.4211
2003,2,4,1,25,0.031746,0.0860924,36.4211
2003,2,4,1,30,0.047619,0.0701516,36.4211
2003,2,4,1,35,0.0555556,0.0551379,36.4211
2003,2,4,1,40,0.103175,0.0858695,36.4211
2003,2,4,1,50,0.047619,0.0739449,36.4211
2003,2,4,1,60,0.0714286,0.0722558,36.4211
2003,2,4,1,70,0.142857,0.0713064,36.4211
2003,2,4,1,80,0.0793651,0.0656248,36.4211
2003,2,4,1,90,0.119048,0.0550898,36.4211
2003,2,4,1,100,0.119048,0.0720921,36.4211
2003,2,4,1,120,0.0396825,0.03443,36.4211
2003,2,4,1,140,0.0238095,0.0172914,36.4211
2003,2,4,1,160,0.031746,0.0170501,36.4211
2003,2,4,1,200,1e-09,0.0072156,36.4211
2003,2,4,1,250,1e-09,0.00163445,36.4211
2003,5,5,1,2,1e-09,0.00116653,255.5
2003,5,5,1,3,0.00972045,0.00143915,255.5
2003,5,5,1,4,0.0101368,0.00131624,255.5
2003,5,5,1,5,0.00654109,0.00141885,255.5
2003,5,5,1,6,0.00145892,0.00213177,255.5
2003,5,5,1,7,0.00513377,0.00348459,255.5
2003,5,5,1,8,0.00505462,0.0052801,255.5
2003,5,5,1,9,0.00437677,0.00731924,255.5
2003,5,5,1,10,0.00401204,0.00931364,255.5
2003,5,5,1,11,0.00995443,0.0111246,255.5
2003,5,5,1,12,0.0223312,0.0264292,255.5
2003,5,5,1,14,0.0254039,0.0299467,255.5
2003,5,5,1,16,0.0294194,0.0317655,255.5
2003,5,5,1,18,0.0253798,0.0325824,255.5
2003,5,5,1,20,0.0741299,0.0802812,255.5
2003,5,5,1,25,0.0683699,0.0731552,255.5
2003,5,5,1,30,0.0623518,0.0625987,255.5
2003,5,5,1,35,0.0433032,0.0513388,255.5
2003,5,5,1,40,0.0859561,0.0781072,255.5
2003,5,5,1,50,0.0605763,0.0624789,255.5
2003,5,5,1,60,0.0587251,0.0586074,255.5
2003,5,5,1,70,0.0599501,0.0581585,255.5
2003,5,5,1,80,0.0542692,0.0565095,255.5
2003,5,5,1,90,0.059926,0.0517798,255.5
2003,5,5,1,100,0.0880378,0.0797452,255.5
2003,5,5,1,120,0.0552637,0.0487352,255.5
2003,5,5,1,140,0.0281394,0.0290258,255.5
2003,5,5,1,160,0.0270968,0.0251072,255.5
2003,5,5,1,200,0.0088843,0.0111188,255.5
2003,5,5,1,250,0.00609721,0.00853403,255.5
2003,5,4,1,2,1e-09,0.000785776,100.881
2003,5,4,1,3,1e-09,0.000896722,100.881
2003,5,4,1,4,1e-09,0.000786314,100.881
2003,5,4,1,5,1e-09,0.000830991,100.881
2003,5,4,1,6,1e-09,0.0012434,100.881
2003,5,4,1,7,0.00286533,0.00204582,100.881
2003,5,4,1,8,0.00286533,0.00314416,100.881
2003,5,4,1,9,1e-09,0.00444815,100.881
2003,5,4,1,10,0.00286533,0.00580286,100.881
2003,5,4,1,11,0.00573066,0.00713524,100.881
2003,5,4,1,12,0.0114613,0.0178313,100.881
2003,5,4,1,14,0.0114613,0.0217391,100.881
2003,5,4,1,16,0.0286533,0.0250059,100.881
2003,5,4,1,18,0.0429799,0.0279252,100.881
2003,5,4,1,20,0.0888252,0.0803152,100.881
2003,5,4,1,25,0.0716332,0.0851545,100.881
2003,5,4,1,30,0.0659026,0.0757915,100.881
2003,5,4,1,35,0.0544413,0.0622286,100.881
2003,5,4,1,40,0.0888252,0.094675,100.881
2003,5,4,1,50,0.0716332,0.0757317,100.881
2003,5,4,1,60,0.100287,0.0710123,100.881
2003,5,4,1,70,0.0687679,0.0693652,100.881
2003,5,4,1,80,0.0744986,0.0639769,100.881
2003,5,4,1,90,0.0687679,0.0539918,100.881
2003,5,4,1,100,0.0687679,0.0711751,100.881
2003,5,4,1,120,0.0315186,0.0342102,100.881
2003,5,4,1,140,0.0114613,0.0171522,100.881
2003,5,4,1,160,0.017192,0.0168212,100.881
2003,5,4,1,200,0.00573066,0.00714457,100.881
2003,5,4,1,250,0.00286533,0.00163285,100.881
2003,8,5,1,2,1e-09,0.00077124,255.5
2003,8,5,1,3,0.00409083,0.00210982,255.5
2003,8,5,1,4,0.00275405,0.00346746,255.5
2003,8,5,1,5,0.00478876,0.00416804,255.5
2003,8,5,1,6,0.00940025,0.00428967,255.5
2003,8,5,1,7,0.00690397,0.004303,255.5
2003,8,5,1,8,0.00506794,0.00462732,255.5
2003,8,5,1,9,0.00478876,0.00544887,255.5
2003,8,5,1,10,0.00626513,0.00670942,255.5
2003,8,5,1,11,0.00710265,0.00827987,255.5
2003,8,5,1,12,0.0222046,0.0214824,255.5
2003,8,5,1,14,0.0197083,0.0269879,255.5
2003,8,5,1,16,0.0231603,0.030413,255.5
2003,8,5,1,18,0.0289475,0.0317525,255.5
2003,8,5,1,20,0.0622599,0.0770418,255.5
2003,8,5,1,25,0.0537614,0.0702587,255.5
2003,8,5,1,30,0.0643323,0.0633287,255.5
2003,8,5,1,35,0.0612349,0.0551233,255.5
2003,8,5,1,40,0.100485,0.0867257,255.5
2003,8,5,1,50,0.0639573,0.066757,255.5
2003,8,5,1,60,0.0701847,0.059424,255.5
2003,8,5,1,70,0.0507719,0.0576379,255.5
2003,8,5,1,80,0.0553192,0.0557662,255.5
2003,8,5,1,90,0.0433738,0.0512083,255.5
2003,8,5,1,100,0.0855718,0.0793018,255.5
2003,8,5,1,120,0.0530858,0.048782,255.5
2003,8,5,1,140,0.0326256,0.0290806,255.5
2003,8,5,1,160,0.032647,0.0250337,255.5
2003,8,5,1,200,0.0155746,0.0111087,255.5
2003,8,5,1,250,0.00963149,0.00861119,255.5
2003,8,4,1,2,1e-09,0.000512271,56.655
2003,8,4,1,3,1e-09,0.00130286,56.655
2003,8,4,1,4,1e-09,0.00205816,56.655
2003,8,4,1,5,1e-09,0.00242799,56.655
2003,8,4,1,6,1e-09,0.00248823,56.655
2003,8,4,1,7,1e-09,0.00251231,56.655
2003,8,4,1,8,1e-09,0.0027406,56.655
2003,8,4,1,9,1e-09,0.00329388,56.655
2003,8,4,1,10,1e-09,0.00415762,56.655
2003,8,4,1,11,0.0102041,0.00528077,56.655
2003,8,4,1,12,0.00510204,0.0144151,56.655
2003,8,4,1,14,0.0255102,0.0194774,56.655
2003,8,4,1,16,0.0255102,0.0237975,56.655
2003,8,4,1,18,0.0255102,0.0270553,56.655
2003,8,4,1,20,0.0765306,0.0766426,56.655
2003,8,4,1,25,0.0816326,0.0813695,56.655
2003,8,4,1,30,0.0459184,0.0762561,56.655
2003,8,4,1,35,0.0663265,0.0664488,56.655
2003,8,4,1,40,0.127551,0.104544,56.655
2003,8,4,1,50,0.0714286,0.0804727,56.655
2003,8,4,1,60,0.0918367,0.0716066,56.655
2003,8,4,1,70,0.0765306,0.0683658,56.655
2003,8,4,1,80,0.0612245,0.0627741,56.655
2003,8,4,1,90,0.0714286,0.0530806,56.655
2003,8,4,1,100,0.0765306,0.0703611,56.655
2003,8,4,1,120,0.0306122,0.0340583,56.655
2003,8,4,1,140,0.0153061,0.0170908,56.655
2003,8,4,1,160,0.0102041,0.0166778,56.655
2003,8,4,1,200,1e-09,0.00709576,56.655
2003,8,4,1,250,0.00510204,0.00163497,56.655
2003,11,5,1,2,1e-09,0.00024795,255.5
2003,11,5,1,3,1e-09,0.00108165,255.5
2003,11,5,1,4,1e-09,0.00274217,255.5
2003,11,5,1,5,0.00334292,0.00484992,255.5
2003,11,5,1,6,0.00520355,0.00677497,255.5
2003,11,5,1,7,0.00724168,0.00807824,255.5
2003,11,5,1,8,0.00965817,0.00868016,255.5
2003,11,5,1,9,0.00736,0.00883505,255.5
2003,11,5,1,10,0.00884227,0.00884746,255.5
2003,11,5,1,11,0.0108882,0.00897609,255.5
2003,11,5,1,12,0.0251037,0.0192946,255.5
2003,11,5,1,14,0.0327082,0.0223769,255.5
2003,11,5,1,16,0.030055,0.0257701,255.5
2003,11,5,1,18,0.0339694,0.0281659,255.5
2003,11,5,1,20,0.0570038,0.0720067,255.5
2003,11,5,1,25,0.0563888,0.0671525,255.5
2003,11,5,1,30,0.0616359,0.0617045,255.5
2003,11,5,1,35,0.0625701,0.0558197,255.5
2003,11,5,1,40,0.100896,0.0925073,255.5
2003,11,5,1,50,0.0808027,0.0718074,255.5
2003,11,5,1,60,0.0580563,0.0613074,255.5
2003,11,5,1,70,0.0346559,0.0575478,255.5
2003,11,5,1,80,0.0475744,0.0549865,255.5
2003,11,5,1,90,0.0396742,0.0503805,255.5
2003,11,5,1,100,0.080622,0.0782339,255.5
2003,11,5,1,120,0.0529555,0.0484073,255.5
2003,11,5,1,140,0.0342932,0.0289375,255.5
2003,11,5,1,160,0.0284746,0.0248282,255.5
2003,11,5,1,200,0.0206335,0.0110259,255.5
2003,11,5,1,250,0.00939032,0.00862583,255.5
2003,11,4,1,2,1e-09,0.000164047,46.538
2003,11,4,1,3,1e-09,0.000666852,46.538
2003,11,4,1,4,1e-09,0.00162685,46.538
2003,11,4,1,5,1e-09,0.00282565,46.538
2003,11,4,1,6,1e-09,0.00393145,46.538
2003,11,4,1,7,1e-09,0.00471835,46.538
2003,11,4,1,8,1e-09,0.00514299,46.538
2003,11,4,1,9,1e-09,0.00534418,46.538
2003,11,4,1,10,1e-09,0.00548816,46.538
2003,11,4,1,11,0.0186335,0.00573233,46.538
2003,11,4,1,12,0.0248447,0.0129547,46.538
2003,11,4,1,14,0.0248447,0.0161608,46.538
2003,11,4,1,16,0.0124224,0.0201707,46.538
2003,11,4,1,18,0.0124224,0.0239976,46.538
2003,11,4,1,20,0.0745342,0.0716769,46.538
2003,11,4,1,25,0.068323,0.0778096,46.538
2003,11,4,1,30,0.068323,0.0743315,46.538
2003,11,4,1,35,0.0745342,0.0673151,46.538
2003,11,4,1,40,0.10559,0.111558,46.538
2003,11,4,1,50,0.0931677,0.0865952,46.538
2003,11,4,1,60,0.0496894,0.0739062,46.538
2003,11,4,1,70,0.0559006,0.0682923,46.538
2003,11,4,1,80,0.0869565,0.0619159,46.538
2003,11,4,1,90,0.0931677,0.0522256,46.538
2003,11,4,1,100,0.0931677,0.0694064,46.538
2003,11,4,1,120,0.0186335,0.0338058,46.538
2003,11,4,1,140,0.0124224,0.0170137,46.538
2003,11,4,1,160,0.00621118,0.0165451,46.538
2003,11,4,1,200,0.00621118,0.00704302,46.538
2003,11,4,1,250,1e-09,0.00163489,46.538
2004,2,5,1,2,1e-09,6.09506e-05,255.5
2004,2,5,1,3,0.00103928,0.000357474,255.5
2004,2,5,1,4,0.0016099,0.00120711,255.5
2004,2,5,1,5,0.00339631,0.00280006,255.5
2004,2,5,1,6,0.0156912,0.00503531,255.5
2004,2,5,1,7,0.0187345,0.00755055,255.5
2004,2,5,1,8,0.0248956,0.00984189,255.5
2004,2,5,1,9,0.0217169,0.0116293,255.5
2004,2,5,1,10,0.017152,0.012733,255.5
2004,2,5,1,11,0.0154675,0.0132352,255.5
2004,2,5,1,12,0.0281702,0.0264379,255.5
2004,2,5,1,14,0.0326332,0.0255919,255.5
2004,2,5,1,16,0.0291075,0.025177,255.5
2004,2,5,1,18,0.0343039,0.0254049,255.5
2004,2,5,1,20,0.0713453,0.0641062,255.5
2004,2,5,1,25,0.0564758,0.0621666,255.5
2004,2,5,1,30,0.0506479,0.0588447,255.5
2004,2,5,1,35,0.053609,0.0546521,255.5
2004,2,5,1,40,0.0930287,0.0946553,255.5
2004,2,5,1,50,0.0755846,0.0760097,255.5
2004,2,5,1,60,0.070653,0.0638284,255.5
2004,2,5,1,70,0.0391823,0.0580304,255.5
2004,2,5,1,80,0.0414648,0.0543735,255.5
2004,2,5,1,90,0.0372803,0.0494442,255.5
2004,2,5,1,100,0.0515457,0.0766853,255.5
2004,2,5,1,120,0.0410844,0.0476304,255.5
2004,2,5,1,140,0.0241561,0.0285846,255.5
2004,2,5,1,160,0.0271994,0.024504,255.5
2004,2,5,1,200,0.014836,0.0108851,255.5
2004,2,5,1,250,0.00798863,0.00853707,255.5
2004,2,4,1,2,1e-09,4.03762e-05,23.4135
2004,2,4,1,3,1e-09,0.000220876,23.4135
2004,2,4,1,4,1e-09,0.000718208,23.4135
2004,2,4,1,5,1e-09,0.00163674,23.4135
2004,2,4,1,6,0.0123457,0.00293213,23.4135
2004,2,4,1,7,0.0123457,0.00442556,23.4135
2004,2,4,1,8,1e-09,0.00585108,23.4135
2004,2,4,1,9,0.0123457,0.0070571,23.4135
2004,2,4,1,10,1e-09,0.0079233,23.4135
2004,2,4,1,11,0.0123457,0.00848023,23.4135
2004,2,4,1,12,0.0246914,0.0178089,23.4135
2004,2,4,1,14,0.037037,0.0185564,23.4135
2004,2,4,1,16,0.0246914,0.019796,23.4135
2004,2,4,1,18,0.037037,0.0217404,23.4135
2004,2,4,1,20,0.0246914,0.0640685,23.4135
2004,2,4,1,25,0.037037,0.0722879,23.4135
2004,2,4,1,30,0.0246914,0.0711332,23.4135
2004,2,4,1,35,0.037037,0.0661361,23.4135
2004,2,4,1,40,0.0987654,0.114545,23.4135
2004,2,4,1,50,0.0864197,0.0919816,23.4135
2004,2,4,1,60,0.135802,0.0772136,23.4135
2004,2,4,1,70,0.111111,0.0691181,23.4135
2004,2,4,1,80,0.111111,0.0614469,23.4135
2004,2,4,1,90,0.037037,0.0514253,23.4135
2004,2,4,1,100,0.0617284,0.0682383,23.4135
2004,2,4,1,120,0.0123457,0.0333691,23.4135
2004,2,4,1,140,0.0123457,0.0168643,23.4135
2004,2,4,1,160,0.037037,0.0163843,23.4135
2004,2,4,1,200,1e-09,0.00697562,23.4135
2004,2,4,1,250,1e-09,0.00162495,23.4135
2004,5,5,1,2,1e-09,0.0013838,255.5
2004,5,5,1,3,0.00493535,0.00171575,255.5
2004,5,5,1,4,0.00384546,0.00160175,255.5
2004,5,5,1,5,0.0035867,0.0017965,255.5
2004,5,5,1,6,0.0060835,0.0027655,255.5
2004,5,5,1,7,0.00363039,0.00453176,255.5
2004,5,5,1,8,0.00964107,0.00681943,255.5
2004,5,5,1,9,0.00747585,0.00933957,255.5
2004,5,5,1,10,0.0113067,0.0116888,255.5
2004,5,5,1,11,0.013071,0.0136539,255.5
2004,5,5,1,12,0.0308656,0.0309649,255.5
2004,5,5,1,14,0.036836,0.0323158,255.5
2004,5,5,1,16,0.0353999,0.030941,255.5
2004,5,5,1,18,0.0291014,0.0286466,255.5
2004,5,5,1,20,0.0741861,0.0629676,255.5
2004,5,5,1,25,0.0768543,0.0569871,255.5
2004,5,5,1,30,0.0603825,0.0547475,255.5
2004,5,5,1,35,0.0502676,0.0522653,255.5
2004,5,5,1,40,0.0828572,0.0941339,255.5
2004,5,5,1,50,0.0741637,0.0786994,255.5
2004,5,5,1,60,0.073719,0.0664425,255.5
2004,5,5,1,70,0.0502599,0.0591549,255.5
2004,5,5,1,80,0.0447633,0.0542649,255.5
2004,5,5,1,90,0.0401416,0.0487555,255.5
2004,5,5,1,100,0.0672234,0.0751781,255.5
2004,5,5,1,120,0.0426966,0.0467297,255.5
2004,5,5,1,140,0.0252302,0.0281503,255.5
2004,5,5,1,160,0.0206376,0.0241452,255.5
2004,5,5,1,200,0.0126005,0.0107279,255.5
2004,5,5,1,250,0.00823756,0.00848495,255.5
2004,5,4,1,2,1e-09,0.000931863,64.4595
2004,5,4,1,3,1e-09,0.00106874,64.4595
2004,5,4,1,4,1e-09,0.000956549,64.4595
2004,5,4,1,5,1e-09,0.00105186,64.4595
2004,5,4,1,6,1e-09,0.0016126,64.4595
2004,5,4,1,7,1e-09,0.00265991,64.4595
2004,5,4,1,8,1e-09,0.00405971,64.4595
2004,5,4,1,9,0.00896861,0.00567448,64.4595
2004,5,4,1,10,0.00448431,0.00728093,64.4595
2004,5,4,1,11,0.00448431,0.00875562,64.4595
2004,5,4,1,12,0.00896861,0.0208829,64.4595
2004,5,4,1,14,0.0269058,0.0234526,64.4595
2004,5,4,1,16,0.0269058,0.0243592,64.4595
2004,5,4,1,18,0.044843,0.0245656,64.4595
2004,5,4,1,20,0.0941704,0.062956,64.4595
2004,5,4,1,25,0.0493274,0.0663731,64.4595
2004,5,4,1,30,0.0807175,0.0662721,64.4595
2004,5,4,1,35,0.0627803,0.0633348,64.4595
2004,5,4,1,40,0.147982,0.114071,64.4595
2004,5,4,1,50,0.0896861,0.0953675,64.4595
2004,5,4,1,60,0.0762332,0.0804871,64.4595
2004,5,4,1,70,0.0717489,0.0705725,64.4595
2004,5,4,1,80,0.058296,0.0614318,64.4595
2004,5,4,1,90,0.0224215,0.0507856,64.4595
2004,5,4,1,100,0.058296,0.0669731,64.4595
2004,5,4,1,120,0.0224215,0.032771,64.4595
2004,5,4,1,140,0.00448431,0.0166304,64.4595
2004,5,4,1,160,0.0179372,0.0161655,64.4595
2004,5,4,1,200,0.00896861,0.00688266,64.4595
2004,5,4,1,250,0.00896861,0.00161334,64.4595
2004,8,5,1,2,1e-09,0.000904233,255.5
2004,8,5,1,3,0.00179648,0.00247538,255.5
2004,8,5,1,4,0.00339587,0.00407625,255.5
2004,8,5,1,5,0.00578928,0.00492428,255.5
2004,8,5,1,6,0.00657761,0.00512267,255.5
2004,8,5,1,7,0.00614935,0.00523082,255.5
2004,8,5,1,8,0.00776579,0.00573457,255.5
2004,8,5,1,9,0.00595227,0.00683723,255.5
2004,8,5,1,10,0.00614367,0.00843728,255.5
2004,8,5,1,11,0.00733185,0.0103493,255.5
2004,8,5,1,12,0.0206501,0.0263059,255.5
2004,8,5,1,14,0.0228237,0.0317327,255.5
2004,8,5,1,16,0.0287418,0.0337848,255.5
2004,8,5,1,18,0.0302617,0.0328988,255.5
2004,8,5,1,20,0.0731896,0.0701951,255.5
2004,8,5,1,25,0.0606313,0.0566782,255.5
2004,8,5,1,30,0.0510861,0.0514575,255.5
2004,8,5,1,35,0.0464964,0.0491816,255.5
2004,8,5,1,40,0.0871978,0.0914942,255.5
2004,8,5,1,50,0.0869552,0.0797257,255.5
2004,8,5,1,60,0.0914995,0.0685425,255.5
2004,8,5,1,70,0.065443,0.0605722,255.5
2004,8,5,1,80,0.0492821,0.054636,255.5
2004,8,5,1,90,0.0477055,0.0484282,255.5
2004,8,5,1,100,0.0674195,0.0739433,255.5
2004,8,5,1,120,0.0463373,0.0458202,255.5
2004,8,5,1,140,0.0270061,0.0276817,255.5
2004,8,5,1,160,0.0248666,0.0238005,255.5
2004,8,5,1,200,0.0136158,0.010588,255.5
2004,8,5,1,250,0.00788901,0.00844086,255.5
2004,8,4,1,2,1e-09,0.00060358,44.5146
2004,8,4,1,3,1e-09,0.00153616,44.5146
2004,8,4,1,4,1e-09,0.00243149,44.5146
2004,8,4,1,5,1e-09,0.00288272,44.5146
2004,8,4,1,6,1e-09,0.00298613,44.5146
2004,8,4,1,7,1e-09,0.00306916,44.5146
2004,8,4,1,8,1e-09,0.0034132,44.5146
2004,8,4,1,9,1e-09,0.00415357,44.5146
2004,8,4,1,10,1e-09,0.00525418,44.5146
2004,8,4,1,11,0.00649351,0.00663333,44.5146
2004,8,4,1,12,0.00649351,0.0177375,44.5146
2004,8,4,1,14,0.025974,0.0230134,44.5146
2004,8,4,1,16,0.012987,0.0265674,44.5146
2004,8,4,1,18,0.025974,0.0281782,44.5146
2004,8,4,1,20,0.051948,0.0700529,44.5146
2004,8,4,1,25,0.051948,0.0659865,44.5146
2004,8,4,1,30,0.0454545,0.0622724,44.5146
2004,8,4,1,35,0.051948,0.05958,44.5146
2004,8,4,1,40,0.11039,0.110839,44.5146
2004,8,4,1,50,0.0974026,0.096582,44.5146
2004,8,4,1,60,0.0844156,0.0830065,44.5146
2004,8,4,1,70,0.0779221,0.0722593,44.5146
2004,8,4,1,80,0.0584416,0.0618668,44.5146
2004,8,4,1,90,0.038961,0.0504526,44.5146
2004,8,4,1,100,0.136364,0.0658606,44.5146
2004,8,4,1,120,0.051948,0.0321135,44.5146
2004,8,4,1,140,1e-09,0.0163479,44.5146
2004,8,4,1,160,0.025974,0.0159301,44.5146
2004,8,4,1,200,0.0194805,0.00678936,44.5146
2004,8,4,1,250,0.0194805,0.00160073,44.5146
2004,11,5,1,2,1e-09,0.000286956,255.5
2004,11,5,1,3,0.000256688,0.00125214,255.5
2004,11,5,1,4,0.00212992,0.00317616,255.5
2004,11,5,1,5,0.00335327,0.00562358,255.5
2004,11,5,1,6,0.00811832,0.00787166,255.5
2004,11,5,1,7,0.0095301,0.00941952,255.5
2004,11,5,1,8,0.01089,0.0101791,255.5
2004,11,5,1,9,0.0105568,0.0104458,255.5
2004,11,5,1,10,0.0135251,0.0105625,255.5
2004,11,5,1,11,0.0121051,0.0108162,255.5
2004,11,5,1,12,0.0208488,0.023404,255.5
2004,11,5,1,14,0.0234157,0.0269023,255.5
2004,11,5,1,16,0.0261873,0.0301472,255.5
2004,11,5,1,18,0.0257422,0.0316527,255.5
2004,11,5,1,20,0.0580626,0.0738307,255.5
2004,11,5,1,25,0.053486,0.0601133,255.5
2004,11,5,1,30,0.0462906,0.0511637,255.5
2004,11,5,1,35,0.0469924,0.0468751,255.5
2004,11,5,1,40,0.0805991,0.0873058,255.5
2004,11,5,1,50,0.0788023,0.0787071,255.5
2004,11,5,1,60,0.079608,0.0693633,255.5
2004,11,5,1,70,0.060952,0.0615132,255.5
2004,11,5,1,80,0.0515503,0.0549508,255.5
2004,11,5,1,90,0.0495814,0.0481381,255.5
2004,11,5,1,100,0.082967,0.0726374,255.5
2004,11,5,1,120,0.0534999,0.0446885,255.5
2004,11,5,1,140,0.0301934,0.0270025,255.5
2004,11,5,1,160,0.0321103,0.0232742,255.5
2004,11,5,1,200,0.0202345,0.0103706,255.5
2004,11,5,1,250,0.00841058,0.0083259,255.5
2004,11,4,1,2,1e-09,0.00019122,39.3116
2004,11,4,1,3,1e-09,0.00077752,39.3116
2004,11,4,1,4,1e-09,0.00189788,39.3116
2004,11,4,1,5,0.0147059,0.00329998,39.3116
2004,11,4,1,6,0.0147059,0.00460072,39.3116
2004,11,4,1,7,0.00735294,0.00554136,39.3116
2004,11,4,1,8,0.0147059,0.0060745,39.3116
2004,11,4,1,9,1e-09,0.00636393,39.3116
2004,11,4,1,10,1e-09,0.00659899,39.3116
2004,11,4,1,11,0.0147059,0.00695685,39.3116
2004,11,4,1,12,0.00735294,0.0158264,39.3116
2004,11,4,1,14,0.00735294,0.0195673,39.3116
2004,11,4,1,16,0.0147059,0.0237649,39.3116
2004,11,4,1,18,0.00735294,0.027162,39.3116
2004,11,4,1,20,0.0808823,0.0738846,39.3116
2004,11,4,1,25,0.0661765,0.0701341,39.3116
2004,11,4,1,30,0.139706,0.0620794,39.3116
2004,11,4,1,35,0.0588235,0.0569353,39.3116
2004,11,4,1,40,0.125,0.106043,39.3116
2004,11,4,1,50,0.132353,0.0955989,39.3116
2004,11,4,1,60,0.0808823,0.0842216,39.3116
2004,11,4,1,70,0.0514706,0.0735878,39.3116
2004,11,4,1,80,0.0367647,0.0624221,39.3116
2004,11,4,1,90,0.0514706,0.0503172,39.3116
2004,11,4,1,100,0.0294118,0.0649008,39.3116
2004,11,4,1,120,0.0294118,0.0313979,39.3116
2004,11,4,1,140,1e-09,0.0159883,39.3116
2004,11,4,1,160,0.0147059,0.0156196,39.3116
2004,11,4,1,200,1e-09,0.00666618,39.3116
2004,11,4,1,250,1e-09,0.00157963,39.3116
2005,2,5,1,2,1e-09,6.96798e-05,255.5
2005,2,5,1,3,0.000753274,0.000408816,255.5
2005,2,5,1,4,0.00174507,0.00138085,255.5
2005,2,5,1,5,0.00399118,0.0032045,255.5
2005,2,5,1,6,0.0109749,0.00576671,255.5
2005,2,5,1,7,0.015208,0.00865693,255.5
2005,2,5,1,8,0.0194548,0.0113027,255.5
2005,2,5,1,9,0.0199662,0.0133877,255.5
2005,2,5,1,10,0.0194617,0.0147056,255.5
2005,2,5,1,11,0.0175922,0.0153493,255.5
2005,2,5,1,12,0.0307892,0.0308824,255.5
2005,2,5,1,14,0.0314147,0.0301219,255.5
2005,2,5,1,16,0.0304263,0.0295902,255.5
2005,2,5,1,18,0.0325446,0.0294165,255.5
2005,2,5,1,20,0.0594568,0.0702323,255.5
2005,2,5,1,25,0.0471237,0.0612017,255.5
2005,2,5,1,30,0.0407826,0.0524669,255.5
2005,2,5,1,35,0.0381393,0.0464297,255.5
2005,2,5,1,40,0.0718241,0.0837397,255.5
2005,2,5,1,50,0.0730441,0.0762666,255.5
2005,2,5,1,60,0.0652968,0.068872,255.5
2005,2,5,1,70,0.0628259,0.0617479,255.5
2005,2,5,1,80,0.0554621,0.055026,255.5
2005,2,5,1,90,0.0487341,0.0478272,255.5
2005,2,5,1,100,0.0712716,0.0713728,255.5
2005,2,5,1,120,0.0538346,0.043483,255.5
2005,2,5,1,140,0.0280387,0.0262073,255.5
2005,2,5,1,160,0.0301672,0.0226451,255.5
2005,2,5,1,200,0.0132004,0.0101146,255.5
2005,2,5,1,250,0.00647581,0.00812348,255.5
2005,5,5,1,2,1e-09,0.00150156,255.5
2005,5,5,1,3,0.00115816,0.00186549,255.5
2005,5,5,1,4,0.00344173,0.00175599,255.5
2005,5,5,1,5,0.00312018,0.00200141,255.5
2005,5,5,1,6,0.00215555,0.00311501,255.5
2005,5,5,1,7,0.00350724,0.00512451,255.5
2005,5,5,1,8,0.00376327,0.00772346,255.5
2005,5,5,1,9,0.0112303,0.0105905,255.5
2005,5,5,1,10,0.0141242,0.0132723,255.5
2005,5,5,1,11,0.0148298,0.0155296,255.5
2005,5,5,1,12,0.041658,0.035333,255.5
2005,5,5,1,14,0.0366711,0.0370587,255.5
2005,5,5,1,16,0.0393745,0.0356335,255.5
2005,5,5,1,18,0.0344828,0.0329957,255.5
2005,5,5,1,20,0.0714337,0.071039,255.5
2005,5,5,1,25,0.063264,0.059935,255.5
2005,5,5,1,30,0.0512001,0.0526583,255.5
2005,5,5,1,35,0.0424201,0.0467865,255.5
2005,5,5,1,40,0.0751284,0.0822106,255.5
2005,5,5,1,50,0.0724221,0.0738515,255.5
2005,5,5,1,60,0.0722315,0.0676641,255.5
2005,5,5,1,70,0.0656726,0.0614887,255.5
2005,5,5,1,80,0.0489135,0.0549742,255.5
2005,5,5,1,90,0.0450878,0.0476218,255.5
2005,5,5,1,100,0.0669558,0.0704836,255.5
2005,5,5,1,120,0.0407142,0.0425006,255.5
2005,5,5,1,140,0.0260839,0.0254693,255.5
2005,5,5,1,160,0.0270188,0.0220048,255.5
2005,5,5,1,200,0.0137014,0.00984845,255.5
2005,5,5,1,250,0.00823515,0.00796297,255.5
2005,5,4,1,2,1e-09,0.00101762,31.5071
2005,5,4,1,3,0.00917431,0.00116941,31.5071
2005,5,4,1,4,1e-09,0.00105533,31.5071
2005,5,4,1,5,1e-09,0.00117931,31.5071
2005,5,4,1,6,1e-09,0.00182801,31.5071
2005,5,4,1,7,1e-09,0.00302704,31.5071
2005,5,4,1,8,0.0183486,0.00462727,31.5071
2005,5,4,1,9,0.00917431,0.00647563,31.5071
2005,5,4,1,10,0.00917431,0.00832007,31.5071
2005,5,4,1,11,0.0366972,0.010022,31.5071
2005,5,4,1,12,0.0183486,0.0239812,31.5071
2005,5,4,1,14,0.0183486,0.0270664,31.5071
2005,5,4,1,16,0.0183486,0.0282316,31.5071
2005,5,4,1,18,0.0642202,0.0284733,31.5071
2005,5,4,1,20,0.100917,0.071422,31.5071
2005,5,4,1,25,0.0642202,0.0702161,31.5071
2005,5,4,1,30,0.0642202,0.064149,31.5071
2005,5,4,1,35,0.0642202,0.0570579,31.5071
2005,5,4,1,40,0.12844,0.100259,31.5071
2005,5,4,1,50,0.0825688,0.0900647,31.5071
2005,5,4,1,60,0.0733945,0.0824908,31.5071
2005,5,4,1,70,0.0183486,0.0738648,31.5071
2005,5,4,1,80,0.00917431,0.0627521,31.5071
2005,5,4,1,90,0.0458716,0.0500552,31.5071
2005,5,4,1,100,0.0825688,0.0633534,31.5071
2005,5,4,1,120,0.0366972,0.0299998,31.5071
2005,5,4,1,140,0.00917431,0.0151418,31.5071
2005,5,4,1,160,0.0183486,0.0148301,31.5071
2005,5,4,1,200,1e-09,0.00635456,31.5071
2005,5,4,1,250,1e-09,0.00151466,31.5071
2005,8,5,1,2,1e-09,0.000968085,255.5
2005,8,5,1,3,0.00137859,0.00265099,255.5
2005,8,5,1,4,0.000759456,0.00436923,255.5
2005,8,5,1,5,0.00199773,0.0052901,255.5
2005,8,5,1,6,0.00351664,0.00553081,255.5
2005,8,5,1,7,0.00251777,0.00569677,255.5
2005,8,5,1,8,0.00270764,0.00631029,255.5
2005,8,5,1,9,0.00408623,0.00758967,255.5
2005,8,5,1,10,0.00817246,0.00941825,255.5
2005,8,5,1,11,0.00698373,0.0115919,255.5
2005,8,5,1,12,0.0259289,0.0295587,255.5
2005,8,5,1,14,0.0325741,0.0357737,255.5
2005,8,5,1,16,0.0358184,0.0382069,255.5
2005,8,5,1,18,0.0501739,0.0372942,255.5
2005,8,5,1,20,0.0789508,0.0793078,255.5
2005,8,5,1,25,0.0609383,0.0619444,255.5
2005,8,5,1,30,0.052997,0.0526306,255.5
2005,8,5,1,35,0.0493895,0.0467984,255.5
2005,8,5,1,40,0.0729327,0.0818213,255.5
2005,8,5,1,50,0.0670881,0.0722932,255.5
2005,8,5,1,60,0.0619039,0.0663224,255.5
2005,8,5,1,70,0.0627708,0.0608896,255.5
2005,8,5,1,80,0.0583131,0.0547725,255.5
2005,8,5,1,90,0.0410189,0.0474711,255.5
2005,8,5,1,100,0.0778279,0.0699527,255.5
2005,8,5,1,120,0.056753,0.0418147,255.5
2005,8,5,1,140,0.03477,0.0248697,255.5
2005,8,5,1,160,0.0271176,0.0214336,255.5
2005,8,5,1,200,0.0144875,0.00960988,255.5
2005,8,5,1,250,0.00612519,0.00781879,255.5
2005,8,4,1,2,1e-09,0.000649056,31.218
2005,8,4,1,3,1e-09,0.00165241,31.218
2005,8,4,1,4,1e-09,0.00261776,31.218
2005,8,4,1,5,1e-09,0.00311055,31.218
2005,8,4,1,6,1e-09,0.0032383,31.218
2005,8,4,1,7,1e-09,0.00335734,31.218
2005,8,4,1,8,1e-09,0.00377246,31.218
2005,8,4,1,9,1e-09,0.00463102,31.218
2005,8,4,1,10,1e-09,0.00589094,31.218
2005,8,4,1,11,0.0185185,0.00746257,31.218
2005,8,4,1,12,0.0185185,0.0200192,31.218
2005,8,4,1,14,0.0555556,0.0260589,31.218
2005,8,4,1,16,0.0185185,0.0301775,31.218
2005,8,4,1,18,0.0185185,0.0320831,31.218
2005,8,4,1,20,0.0740741,0.0794734,31.218
2005,8,4,1,25,0.0555556,0.0724093,31.218
2005,8,4,1,30,0.0462963,0.0639719,31.218
2005,8,4,1,35,0.037037,0.0569435,31.218
2005,8,4,1,40,0.157407,0.0995588,31.218
2005,8,4,1,50,0.12963,0.0879651,31.218
2005,8,4,1,60,0.111111,0.0806722,31.218
2005,8,4,1,70,0.12037,0.0729766,31.218
2005,8,4,1,80,0.0462963,0.0623903,31.218
2005,8,4,1,90,0.00925926,0.0498125,31.218
2005,8,4,1,100,0.0277778,0.0628023,31.218
2005,8,4,1,120,0.0185185,0.0294713,31.218
2005,8,4,1,140,0.0185185,0.0147528,31.218
2005,8,4,1,160,1e-09,0.0144129,31.218
2005,8,4,1,200,0.0185185,0.00618565,31.218
2005,8,4,1,250,1e-09,0.00148065,31.218
2005,11,5,1,2,1e-09,0.000304656,255.5
2005,11,5,1,3,0.000375802,0.00132954,255.5
2005,11,5,1,4,0.00410757,0.00337332,255.5
2005,11,5,1,5,0.00882834,0.00597568,255.5
2005,11,5,1,6,0.0128238,0.00837262,255.5
2005,11,5,1,7,0.0120161,0.0100368,255.5
2005,11,5,1,8,0.0143139,0.0108783,255.5
2005,11,5,1,9,0.0102063,0.0112146,255.5
2005,11,5,1,10,0.0102886,0.0114087,255.5
2005,11,5,1,11,0.00879853,0.0117651,255.5
2005,11,5,1,12,0.0207287,0.0257126,255.5
2005,11,5,1,14,0.0284559,0.0298342,255.5
2005,11,5,1,16,0.0373762,0.0336169,255.5
2005,11,5,1,18,0.0376696,0.0354109,255.5
2005,11,5,1,20,0.0785998,0.0827232,255.5
2005,11,5,1,25,0.0583721,0.0665621,255.5
2005,11,5,1,30,0.0421661,0.054496,255.5
2005,11,5,1,35,0.0374191,0.0470718,255.5
2005,11,5,1,40,0.0744326,0.0812402,255.5
2005,11,5,1,50,0.0645329,0.0709994,255.5
2005,11,5,1,60,0.054706,0.06479,255.5
2005,11,5,1,70,0.0560839,0.0597217,255.5
2005,11,5,1,80,0.0494973,0.0540156,255.5
2005,11,5,1,90,0.0445987,0.0469392,255.5
2005,11,5,1,100,0.0826144,0.0691165,255.5
2005,11,5,1,120,0.0558597,0.0410826,255.5
2005,11,5,1,140,0.0365255,0.0242429,255.5
2005,11,5,1,160,0.0314457,0.0207923,255.5
2005,11,5,1,200,0.0173859,0.00933312,255.5
2005,11,5,1,250,0.00977085,0.00763934,255.5
2005,11,4,1,2,1e-09,0.000203551,21.9683
2005,11,4,1,3,1e-09,0.000827757,21.9683
2005,11,4,1,4,1e-09,0.00202102,21.9683
2005,11,4,1,5,1e-09,0.00351585,21.9683
2005,11,4,1,6,1e-09,0.00490643,21.9683
2005,11,4,1,7,1e-09,0.00592007,21.9683
2005,11,4,1,8,1e-09,0.0065089,21.9683
2005,11,4,1,9,0.0131579,0.00685029,21.9683
2005,11,4,1,10,0.0263158,0.00714637,21.9683
2005,11,4,1,11,0.0263158,0.00758698,21.9683
2005,11,4,1,12,0.0263158,0.0174336,21.9683
2005,11,4,1,14,0.0394737,0.0217571,21.9683
2005,11,4,1,16,0.0263158,0.0265699,21.9683
2005,11,4,1,18,0.0789474,0.0304671,21.9683
2005,11,4,1,20,0.105263,0.0829967,21.9683
2005,11,4,1,25,0.0263158,0.0778469,21.9683
2005,11,4,1,30,0.0263158,0.0662958,21.9683
2005,11,4,1,35,0.0526316,0.0573251,21.9683
2005,11,4,1,40,0.105263,0.0989362,21.9683
2005,11,4,1,50,0.105263,0.0864647,21.9683
2005,11,4,1,60,0.0526316,0.0788754,21.9683
2005,11,4,1,70,0.0789474,0.0716332,21.9683
2005,11,4,1,80,0.0789474,0.0615813,21.9683
2005,11,4,1,90,0.0263158,0.0493143,21.9683
2005,11,4,1,100,0.0657895,0.0621637,21.9683
2005,11,4,1,120,0.0131579,0.0290078,21.9683
2005,11,4,1,140,0.0263158,0.0143945,21.9683
2005,11,4,1,160,1e-09,0.0139931,21.9683
2005,11,4,1,200,1e-09,0.00601162,21.9683
2005,11,4,1,250,1e-09,0.00144495,21.9683
2006,2,5,1,2,1e-09,7.35661e-05,255.5
2006,2,5,1,3,0.00219171,0.000431306,255.5
2006,2,5,1,4,0.00541128,0.001457,255.5
2006,2,5,1,5,0.00938671,0.00338193,255.5
2006,2,5,1,6,0.0212759,0.00608815,255.5
2006,2,5,1,7,0.0304878,0.00914465,255.5
2006,2,5,1,8,0.034873,0.0119499,255.5
2006,2,5,1,9,0.027097,0.0141732,255.5
2006,2,5,1,10,0.0286723,0.0155982,255.5
2006,2,5,1,11,0.016753,0.0163248,255.5
2006,2,5,1,12,0.0273389,0.0330315,255.5
2006,2,5,1,14,0.0310388,0.0325297,255.5
2006,2,5,1,16,0.0318265,0.0322803,255.5
2006,2,5,1,18,0.0380961,0.0323507,255.5
2006,2,5,1,20,0.0788643,0.0778098,255.5
2006,2,5,1,25,0.0791716,0.0677345,255.5
2006,2,5,1,30,0.0581022,0.0569778,255.5
2006,2,5,1,35,0.045805,0.0484758,255.5
2006,2,5,1,40,0.0643047,0.0813469,255.5
2006,2,5,1,50,0.0562196,0.0698481,255.5
2006,2,5,1,60,0.0565269,0.0632969,255.5
2006,2,5,1,70,0.0435091,0.0583079,255.5
2006,2,5,1,80,0.0399787,0.0528803,255.5
2006,2,5,1,90,0.0341224,0.0460754,255.5
2006,2,5,1,100,0.0549145,0.0679491,255.5
2006,2,5,1,120,0.0298715,0.0402991,255.5
2006,2,5,1,140,0.0182931,0.0236224,255.5
2006,2,5,1,160,0.0190825,0.0201307,255.5
2006,2,5,1,200,0.0103793,0.00903599,255.5
2006,2,5,1,250,0.00640558,0.00739423,255.5
2006,5,5,1,2,1e-09,0.00183117,255.5
2006,5,5,1,3,0.00637359,0.00225905,255.5
2006,5,5,1,4,0.0069084,0.00206507,255.5
2006,5,5,1,5,0.00331665,0.00222056,255.5
2006,5,5,1,6,0.00304155,0.00332051,255.5
2006,5,5,1,7,0.00415736,0.00539405,255.5
2006,5,5,1,8,0.00551748,0.00810746,255.5
2006,5,5,1,9,0.0124875,0.0111147,255.5
2006,5,5,1,10,0.0158041,0.0139373,255.5
2006,5,5,1,11,0.0197172,0.0163241,255.5
2006,5,5,1,12,0.0360099,0.0372261,255.5
2006,5,5,1,14,0.0361926,0.0392196,255.5
2006,5,5,1,16,0.0321123,0.0379543,255.5
2006,5,5,1,18,0.0342515,0.0354172,255.5
2006,5,5,1,20,0.0823352,0.0772186,255.5
2006,5,5,1,25,0.0886626,0.0657565,255.5
2006,5,5,1,30,0.0654923,0.0574341,255.5
2006,5,5,1,35,0.0588128,0.0498908,255.5
2006,5,5,1,40,0.0796129,0.0828261,255.5
2006,5,5,1,50,0.0569928,0.0694022,255.5
2006,5,5,1,60,0.0581548,0.0621761,255.5
2006,5,5,1,70,0.0535088,0.0570756,255.5
2006,5,5,1,80,0.0485261,0.0517671,255.5
2006,5,5,1,90,0.0405481,0.0451699,255.5
2006,5,5,1,100,0.0587512,0.0667599,255.5
2006,5,5,1,120,0.0330741,0.039612,255.5
2006,5,5,1,140,0.0226509,0.0230966,255.5
2006,5,5,1,160,0.0210157,0.0195058,255.5
2006,5,5,1,200,0.0107291,0.00873209,255.5
2006,5,5,1,250,0.00524238,0.00718566,255.5
2006,5,4,1,2,1e-09,0.00124096,21.1011
2006,5,4,1,3,1e-09,0.00141613,21.1011
2006,5,4,1,4,1e-09,0.00124114,21.1011
2006,5,4,1,5,1e-09,0.00130843,21.1011
2006,5,4,1,6,1e-09,0.00194849,21.1011
2006,5,4,1,7,0.0136986,0.00318608,21.1011
2006,5,4,1,8,1e-09,0.00485706,21.1011
2006,5,4,1,9,1e-09,0.00679579,21.1011
2006,5,4,1,10,0.0136986,0.00873647,21.1011
2006,5,4,1,11,1e-09,0.0105342,21.1011
2006,5,4,1,12,0.0136986,0.025265,21.1011
2006,5,4,1,14,0.0273973,0.0286432,21.1011
2006,5,4,1,16,1e-09,0.0300683,21.1011
2006,5,4,1,18,0.0547945,0.0305601,21.1011
2006,5,4,1,20,0.109589,0.0776427,21.1011
2006,5,4,1,25,0.0684931,0.0770289,21.1011
2006,5,4,1,30,0.0547945,0.0699625,21.1011
2006,5,4,1,35,0.0821918,0.0608403,21.1011
2006,5,4,1,40,0.109589,0.101004,21.1011
2006,5,4,1,50,0.0547945,0.0846339,21.1011
2006,5,4,1,60,0.109589,0.0757955,21.1011
2006,5,4,1,70,0.0958904,0.0685458,21.1011
2006,5,4,1,80,0.0410959,0.0590891,21.1011
2006,5,4,1,90,0.0410959,0.0475296,21.1011
2006,5,4,1,100,0.0273973,0.0601987,21.1011
2006,5,4,1,120,0.0136986,0.0280621,21.1011
2006,5,4,1,140,0.0136986,0.0137349,21.1011
2006,5,4,1,160,0.0273973,0.0131404,21.1011
2006,5,4,1,200,0.0273973,0.00563089,21.1011
2006,5,4,1,250,1e-09,0.0013594,21.1011
2006,8,5,1,2,1e-09,0.00116709,255.5
2006,8,5,1,3,1e-09,0.00319281,255.5
2006,8,5,1,4,0.00190625,0.00524759,255.5
2006,8,5,1,5,0.00507384,0.00630792,255.5
2006,8,5,1,6,0.00316758,0.00649,255.5
2006,8,5,1,7,0.00642291,0.00650081,255.5
2006,8,5,1,8,0.0046044,0.00696532,255.5
2006,8,5,1,9,0.00698009,0.00815005,255.5
2006,8,5,1,10,0.0095905,0.00995051,255.5
2006,8,5,1,11,0.00856388,0.0121489,255.5
2006,8,5,1,12,0.0221424,0.0308586,255.5
2006,8,5,1,14,0.0361618,0.0373565,255.5
2006,8,5,1,16,0.040503,0.04001,255.5
2006,8,5,1,18,0.0322023,0.0392233,255.5
2006,8,5,1,20,0.0731747,0.0842461,255.5
2006,8,5,1,25,0.0547856,0.0667445,255.5
2006,8,5,1,30,0.053906,0.0569813,255.5
2006,8,5,1,35,0.0608575,0.0501848,255.5
2006,8,5,1,40,0.109867,0.0843745,255.5
2006,8,5,1,50,0.0865799,0.0697812,255.5
2006,8,5,1,60,0.0627353,0.0615226,255.5
2006,8,5,1,70,0.0517957,0.0560755,255.5
2006,8,5,1,80,0.0463402,0.0507504,255.5
2006,8,5,1,90,0.040005,0.0442794,255.5
2006,8,5,1,100,0.0679561,0.0655472,255.5
2006,8,5,1,120,0.0425277,0.0389659,255.5
2006,8,5,1,140,0.0274816,0.0226426,255.5
2006,8,5,1,160,0.024314,0.0189324,255.5
2006,8,5,1,200,0.00950275,0.00843169,255.5
2006,8,5,1,250,0.0108518,0.00697044,255.5
2006,8,4,1,2,1e-09,0.000782464,26.3041
2006,8,4,1,3,1e-09,0.0019901,26.3041
2006,8,4,1,4,1e-09,0.00314396,26.3041
2006,8,4,1,5,1e-09,0.00370895,26.3041
2006,8,4,1,6,1e-09,0.0037998,26.3041
2006,8,4,1,7,1e-09,0.00383106,26.3041
2006,8,4,1,8,0.010989,0.00416397,26.3041
2006,8,4,1,9,1e-09,0.00497296,26.3041
2006,8,4,1,10,0.010989,0.0062239,26.3041
2006,8,4,1,11,1e-09,0.00782119,26.3041
2006,8,4,1,12,0.043956,0.0208992,26.3041
2006,8,4,1,14,1e-09,0.0272115,26.3041
2006,8,4,1,16,0.032967,0.0316012,26.3041
2006,8,4,1,18,0.010989,0.0337419,26.3041
2006,8,4,1,20,0.0769231,0.0844365,26.3041
2006,8,4,1,25,0.032967,0.0780196,26.3041
2006,8,4,1,30,0.032967,0.069258,26.3041
2006,8,4,1,35,0.0989011,0.0610624,26.3041
2006,8,4,1,40,0.131868,0.102663,26.3041
2006,8,4,1,50,0.10989,0.0849063,26.3041
2006,8,4,1,60,0.0879121,0.0748317,26.3041
2006,8,4,1,70,0.0879121,0.067194,26.3041
2006,8,4,1,80,0.0549451,0.0577965,26.3041
2006,8,4,1,90,0.0549451,0.0464883,26.3041
2006,8,4,1,100,0.0769231,0.0589914,26.3041
2006,8,4,1,120,0.032967,0.0275645,26.3041
2006,8,4,1,140,0.010989,0.0134362,26.3041
2006,8,4,1,160,1e-09,0.0127213,26.3041
2006,8,4,1,200,1e-09,0.0054248,26.3041
2006,8,4,1,250,1e-09,0.00131327,26.3041
2006,8,13,2,2,1e-09,0.000296492,52.141
2006,8,13,2,3,0.000883001,0.00108135,52.141
2006,8,13,2,4,0.00264901,0.00221962,52.141
2006,8,13,2,5,0.00441501,0.00318589,52.141
2006,8,13,2,6,0.00132451,0.00377218,52.141
2006,8,13,2,7,0.00397351,0.00420612,52.141
2006,8,13,2,8,0.00309051,0.00488165,52.141
2006,8,13,2,9,0.00397351,0.00612096,52.141
2006,8,13,2,10,0.00397351,0.0079784,52.141
2006,8,13,2,11,0.00397351,0.0103868,52.141
2006,8,13,2,12,0.012362,0.0288677,52.141
2006,8,13,2,14,0.0357616,0.0385239,52.141
2006,8,13,2,16,0.0216336,0.0445913,52.141
2006,8,13,2,18,0.0286976,0.0463388,52.141
2006,8,13,2,20,0.0719647,0.105488,52.141
2006,8,13,2,25,0.0935982,0.0828668,52.141
2006,8,13,2,30,0.0512141,0.0681128,52.141
2006,8,13,2,35,0.0401766,0.0580943,52.141
2006,8,13,2,40,0.0635762,0.0931793,52.141
2006,8,13,2,50,0.0587196,0.0718131,52.141
2006,8,13,2,60,0.0763797,0.0589635,52.141
2006,8,13,2,70,0.0728477,0.0503683,52.141
2006,8,13,2,80,0.0587196,0.0431462,52.141
2006,8,13,2,90,0.0644592,0.0360299,52.141
2006,8,13,2,100,0.0816777,0.0503787,52.141
2006,8,13,2,120,0.0459161,0.0277416,52.141
2006,8,13,2,140,0.0300221,0.0159468,52.141
2006,8,13,2,160,0.0326711,0.0188584,52.141
2006,8,13,2,200,0.0189845,0.0116971,52.141
2006,8,13,2,250,0.012362,0.00486385,52.141
2006,11,5,1,2,1e-09,0.000361389,255.5
2006,11,5,1,3,0.00144518,0.00157655,255.5
2006,11,5,1,4,0.00342902,0.003997,255.5
2006,11,5,1,5,0.0106418,0.00706969,255.5
2006,11,5,1,6,0.0244148,0.00987644,255.5
2006,11,5,1,7,0.0259038,0.0117762,255.5
2006,11,5,1,8,0.029416,0.0126503,255.5
2006,11,5,1,9,0.0199523,0.0128638,255.5
2006,11,5,1,10,0.0162254,0.0128531,255.5
2006,11,5,1,11,0.0140708,0.012984,255.5
2006,11,5,1,12,0.0345617,0.0275904,255.5
2006,11,5,1,14,0.0503361,0.0312729,255.5
2006,11,5,1,16,0.0481551,0.0349077,255.5
2006,11,5,1,18,0.0435306,0.0367023,255.5
2006,11,5,1,20,0.0685716,0.0861007,255.5
2006,11,5,1,25,0.0404738,0.0700594,255.5
2006,11,5,1,30,0.0381747,0.0579263,255.5
2006,11,5,1,35,0.041376,0.0500648,255.5
2006,11,5,1,40,0.0796471,0.0844643,255.5
2006,11,5,1,50,0.0618494,0.0698924,255.5
2006,11,5,1,60,0.0474808,0.060824,255.5
2006,11,5,1,70,0.0439817,0.0548682,255.5
2006,11,5,1,80,0.0434868,0.049423,255.5
2006,11,5,1,90,0.0380302,0.0430508,255.5
2006,11,5,1,100,0.0671178,0.0637578,255.5
2006,11,5,1,120,0.0424796,0.0379919,255.5
2006,11,5,1,140,0.026425,0.0220492,255.5
2006,11,5,1,160,0.0221463,0.0182638,255.5
2006,11,5,1,200,0.00945062,0.00807808,255.5
2006,11,5,1,250,0.00722592,0.00670342,255.5
2006,11,4,1,2,1e-09,0.000241836,41.335
2006,11,4,1,3,1e-09,0.000983086,41.335
2006,11,4,1,4,1e-09,0.00239844,41.335
2006,11,4,1,5,0.00699301,0.00416606,41.335
2006,11,4,1,6,1e-09,0.00579678,41.335
2006,11,4,1,7,1e-09,0.00695698,41.335
2006,11,4,1,8,1e-09,0.00758104,41.335
2006,11,4,1,9,1e-09,0.00787017,41.335
2006,11,4,1,10,0.013986,0.0080642,41.335
2006,11,4,1,11,0.013986,0.00838694,41.335
2006,11,4,1,12,0.041958,0.0187362,41.335
2006,11,4,1,14,0.013986,0.0228434,41.335
2006,11,4,1,16,0.00699301,0.0276352,41.335
2006,11,4,1,18,0.013986,0.0316293,41.335
2006,11,4,1,20,0.0559441,0.0865348,41.335
2006,11,4,1,25,0.0699301,0.0820705,41.335
2006,11,4,1,30,0.0699301,0.0705794,41.335
2006,11,4,1,35,0.0699301,0.0610659,41.335
2006,11,4,1,40,0.0769231,0.103024,41.335
2006,11,4,1,50,0.0979021,0.0852502,41.335
2006,11,4,1,60,0.048951,0.0741638,41.335
2006,11,4,1,70,0.0629371,0.0659102,41.335
2006,11,4,1,80,0.0839161,0.0564225,41.335
2006,11,4,1,90,0.041958,0.0453089,41.335
2006,11,4,1,100,0.132867,0.0575333,41.335
2006,11,4,1,120,0.034965,0.0269584,41.335
2006,11,4,1,140,0.027972,0.013117,41.335
2006,11,4,1,160,1e-09,0.0122973,41.335
2006,11,4,1,200,0.00699301,0.00521011,41.335
2006,11,4,1,250,0.00699301,0.00126388,41.335
2006,11,13,2,2,1e-09,9.17162e-05,16.9022
2006,11,13,2,3,0.00273973,0.000531079,16.9022
2006,11,13,2,4,1e-09,0.00167919,16.9022
2006,11,13,2,5,1e-09,0.0035529,16.9022
2006,11,13,2,6,0.0136986,0.00576025,16.9022
2006,11,13,2,7,0.0164384,0.00778593,16.9022
2006,11,13,2,8,0.0164384,0.00927089,16.9022
2006,11,13,2,9,1e-09,0.0102673,16.9022
2006,11,13,2,10,0.0136986,0.010974,16.9022
2006,11,13,2,11,0.0109589,0.0117034,16.9022
2006,11,13,2,12,0.0136986,0.0265583,16.9022
2006,11,13,2,14,0.0109589,0.032447,16.9022
2006,11,13,2,16,0.0136986,0.0387613,16.9022
2006,11,13,2,18,0.0219178,0.0431566,16.9022
2006,11,13,2,20,0.0739726,0.108094,16.9022
2006,11,13,2,25,0.0876712,0.0879499,16.9022
2006,11,13,2,30,0.060274,0.0698394,16.9022
2006,11,13,2,35,0.0575342,0.0580753,16.9022
2006,11,13,2,40,0.0657534,0.0931467,16.9022
2006,11,13,2,50,0.0383562,0.0719034,16.9022
2006,11,13,2,60,0.0712329,0.0581999,16.9022
2006,11,13,2,70,0.0575342,0.0490481,16.9022
2006,11,13,2,80,0.090411,0.041711,16.9022
2006,11,13,2,90,0.0575342,0.0347243,16.9022
2006,11,13,2,100,0.0931507,0.0485468,16.9022
2006,11,13,2,120,0.0328767,0.0268228,16.9022
2006,11,13,2,140,0.030137,0.0154264,16.9022
2006,11,13,2,160,0.030137,0.0181101,16.9022
2006,11,13,2,200,0.0136986,0.0111885,16.9022
2006,11,13,2,250,0.00547945,0.0046738,16.9022
2007,2,5,1,2,1e-09,8.57111e-05,255.5
2007,2,5,1,3,0.00116931,0.00050421,255.5
2007,2,5,1,4,0.0035072,0.00170265,255.5
2007,2,5,1,5,0.00818299,0.00394967,255.5
2007,2,5,1,6,0.0274715,0.00710291,255.5
2007,2,5,1,7,0.034896,0.0106512,255.5
2007,2,5,1,8,0.0404455,0.0138832,255.5
2007,2,5,1,9,0.0346018,0.0164023,255.5
2007,2,5,1,10,0.0268325,0.0179519,255.5
2007,2,5,1,11,0.0194073,0.0186435,255.5
2007,2,5,1,12,0.0357719,0.0371236,255.5
2007,2,5,1,14,0.0408012,0.0356009,255.5
2007,2,5,1,16,0.0454176,0.0344035,255.5
2007,2,5,1,18,0.0499774,0.0338242,255.5
2007,2,5,1,20,0.0854566,0.0802457,255.5
2007,2,5,1,25,0.0540084,0.069856,255.5
2007,2,5,1,30,0.0371143,0.0592138,255.5
2007,2,5,1,35,0.0356523,0.0506434,255.5
2007,2,5,1,40,0.068911,0.0841889,255.5
2007,2,5,1,50,0.0656921,0.069433,255.5
2007,2,5,1,60,0.0503208,0.0600163,255.5
2007,2,5,1,70,0.0391581,0.0535958,255.5
2007,2,5,1,80,0.0387487,0.0479444,255.5
2007,2,5,1,90,0.0324958,0.0416214,255.5
2007,2,5,1,100,0.0471643,0.0615808,255.5
2007,2,5,1,120,0.0304498,0.0367749,255.5
2007,2,5,1,140,0.0160718,0.021366,255.5
2007,2,5,1,160,0.0182344,0.0175791,255.5
2007,2,5,1,200,0.00777293,0.00772038,255.5
2007,2,5,1,250,0.00426645,0.00639053,255.5
2007,5,5,1,2,1e-09,0.000762003,255.5
2007,5,5,1,3,0.00275618,0.00101227,255.5
2007,5,5,1,4,0.00520016,0.00120541,255.5
2007,5,5,1,5,0.00387589,0.00192206,255.5
2007,5,5,1,6,0.0039728,0.0035508,255.5
2007,5,5,1,7,0.00398354,0.00612673,255.5
2007,5,5,1,8,0.0076334,0.00933232,255.5
2007,5,5,1,9,0.0105187,0.0128192,255.5
2007,5,5,1,10,0.0163111,0.0160543,255.5
2007,5,5,1,11,0.0129734,0.0187532,255.5
2007,5,5,1,12,0.0392435,0.0424976,255.5
2007,5,5,1,14,0.0483195,0.0442339,255.5
2007,5,5,1,16,0.0473614,0.0420845,255.5
2007,5,5,1,18,0.0406539,0.0384975,255.5
2007,5,5,1,20,0.0989968,0.0813932,255.5
2007,5,5,1,25,0.0722532,0.0677031,255.5
2007,5,5,1,30,0.0586122,0.0589591,255.5
2007,5,5,1,35,0.0440667,0.0513883,255.5
2007,5,5,1,40,0.0761181,0.0851449,255.5
2007,5,5,1,50,0.0737817,0.0694769,255.5
2007,5,5,1,60,0.0681614,0.0596766,255.5
2007,5,5,1,70,0.0570938,0.0528737,255.5
2007,5,5,1,80,0.0446586,0.046949,255.5
2007,5,5,1,90,0.0340323,0.0405597,255.5
2007,5,5,1,100,0.0541545,0.0598477,255.5
2007,5,5,1,120,0.0314484,0.0357753,255.5
2007,5,5,1,140,0.0169355,0.0208151,255.5
2007,5,5,1,160,0.0180874,0.0170197,255.5
2007,5,5,1,200,0.00572766,0.00741205,255.5
2007,5,5,1,250,0.00306839,0.0061539,255.5
2007,5,4,1,2,1e-09,0.000517344,34.6867
2007,5,4,1,3,1e-09,0.000635475,34.6867
2007,5,4,1,4,1e-09,0.000725381,34.6867
2007,5,4,1,5,1e-09,0.00113464,34.6867
2007,5,4,1,6,1e-09,0.00208801,34.6867
2007,5,4,1,7,0.00833333,0.00362644,34.6867
2007,5,4,1,8,0.0166667,0.00560257,34.6867
2007,5,4,1,9,0.025,0.00785435,34.6867
2007,5,4,1,10,1e-09,0.0100846,34.6867
2007,5,4,1,11,1e-09,0.0121271,34.6867
2007,5,4,1,12,0.025,0.0289026,34.6867
2007,5,4,1,14,0.0333333,0.032373,34.6867
2007,5,4,1,16,0.025,0.0334122,34.6867
2007,5,4,1,18,0.025,0.0332927,34.6867
2007,5,4,1,20,0.05,0.0819866,34.6867
2007,5,4,1,25,0.0583333,0.0794785,34.6867
2007,5,4,1,30,0.0916667,0.0719708,34.6867
2007,5,4,1,35,0.0166667,0.0627976,34.6867
2007,5,4,1,40,0.133333,0.104049,34.6867
2007,5,4,1,50,0.108333,0.0849022,34.6867
2007,5,4,1,60,0.075,0.0729014,34.6867
2007,5,4,1,70,0.108333,0.063642,34.6867
2007,5,4,1,80,0.05,0.0537088,34.6867
2007,5,4,1,90,0.0416667,0.0427735,34.6867
2007,5,4,1,100,0.0583333,0.0541253,34.6867
2007,5,4,1,120,0.0333333,0.0254565,34.6867
2007,5,4,1,140,0.0166667,0.0124068,34.6867
2007,5,4,1,160,1e-09,0.0114725,34.6867
2007,5,4,1,200,1e-09,0.00479067,34.6867
2007,5,4,1,250,1e-09,0.00116165,34.6867
2007,8,5,1,2,1e-09,0.000483938,255.5
2007,8,5,1,3,1e-09,0.00133859,255.5
2007,8,5,1,4,0.00030652,0.00226862,255.5
2007,8,5,1,5,0.000430516,0.00294121,255.5
2007,8,5,1,6,0.00202858,0.00352196,255.5
2007,8,5,1,7,0.000430516,0.00441169,255.5
2007,8,5,1,8,0.00104355,0.00589263,255.5
2007,8,5,1,9,0.0023351,0.00806183,255.5
2007,8,5,1,10,0.00528324,0.0107094,255.5
2007,8,5,1,11,0.00694679,0.0136152,255.5
2007,8,5,1,12,0.024591,0.0353203,255.5
2007,8,5,1,14,0.047446,0.0429061,255.5
2007,8,5,1,16,0.0400102,0.0456659,255.5
2007,8,5,1,18,0.0517442,0.0442919,255.5
2007,8,5,1,20,0.0918338,0.0928256,255.5
2007,8,5,1,25,0.0754227,0.0709746,255.5
2007,8,5,1,30,0.061412,0.059371,255.5
2007,8,5,1,35,0.0437678,0.0519685,255.5
2007,8,5,1,40,0.0820699,0.0871527,255.5
2007,8,5,1,50,0.0700879,0.0708772,255.5
2007,8,5,1,60,0.0643741,0.0603621,255.5
2007,8,5,1,70,0.0586603,0.0530848,255.5
2007,8,5,1,80,0.0488239,0.0468132,255.5
2007,8,5,1,90,0.0446428,0.0402241,255.5
2007,8,5,1,100,0.0656726,0.0591028,255.5
2007,8,5,1,120,0.0455693,0.0353045,255.5
2007,8,5,1,140,0.0239849,0.0205642,255.5
2007,8,5,1,160,0.0260135,0.0167253,255.5
2007,8,5,1,200,0.00904085,0.0072176,255.5
2007,8,5,1,250,0.00602723,0.00600269,255.5
2007,11,5,1,2,1e-09,0.000153791,255.5
2007,11,5,1,3,0.000375937,0.000673796,255.5
2007,11,5,1,4,0.000751872,0.0017235,255.5
2007,11,5,1,5,0.00498184,0.00310245,255.5
2007,11,5,1,6,0.010153,0.00447902,255.5
2007,11,5,1,7,0.0132594,0.005657,255.5
2007,11,5,1,8,0.0105304,0.00664688,255.5
2007,11,5,1,9,0.00564043,0.00766041,255.5
2007,11,5,1,10,0.00648698,0.00885655,255.5
2007,11,5,1,11,0.00705228,0.0103699,255.5
2007,11,5,1,12,0.0211554,0.0262807,255.5
2007,11,5,1,14,0.0376117,0.033968,255.5
2007,11,5,1,16,0.0513431,0.0399613,255.5
2007,11,5,1,18,0.0534998,0.0426678,255.5
2007,11,5,1,20,0.0981638,0.0995965,255.5
2007,11,5,1,25,0.0723022,0.0789668,255.5
2007,11,5,1,30,0.062713,0.0634819,255.5
2007,11,5,1,35,0.045782,0.0538561,255.5
2007,11,5,1,40,0.0716324,0.0898139,255.5
2007,11,5,1,50,0.0537671,0.0732639,255.5
2007,11,5,1,60,0.0539565,0.0620262,255.5
2007,11,5,1,70,0.050761,0.0541141,255.5
2007,11,5,1,80,0.0507583,0.0473952,255.5
2007,11,5,1,90,0.0436155,0.0405037,255.5
2007,11,5,1,100,0.0654239,0.059216,255.5
2007,11,5,1,120,0.0418277,0.0352927,255.5
2007,11,5,1,140,0.0272595,0.020568,255.5
2007,11,5,1,160,0.0245319,0.016655,255.5
2007,11,5,1,200,0.00977572,0.00712206,255.5
2007,11,5,1,250,0.00488716,0.00592687,255.5
2007,11,4,1,2,1e-09,0.000100795,22.5464
2007,11,4,1,3,1e-09,0.000411505,22.5464
2007,11,4,1,4,1e-09,0.0010129,22.5464
2007,11,4,1,5,1e-09,0.00179059,22.5464
2007,11,4,1,6,1e-09,0.0025748,22.5464
2007,11,4,1,7,1e-09,0.00327326,22.5464
2007,11,4,1,8,1e-09,0.00390137,22.5464
2007,11,4,1,9,0.025641,0.0045897,22.5464
2007,11,4,1,10,1e-09,0.00544045,22.5464
2007,11,4,1,11,0.0128205,0.00655678,22.5464
2007,11,4,1,12,0.0128205,0.0174807,22.5464
2007,11,4,1,14,0.0384615,0.0242963,22.5464
2007,11,4,1,16,0.0641026,0.0309785,22.5464
2007,11,4,1,18,0.025641,0.0360095,22.5464
2007,11,4,1,20,0.0897436,0.0980121,22.5464
2007,11,4,1,25,0.0769231,0.0905918,22.5464
2007,11,4,1,30,0.0769231,0.0757575,22.5464
2007,11,4,1,35,0.051282,0.0643388,22.5464
2007,11,4,1,40,0.0897436,0.107296,22.5464
2007,11,4,1,50,0.102564,0.0875242,22.5464
2007,11,4,1,60,0.0641026,0.0740745,22.5464
2007,11,4,1,70,0.0128205,0.0636855,22.5464
2007,11,4,1,80,0.0641026,0.0530247,22.5464
2007,11,4,1,90,0.025641,0.0417776,22.5464
2007,11,4,1,100,0.051282,0.0523878,22.5464
2007,11,4,1,120,0.0641026,0.0245676,22.5464
2007,11,4,1,140,0.025641,0.0119852,22.5464
2007,11,4,1,160,0.025641,0.0109675,22.5464
2007,11,4,1,200,1e-09,0.00450225,22.5464
2007,11,4,1,250,1e-09,0.00109043,22.5464
2007,11,13,2,2,1e-09,3.94709e-05,3.31671
2007,11,13,2,3,1e-09,0.000229412,3.31671
2007,11,13,2,4,1e-09,0.00073101,3.31671
2007,11,13,2,5,1e-09,0.00157062,3.31671
2007,11,13,2,6,1e-09,0.00262086,3.31671
2007,11,13,2,7,0.0410959,0.00372763,3.31671
2007,11,13,2,8,0.0136987,0.00481208,3.31671
2007,11,13,2,9,1e-09,0.00598415,3.31671
2007,11,13,2,10,1e-09,0.00735731,3.31671
2007,11,13,2,11,1e-09,0.00909379,3.31671
2007,11,13,2,12,1e-09,0.0248573,3.31671
2007,11,13,2,14,0.0547945,0.0350677,3.31671
2007,11,13,2,16,0.0547945,0.0444803,3.31671
2007,11,13,2,18,0.0821917,0.0504428,3.31671
2007,11,13,2,20,0.0684932,0.125736,3.31671
2007,11,13,2,25,0.0821917,0.0992755,3.31671
2007,11,13,2,30,1e-09,0.0760027,3.31671
2007,11,13,2,35,0.0273972,0.0614401,3.31671
2007,11,13,2,40,0.0273972,0.0963747,3.31671
2007,11,13,2,50,0.0821917,0.0727034,3.31671
2007,11,13,2,60,0.0821917,0.0568795,3.31671
2007,11,13,2,70,0.0136987,0.0459823,3.31671
2007,11,13,2,80,0.0958904,0.0376693,3.31671
2007,11,13,2,90,0.0136987,0.0305141,3.31671
2007,11,13,2,100,0.0684932,0.0417897,3.31671
2007,11,13,2,120,0.0547945,0.0229901,3.31671
2007,11,13,2,140,0.0547945,0.0132746,3.31671
2007,11,13,2,160,0.0410959,0.0152884,3.31671
2007,11,13,2,200,0.0410959,0.00920054,3.31671
2007,11,13,2,250,1e-09,0.00386444,3.31671
2008,2,5,1,2,1e-09,3.83016e-05,255.5
2008,2,5,1,3,0.00111253,0.000224282,255.5
2008,2,5,1,4,0.00222506,0.000760725,255.5
2008,2,5,1,5,0.00283523,0.00177777,255.5
2008,2,5,1,6,0.0132792,0.00323572,255.5
2008,2,5,1,7,0.0243923,0.00494555,255.5
2008,2,5,1,8,0.0227652,0.00663409,255.5
2008,2,5,1,9,0.0217948,0.00817632,255.5
2008,2,5,1,10,0.0159577,0.00947918,255.5
2008,2,5,1,11,0.0119855,0.0106188,255.5
2008,2,5,1,12,0.0213292,0.0243856,255.5
2008,2,5,1,14,0.0255293,0.0286744,255.5
2008,2,5,1,16,0.0303739,0.0329983,255.5
2008,2,5,1,18,0.0370025,0.0363682,255.5
2008,2,5,1,20,0.106197,0.0937749,255.5
2008,2,5,1,25,0.0820328,0.0833394,255.5
2008,2,5,1,30,0.0621028,0.0694414,255.5
2008,2,5,1,35,0.0534893,0.0580829,255.5
2008,2,5,1,40,0.0796433,0.0943855,255.5
2008,2,5,1,50,0.0590053,0.0763296,255.5
2008,2,5,1,60,0.0587897,0.0644341,255.5
2008,2,5,1,70,0.0480345,0.0558361,255.5
2008,2,5,1,80,0.0426752,0.0485611,255.5
2008,2,5,1,90,0.0396122,0.0412694,255.5
2008,2,5,1,100,0.0544596,0.0600127,255.5
2008,2,5,1,120,0.0334271,0.0356516,255.5
2008,2,5,1,140,0.0183885,0.02078,255.5
2008,2,5,1,160,0.0192854,0.0167794,255.5
2008,2,5,1,200,0.00842234,0.00711763,255.5
2008,2,5,1,250,0.00385218,0.00588741,255.5
2008,2,4,1,2,1e-09,2.47762e-05,37.8663
2008,2,4,1,3,1e-09,0.000135286,37.8663
2008,2,4,1,4,1e-09,0.000441863,37.8663
2008,2,4,1,5,0.00763359,0.00101448,37.8663
2008,2,4,1,6,1e-09,0.00183945,37.8663
2008,2,4,1,7,1e-09,0.00282988,37.8663
2008,2,4,1,8,0.00763359,0.00385036,37.8663
2008,2,4,1,9,1e-09,0.00484375,37.8663
2008,2,4,1,10,0.00763359,0.00575791,37.8663
2008,2,4,1,11,1e-09,0.00664057,37.8663
2008,2,4,1,12,1e-09,0.0160399,37.8663
2008,2,4,1,14,0.00763359,0.0202915,37.8663
2008,2,4,1,16,0.0305344,0.0253097,37.8663
2008,2,4,1,18,0.00763359,0.0303572,37.8663
2008,2,4,1,20,0.0610687,0.0914032,37.8663
2008,2,4,1,25,0.0305344,0.0945401,37.8663
2008,2,4,1,30,0.0305344,0.0819472,37.8663
2008,2,4,1,35,0.0458015,0.0686183,37.8663
2008,2,4,1,40,0.0763359,0.111506,37.8663
2008,2,4,1,50,0.0763359,0.0901747,37.8663
2008,2,4,1,60,0.0839695,0.0760963,37.8663
2008,2,4,1,70,0.0992366,0.0649881,37.8663
2008,2,4,1,80,0.114504,0.0537378,37.8663
2008,2,4,1,90,0.0458015,0.0421088,37.8663
2008,2,4,1,100,0.152672,0.0525285,37.8663
2008,2,4,1,120,0.0763359,0.0245523,37.8663
2008,2,4,1,140,0.0305344,0.0119744,37.8663
2008,2,4,1,160,0.00763359,0.010924,37.8663
2008,2,4,1,200,1e-09,0.00445108,37.8663
2008,2,4,1,250,1e-09,0.0010729,37.8663
2008,2,13,2,2,1e-09,9.64196e-06,52.141
2008,2,13,2,3,0.000537634,7.47725e-05,52.141
2008,2,13,2,4,0.000537634,0.000315704,52.141
2008,2,13,2,5,0.000537634,0.000881071,52.141
2008,2,13,2,6,0.00107527,0.00185859,52.141
2008,2,13,2,7,1e-09,0.00321879,52.141
2008,2,13,2,8,1e-09,0.00479184,52.141
2008,2,13,2,9,0.00698925,0.00645388,52.141
2008,2,13,2,10,0.00322581,0.00805006,52.141
2008,2,13,2,11,0.0204301,0.00958643,52.141
2008,2,13,2,12,0.00913978,0.0236845,52.141
2008,2,13,2,14,0.0403226,0.0299835,52.141
2008,2,13,2,16,0.0424731,0.0366661,52.141
2008,2,13,2,18,0.0408602,0.04255,52.141
2008,2,13,2,20,0.116667,0.11702,52.141
2008,2,13,2,25,0.0908602,0.104519,52.141
2008,2,13,2,30,0.0806452,0.0838689,52.141
2008,2,13,2,35,0.0731183,0.0670329,52.141
2008,2,13,2,40,0.083871,0.10185,52.141
2008,2,13,2,50,0.0822581,0.0757179,52.141
2008,2,13,2,60,0.0655914,0.0589852,52.141
2008,2,13,2,70,0.0451613,0.0472893,52.141
2008,2,13,2,80,0.0408602,0.0383906,52.141
2008,2,13,2,90,0.0349462,0.030869,52.141
2008,2,13,2,100,0.0462366,0.0419698,52.141
2008,2,13,2,120,0.0225806,0.0229716,52.141
2008,2,13,2,140,0.0102151,0.0132508,52.141
2008,2,13,2,160,0.0236559,0.0152225,52.141
2008,2,13,2,200,0.011828,0.00910469,52.141
2008,2,13,2,250,0.00537634,0.00381311,52.141
2008,5,5,1,2,1e-09,0.00161008,255.5
2008,5,5,1,3,0.000302992,0.00195313,255.5
2008,5,5,1,4,0.000331328,0.00165733,255.5
2008,5,5,1,5,0.00126864,0.0014982,255.5
2008,5,5,1,6,0.00063432,0.00194072,255.5
2008,5,5,1,7,0.00184628,0.00301279,255.5
2008,5,5,1,8,0.00278358,0.00452098,255.5
2008,5,5,1,9,0.00438355,0.00628005,255.5
2008,5,5,1,10,0.00670284,0.00804215,255.5
2008,5,5,1,11,0.00694916,0.00969454,255.5
2008,5,5,1,12,0.0184432,0.0234732,255.5
2008,5,5,1,14,0.0211984,0.0274611,255.5
2008,5,5,1,16,0.0246926,0.0302436,255.5
2008,5,5,1,18,0.0262075,0.0321812,255.5
2008,5,5,1,20,0.0806586,0.0834865,255.5
2008,5,5,1,25,0.0961961,0.0803247,255.5
2008,5,5,1,30,0.0834334,0.0722627,255.5
2008,5,5,1,35,0.073777,0.0625406,255.5
2008,5,5,1,40,0.109604,0.101143,255.5
2008,5,5,1,50,0.0917754,0.0802914,255.5
2008,5,5,1,60,0.0639963,0.0672994,255.5
2008,5,5,1,70,0.0589305,0.0579997,255.5
2008,5,5,1,80,0.0478811,0.0501207,255.5
2008,5,5,1,90,0.0397287,0.0423556,255.5
2008,5,5,1,100,0.0588171,0.0612485,255.5
2008,5,5,1,120,0.0311883,0.0362398,255.5
2008,5,5,1,140,0.0177434,0.0210987,255.5
2008,5,5,1,160,0.0161718,0.0169745,255.5
2008,5,5,1,200,0.00911804,0.00714046,255.5
2008,5,5,1,250,0.00523584,0.00590438,255.5
2008,5,4,1,2,1e-09,0.0010484,63.8814
2008,5,4,1,3,1e-09,0.00117652,63.8814
2008,5,4,1,4,1e-09,0.000957282,63.8814
2008,5,4,1,5,1e-09,0.00084828,63.8814
2008,5,4,1,6,1e-09,0.00109416,63.8814
2008,5,4,1,7,1e-09,0.00170975,63.8814
2008,5,4,1,8,0.00904977,0.00260224,63.8814
2008,5,4,1,9,1e-09,0.00368918,63.8814
2008,5,4,1,10,1e-09,0.00484335,63.8814
2008,5,4,1,11,0.00452489,0.00601032,63.8814
2008,5,4,1,12,0.00452489,0.0153094,63.8814
2008,5,4,1,14,0.00904977,0.0192699,63.8814
2008,5,4,1,16,0.00904977,0.0230119,63.8814
2008,5,4,1,18,0.00452489,0.0266571,63.8814
2008,5,4,1,20,0.040724,0.0807985,63.8814
2008,5,4,1,25,0.0633484,0.090404,63.8814
2008,5,4,1,30,0.0316742,0.0845723,63.8814
2008,5,4,1,35,0.0588235,0.0732751,63.8814
2008,5,4,1,40,0.126697,0.118503,63.8814
2008,5,4,1,50,0.0950226,0.0940726,63.8814
2008,5,4,1,60,0.0859728,0.0788248,63.8814
2008,5,4,1,70,0.108597,0.0669546,63.8814
2008,5,4,1,80,0.117647,0.0550189,63.8814
2008,5,4,1,90,0.0678733,0.0428764,63.8814
2008,5,4,1,100,0.113122,0.0531978,63.8814
2008,5,4,1,120,0.0226244,0.0247635,63.8814
2008,5,4,1,140,0.00904977,0.012058,63.8814
2008,5,4,1,160,0.0180995,0.0109569,63.8814
2008,5,4,1,200,1e-09,0.00442995,63.8814
2008,5,4,1,250,1e-09,0.00106565,63.8814
2008,5,13,2,2,1e-09,0.000433337,52.141
2008,5,13,2,3,1e-09,0.000706929,52.141
2008,5,13,2,4,0.000528262,0.00074404,52.141
2008,5,13,2,5,0.000528262,0.000776738,52.141
2008,5,13,2,6,0.000528262,0.00111887,52.141
2008,5,13,2,7,0.00158479,0.00193365,52.141
2008,5,13,2,8,0.00211305,0.00321139,52.141
2008,5,13,2,9,0.00105652,0.00488849,52.141
2008,5,13,2,10,0.00475436,0.00677215,52.141
2008,5,13,2,11,0.00739567,0.00874173,52.141
2008,5,13,2,12,0.0142631,0.023042,52.141
2008,5,13,2,14,0.0301109,0.0292958,52.141
2008,5,13,2,16,0.0116218,0.0342719,52.141
2008,5,13,2,18,0.0396196,0.0381178,52.141
2008,5,13,2,20,0.0771262,0.104113,52.141
2008,5,13,2,25,0.0776545,0.10013,52.141
2008,5,13,2,30,0.0660327,0.0873496,52.141
2008,5,13,2,35,0.0486001,0.0728821,52.141
2008,5,13,2,40,0.0903328,0.11067,52.141
2008,5,13,2,50,0.0808241,0.0804012,52.141
2008,5,13,2,60,0.0845219,0.0619726,52.141
2008,5,13,2,70,0.0559958,0.0493369,52.141
2008,5,13,2,80,0.0612784,0.0397297,52.141
2008,5,13,2,90,0.0517697,0.0317078,52.141
2008,5,13,2,100,0.0713154,0.0427814,52.141
2008,5,13,2,120,0.042261,0.0232715,52.141
2008,5,13,2,140,0.0279979,0.0133858,52.141
2008,5,13,2,160,0.0264131,0.0153143,52.141
2008,5,13,2,200,0.0137348,0.00909444,52.141
2008,5,13,2,250,0.010037,0.00380458,52.141
2008,8,5,1,2,1e-09,0.00106196,255.5
2008,8,5,1,3,0.000118273,0.00289825,255.5
2008,8,5,1,4,0.000265672,0.00473121,255.5
2008,8,5,1,5,0.000502213,0.00558694,255.5
2008,8,5,1,6,0.00153577,0.00551777,255.5
2008,8,5,1,7,0.00271672,0.00512068,255.5
2008,8,5,1,8,0.00312979,0.00496091,255.5
2008,8,5,1,9,0.00587564,0.00529913,255.5
2008,8,5,1,10,0.00682005,0.00613089,255.5
2008,8,5,1,11,0.00729314,0.00733612,255.5
2008,8,5,1,12,0.0202562,0.0188197,255.5
2008,8,5,1,14,0.0263393,0.0238736,255.5
2008,8,5,1,16,0.0234169,0.0275031,255.5
2008,8,5,1,18,0.0189297,0.0295274,255.5
2008,8,5,1,20,0.0538252,0.0755627,255.5
2008,8,5,1,25,0.0630928,0.0737111,255.5
2008,8,5,1,30,0.074551,0.0700899,255.5
2008,8,5,1,35,0.0710973,0.0640321,255.5
2008,8,5,1,40,0.118161,0.107184,255.5
2008,8,5,1,50,0.0893155,0.0848552,255.5
2008,8,5,1,60,0.0709772,0.0702804,255.5
2008,8,5,1,70,0.0604669,0.060126,255.5
2008,8,5,1,80,0.0506371,0.0516476,255.5
2008,8,5,1,90,0.0485956,0.0434141,255.5
2008,8,5,1,100,0.0726604,0.0624257,255.5
2008,8,5,1,120,0.0479186,0.0367709,255.5
2008,8,5,1,140,0.0278133,0.0213656,255.5
2008,8,5,1,160,0.0213754,0.0171217,255.5
2008,8,5,1,200,0.00779535,0.00714448,255.5
2008,8,5,1,250,0.00451816,0.00590096,255.5
2008,8,4,1,2,1e-09,0.000684435,26.8822
2008,8,4,1,3,1e-09,0.00173663,26.8822
2008,8,4,1,4,1e-09,0.00272496,26.8822
2008,8,4,1,5,1e-09,0.00315797,26.8822
2008,8,4,1,6,0.0107527,0.00310556,26.8822
2008,8,4,1,7,1e-09,0.00290091,26.8822
2008,8,4,1,8,0.0107527,0.00285102,26.8822
2008,8,4,1,9,1e-09,0.00310857,26.8822
2008,8,4,1,10,1e-09,0.00368682,26.8822
2008,8,4,1,11,0.0107527,0.00454045,26.8822
2008,8,4,1,12,0.0107527,0.0122541,26.8822
2008,8,4,1,14,0.0107527,0.0167195,26.8822
2008,8,4,1,16,0.0430108,0.0208829,26.8822
2008,8,4,1,18,0.0215054,0.0244124,26.8822
2008,8,4,1,20,0.0537634,0.073013,26.8822
2008,8,4,1,25,0.0430108,0.082858,26.8822
2008,8,4,1,30,0.0645161,0.0818931,26.8822
2008,8,4,1,35,0.0537634,0.0748964,26.8822
2008,8,4,1,40,0.0860215,0.12537,26.8822
2008,8,4,1,50,0.0860215,0.0992526,26.8822
2008,8,4,1,60,0.0860215,0.082178,26.8822
2008,8,4,1,70,0.0860215,0.0692971,26.8822
2008,8,4,1,80,0.107527,0.0566126,26.8822
2008,8,4,1,90,0.0752688,0.0438914,26.8822
2008,8,4,1,100,0.0430108,0.0541638,26.8822
2008,8,4,1,120,0.0430108,0.0250985,26.8822
2008,8,4,1,140,0.0215054,0.0121903,26.8822
2008,8,4,1,160,0.0322581,0.0110305,26.8822
2008,8,4,1,200,1e-09,0.00442649,26.8822
2008,8,4,1,250,1e-09,0.00106204,26.8822
2008,8,13,2,2,1e-09,0.000287009,33.572
2008,8,13,2,3,1e-09,0.00104453,33.572
2008,8,13,2,4,1e-09,0.00213109,33.572
2008,8,13,2,5,0.00143062,0.00301059,33.572
2008,8,13,2,6,1e-09,0.00343513,33.572
2008,8,13,2,7,0.00143062,0.0035669,33.572
2008,8,13,2,8,1e-09,0.00374853,33.572
2008,8,13,2,9,0.00143062,0.00426817,33.572
2008,8,13,2,10,1e-09,0.00522895,33.572
2008,8,13,2,11,0.00143062,0.00662365,33.572
2008,8,13,2,12,0.00858369,0.0184462,33.572
2008,8,13,2,14,0.0200286,0.0255726,33.572
2008,8,13,2,16,0.0329042,0.0315508,33.572
2008,8,13,2,18,0.0157368,0.0355902,33.572
2008,8,13,2,20,0.0529328,0.0956639,33.572
2008,8,13,2,25,0.0600858,0.0923484,33.572
2008,8,13,2,30,0.101574,0.0848966,33.572
2008,8,13,2,35,0.0815451,0.0751157,33.572
2008,8,13,2,40,0.121602,0.119119,33.572
2008,8,13,2,50,0.0886981,0.0866289,33.572
2008,8,13,2,60,0.0672389,0.0657796,33.572
2008,8,13,2,70,0.0729614,0.0518567,33.572
2008,8,13,2,80,0.0629471,0.0414416,33.572
2008,8,13,2,90,0.0400572,0.0328463,33.572
2008,8,13,2,100,0.0543634,0.0439825,33.572
2008,8,13,2,120,0.0400572,0.0237645,33.572
2008,8,13,2,140,0.0286123,0.0136136,33.572
2008,8,13,2,160,0.018598,0.0154942,33.572
2008,8,13,2,200,0.0157368,0.00913207,33.572
2008,8,13,2,250,0.0100143,0.00381205,33.572
2008,11,5,1,2,1e-09,0.000337353,255.5
2008,11,5,1,3,0.000972803,0.00147032,255.5
2008,11,5,1,4,0.00146031,0.00372052,255.5
2008,11,5,1,5,0.00354552,0.00655535,255.5
2008,11,5,1,6,0.00719852,0.00909036,255.5
2008,11,5,1,7,0.00862227,0.0106925,255.5
2008,11,5,1,8,0.00744117,0.0112248,255.5
2008,11,5,1,9,0.00552991,0.0110066,255.5
2008,11,5,1,10,0.00591216,0.0104634,255.5
2008,11,5,1,11,0.0087641,0.00995545,255.5
2008,11,5,1,12,0.0216665,0.0194459,255.5
2008,11,5,1,14,0.0298012,0.0206986,255.5
2008,11,5,1,16,0.0294943,0.0230908,255.5
2008,11,5,1,18,0.0259422,0.0252507,255.5
2008,11,5,1,20,0.0445551,0.0666968,255.5
2008,11,5,1,25,0.0516461,0.0662206,255.5
2008,11,5,1,30,0.0646239,0.0645958,255.5
2008,11,5,1,35,0.0648643,0.0615104,255.5
2008,11,5,1,40,0.11394,0.108492,255.5
2008,11,5,1,50,0.0923809,0.0881692,255.5
2008,11,5,1,60,0.0667479,0.0726205,255.5
2008,11,5,1,70,0.0598928,0.0615442,255.5
2008,11,5,1,80,0.0524128,0.0524949,255.5
2008,11,5,1,90,0.0465395,0.0438926,255.5
2008,11,5,1,100,0.0673384,0.062768,255.5
2008,11,5,1,120,0.047684,0.0367999,255.5
2008,11,5,1,140,0.0267798,0.0213262,255.5
2008,11,5,1,160,0.0277548,0.0170146,255.5
2008,11,5,1,200,0.0108194,0.00704407,255.5
2008,11,5,1,250,0.00566952,0.00580759,255.5
2008,11,4,1,2,1e-09,0.000218368,16.7652
2008,11,4,1,3,1e-09,0.000886864,16.7652
2008,11,4,1,4,1e-09,0.00215952,16.7652
2008,11,4,1,5,1e-09,0.00373662,16.7652
2008,11,4,1,6,1e-09,0.00516088,16.7652
2008,11,4,1,7,0.0172414,0.00611011,16.7652
2008,11,4,1,8,1e-09,0.00650679,16.7652
2008,11,4,1,9,1e-09,0.00651389,16.7652
2008,11,4,1,10,1e-09,0.00635097,16.7652
2008,11,4,1,11,1e-09,0.00622198,16.7652
2008,11,4,1,12,1e-09,0.0127736,16.7652
2008,11,4,1,14,1e-09,0.0146283,16.7652
2008,11,4,1,16,0.0517241,0.0176867,16.7652
2008,11,4,1,18,0.0172414,0.0210518,16.7652
2008,11,4,1,20,0.0517241,0.0650144,16.7652
2008,11,4,1,25,0.0344828,0.0750965,16.7652
2008,11,4,1,30,0.0689655,0.0761317,16.7652
2008,11,4,1,35,0.0172414,0.0725723,16.7652
2008,11,4,1,40,0.155172,0.128003,16.7652
2008,11,4,1,50,0.0689655,0.104025,16.7652
2008,11,4,1,60,0.0344828,0.0856528,16.7652
2008,11,4,1,70,0.103448,0.0715533,16.7652
2008,11,4,1,80,0.12069,0.0580543,16.7652
2008,11,4,1,90,0.0344828,0.0447789,16.7652
2008,11,4,1,100,0.103448,0.0549726,16.7652
2008,11,4,1,120,0.0689655,0.0253533,16.7652
2008,11,4,1,140,0.0344828,0.0122741,16.7652
2008,11,4,1,160,1e-09,0.011054,16.7652
2008,11,4,1,200,0.0172414,0.00440374,16.7652
2008,11,4,1,250,1e-09,0.00105336,16.7652
2008,11,13,2,2,1e-09,9.04788e-05,2.70485
2008,11,13,2,3,1e-09,0.000523489,2.70485
2008,11,13,2,4,1e-09,0.0016524,2.70485
2008,11,13,2,5,1e-09,0.00348449,2.70485
2008,11,13,2,6,1e-09,0.00561291,2.70485
2008,11,13,2,7,1e-09,0.0074967,2.70485
2008,11,13,2,8,1e-09,0.00874608,2.70485
2008,11,13,2,9,1e-09,0.00937307,2.70485
2008,11,13,2,10,1e-09,0.00956538,2.70485
2008,11,13,2,11,1e-09,0.00962619,2.70485
2008,11,13,2,12,1e-09,0.0199995,2.70485
2008,11,13,2,14,0.037037,0.0226838,2.70485
2008,11,13,2,16,1e-09,0.0267581,2.70485
2008,11,13,2,18,1e-09,0.0306847,2.70485
2008,11,13,2,20,0.0185185,0.0854513,2.70485
2008,11,13,2,25,0.037037,0.0838721,2.70485
2008,11,13,2,30,0.037037,0.0786516,2.70485
2008,11,13,2,35,0.0740741,0.0723951,2.70485
2008,11,13,2,40,0.222222,0.121558,2.70485
2008,11,13,2,50,0.12963,0.0915121,2.70485
2008,11,13,2,60,0.037037,0.0692056,2.70485
2008,11,13,2,70,0.0925926,0.053935,2.70485
2008,11,13,2,80,0.0185185,0.042719,2.70485
2008,11,13,2,90,0.0185185,0.0336325,2.70485
2008,11,13,2,100,0.0740741,0.0447232,2.70485
2008,11,13,2,120,0.0185185,0.0240106,2.70485
2008,11,13,2,140,0.0925926,0.0136936,2.70485
2008,11,13,2,160,0.0185185,0.0154983,2.70485
2008,11,13,2,200,0.0185185,0.00906844,2.70485
2008,11,13,2,250,0.0555556,0.0037759,2.70485
2009,2,5,1,2,1e-09,8.1335e-05,255.5
2009,2,5,1,3,0.00115578,0.000477212,255.5
2009,2,5,1,4,0.00203738,0.00160995,255.5
2009,2,5,1,5,0.00668582,0.00372872,255.5
2009,2,5,1,6,0.0203232,0.00668813,255.5
2009,2,5,1,7,0.0336442,0.00998737,255.5
2009,2,5,1,8,0.0368121,0.0129343,255.5
2009,2,5,1,9,0.0240732,0.0151318,255.5
2009,2,5,1,10,0.0211626,0.0163297,255.5
2009,2,5,1,11,0.0177121,0.0166257,255.5
2009,2,5,1,12,0.0339521,0.0317509,255.5
2009,2,5,1,14,0.0307505,0.0283547,255.5
2009,2,5,1,16,0.0354243,0.0255481,255.5
2009,2,5,1,18,0.0307252,0.0241184,255.5
2009,2,5,1,20,0.0675289,0.0584065,255.5
2009,2,5,1,25,0.0457841,0.0579055,255.5
2009,2,5,1,30,0.0527441,0.0577715,255.5
2009,2,5,1,35,0.050673,0.0566055,255.5
2009,2,5,1,40,0.094618,0.104763,255.5
2009,2,5,1,50,0.0811873,0.0890072,255.5
2009,2,5,1,60,0.0593625,0.0740654,255.5
2009,2,5,1,70,0.0492515,0.0623906,255.5
2009,2,5,1,80,0.0464,0.0527989,255.5
2009,2,5,1,90,0.0353568,0.0438835,255.5
2009,2,5,1,100,0.0518457,0.0624037,255.5
2009,2,5,1,120,0.0333532,0.0364132,255.5
2009,2,5,1,140,0.0174295,0.0210376,255.5
2009,2,5,1,160,0.0115916,0.0167042,255.5
2009,2,5,1,200,0.00580422,0.00686137,255.5
2009,2,5,1,250,0.00261106,0.00561635,255.5
2009,2,4,1,2,1e-09,5.31913e-05,19.0777
2009,2,4,1,3,1e-09,0.00029111,19.0777
2009,2,4,1,4,1e-09,0.000945713,19.0777
2009,2,4,1,5,1e-09,0.00215185,19.0777
2009,2,4,1,6,1e-09,0.00384505,19.0777
2009,2,4,1,7,1e-09,0.00577938,19.0777
2009,2,4,1,8,0.030303,0.00759171,19.0777
2009,2,4,1,9,1e-09,0.00906576,19.0777
2009,2,4,1,10,1e-09,0.0100325,19.0777
2009,2,4,1,11,1e-09,0.0105179,19.0777
2009,2,4,1,12,1e-09,0.0211142,19.0777
2009,2,4,1,14,0.0151515,0.0203012,19.0777
2009,2,4,1,16,0.030303,0.0198422,19.0777
2009,2,4,1,18,0.0151515,0.0203904,19.0777
2009,2,4,1,20,0.0454545,0.0576452,19.0777
2009,2,4,1,25,1e-09,0.066502,19.0777
2009,2,4,1,30,0.0151515,0.0689491,19.0777
2009,2,4,1,35,0.030303,0.0676288,19.0777
2009,2,4,1,40,0.0606061,0.125164,19.0777
2009,2,4,1,50,0.121212,0.10634,19.0777
2009,2,4,1,60,0.106061,0.0884604,19.0777
2009,2,4,1,70,0.0151515,0.0734596,19.0777
2009,2,4,1,80,0.0757576,0.0591416,19.0777
2009,2,4,1,90,0.0454545,0.0453535,19.0777
2009,2,4,1,100,0.212121,0.0553843,19.0777
2009,2,4,1,120,0.136364,0.0254223,19.0777
2009,2,4,1,140,0.0151515,0.0122614,19.0777
2009,2,4,1,160,0.030303,0.0109866,19.0777
2009,2,4,1,200,1e-09,0.00434544,19.0777
2009,2,4,1,250,1e-09,0.00103323,19.0777
2009,2,13,2,2,1e-09,2.12713e-05,52.141
2009,2,13,2,3,1e-09,0.000165309,52.141
2009,2,13,2,4,0.0007326,0.000694732,52.141
2009,2,13,2,5,0.00219781,0.00192384,52.141
2009,2,13,2,6,0.0007326,0.00400718,52.141
2009,2,13,2,7,0.0043956,0.00680117,52.141
2009,2,13,2,8,1e-09,0.00981891,52.141
2009,2,13,2,9,0.00293041,0.0126325,52.141
2009,2,13,2,10,0.0043956,0.0147842,52.141
2009,2,13,2,11,0.0139194,0.0161488,52.141
2009,2,13,2,12,0.0498169,0.0335525,52.141
2009,2,13,2,14,0.0168498,0.0324901,52.141
2009,2,13,2,16,0.0527472,0.0308197,52.141
2009,2,13,2,18,0.051282,0.0300517,52.141
2009,2,13,2,20,0.0820513,0.0752992,52.141
2009,2,13,2,25,0.0710623,0.0732976,52.141
2009,2,13,2,30,0.0732601,0.0701329,52.141
2009,2,13,2,35,0.0483516,0.0662217,52.141
2009,2,13,2,40,0.120147,0.116633,52.141
2009,2,13,2,50,0.101099,0.0923882,52.141
2009,2,13,2,60,0.0520146,0.0709695,52.141
2009,2,13,2,70,0.0446886,0.0550056,52.141
2009,2,13,2,80,0.0454212,0.0431511,52.141
2009,2,13,2,90,0.0336996,0.0337109,52.141
2009,2,13,2,100,0.0417582,0.0445031,52.141
2009,2,13,2,120,0.0249084,0.0237371,52.141
2009,2,13,2,140,0.014652,0.0134671,52.141
2009,2,13,2,160,0.0285714,0.0151403,52.141
2009,2,13,2,200,0.00952381,0.00879029,52.141
2009,2,13,2,250,0.00879121,0.00364092,52.141
2009,5,5,1,2,1e-09,0.00147022,255.5
2009,5,5,1,3,0.0020769,0.00184297,255.5
2009,5,5,1,4,0.00524588,0.00179763,255.5
2009,5,5,1,5,0.0018307,0.00218383,255.5
2009,5,5,1,6,0.00329736,0.00353212,255.5
2009,5,5,1,7,0.00171023,0.00586709,255.5
2009,5,5,1,8,0.00342046,0.00883723,255.5
2009,5,5,1,9,0.00805611,0.0120665,255.5
2009,5,5,1,10,0.0125792,0.0150239,255.5
2009,5,5,1,11,0.0190429,0.0174204,255.5
2009,5,5,1,12,0.0355218,0.0388601,255.5
2009,5,5,1,14,0.0330862,0.0392493,255.5
2009,5,5,1,16,0.0374967,0.0358018,255.5
2009,5,5,1,18,0.0300376,0.0312076,255.5
2009,5,5,1,20,0.0670472,0.062138,255.5
2009,5,5,1,25,0.0559294,0.0525037,255.5
2009,5,5,1,30,0.0469043,0.0511523,255.5
2009,5,5,1,35,0.0499555,0.0509947,255.5
2009,5,5,1,40,0.0888063,0.0982484,255.5
2009,5,5,1,50,0.0940759,0.0876316,255.5
2009,5,5,1,60,0.0924809,0.0747372,255.5
2009,5,5,1,70,0.0684093,0.0631458,255.5
2009,5,5,1,80,0.0602353,0.0531367,255.5
2009,5,5,1,90,0.0451993,0.0438905,255.5
2009,5,5,1,100,0.0558274,0.062038,255.5
2009,5,5,1,120,0.0399456,0.0360257,255.5
2009,5,5,1,140,0.0194281,0.0207379,255.5
2009,5,5,1,160,0.0174663,0.016362,255.5
2009,5,5,1,200,0.0030538,0.00666008,255.5
2009,5,5,1,250,0.00183333,0.00543694,255.5
2009,5,4,1,2,1e-09,0.000982927,51.741
2009,5,4,1,3,1e-09,0.00113963,51.741
2009,5,4,1,4,0.00558659,0.00106567,51.741
2009,5,4,1,5,1e-09,0.00126941,51.741
2009,5,4,1,6,0.00558659,0.00204486,51.741
2009,5,4,1,7,1e-09,0.00341899,51.741
2009,5,4,1,8,0.00558659,0.00522322,51.741
2009,5,4,1,9,0.0111732,0.00727874,51.741
2009,5,4,1,10,0.0111732,0.00929133,51.741
2009,5,4,1,11,0.0111732,0.011091,51.741
2009,5,4,1,12,0.0391061,0.0260183,51.741
2009,5,4,1,14,0.027933,0.0282803,51.741
2009,5,4,1,16,0.0223464,0.0279889,51.741
2009,5,4,1,18,0.0167598,0.0265823,51.741
2009,5,4,1,20,0.0502793,0.0616217,51.741
2009,5,4,1,25,0.100559,0.0607289,51.741
2009,5,4,1,30,0.0446927,0.0614778,51.741
2009,5,4,1,35,0.0446927,0.061352,51.741
2009,5,4,1,40,0.106145,0.118203,51.741
2009,5,4,1,50,0.0837989,0.10543,51.741
2009,5,4,1,60,0.111732,0.0898878,51.741
2009,5,4,1,70,0.0558659,0.0748753,51.741
2009,5,4,1,80,0.0558659,0.0599521,51.741
2009,5,4,1,90,0.0335196,0.0456983,51.741
2009,5,4,1,100,0.0670391,0.0554881,51.741
2009,5,4,1,120,0.0446927,0.0253479,51.741
2009,5,4,1,140,0.00558659,0.0121721,51.741
2009,5,4,1,160,0.0223464,0.0108336,51.741
2009,5,4,1,200,0.0167598,0.00424914,51.741
2009,5,4,1,250,1e-09,0.00100644,51.741
2009,5,13,2,2,0.0012225,0.000404442,52.141
2009,5,13,2,3,1e-09,0.000679558,52.141
2009,5,13,2,4,0.00448248,0.000812368,52.141
2009,5,13,2,5,0.00325998,0.00112985,52.141
2009,5,13,2,6,0.00285249,0.00205919,52.141
2009,5,13,2,7,0.00244499,0.00384935,52.141
2009,5,13,2,8,0.00692747,0.00644932,52.141
2009,5,13,2,9,0.00814996,0.00968581,52.141
2009,5,13,2,10,1e-09,0.0130984,52.141
2009,5,13,2,11,0.0220049,0.0163433,52.141
2009,5,13,2,12,0.0342298,0.0400276,52.141
2009,5,13,2,14,0.0611247,0.0445346,52.141
2009,5,13,2,16,0.0590872,0.0436395,52.141
2009,5,13,2,18,0.0676447,0.0398905,52.141
2009,5,13,2,20,0.121027,0.0820734,52.141
2009,5,13,2,25,0.0688672,0.0667153,52.141
2009,5,13,2,30,0.0660147,0.0616265,52.141
2009,5,13,2,35,0.0627547,0.0589551,52.141
2009,5,13,2,40,0.0969845,0.10782,52.141
2009,5,13,2,50,0.0704971,0.0898881,52.141
2009,5,13,2,60,0.0456398,0.0711718,52.141
2009,5,13,2,70,0.0411573,0.0555075,52.141
2009,5,13,2,80,0.0342298,0.0432905,52.141
2009,5,13,2,90,0.0260799,0.0335537,52.141
2009,5,13,2,100,0.0321923,0.043933,52.141
2009,5,13,2,120,0.0207824,0.0232653,52.141
2009,5,13,2,140,0.0105949,0.0131162,52.141
2009,5,13,2,160,0.0126324,0.0146127,52.141
2009,5,13,2,200,0.0110024,0.0084014,52.141
2009,5,13,2,250,0.00611247,0.00346573,52.141
2009,8,5,1,2,1e-09,0.000938732,255.5
2009,8,5,1,3,0.000546353,0.00257397,255.5
2009,8,5,1,4,0.000958289,0.0042579,255.5
2009,8,5,1,5,0.00256873,0.00520364,255.5
2009,8,5,1,6,0.00185934,0.0055505,255.5
2009,8,5,1,7,0.00207962,0.00590754,255.5
2009,8,5,1,8,0.00484,0.00678211,255.5
2009,8,5,1,9,0.00191658,0.00837598,255.5
2009,8,5,1,10,0.00563525,0.010531,255.5
2009,8,5,1,11,0.00662216,0.0130101,255.5
2009,8,5,1,12,0.0228671,0.0330217,255.5
2009,8,5,1,14,0.0321638,0.0393522,255.5
2009,8,5,1,16,0.0416521,0.0410089,255.5
2009,8,5,1,18,0.037224,0.0387387,255.5
2009,8,5,1,20,0.0753951,0.0769442,255.5
2009,8,5,1,25,0.0584894,0.055728,255.5
2009,8,5,1,30,0.0539468,0.0480094,255.5
2009,8,5,1,35,0.0448418,0.0462269,255.5
2009,8,5,1,40,0.0692881,0.0907447,255.5
2009,8,5,1,50,0.0832418,0.0846165,255.5
2009,8,5,1,60,0.089518,0.0745445,255.5
2009,8,5,1,70,0.0800583,0.063799,255.5
2009,8,5,1,80,0.0638818,0.0536816,255.5
2009,8,5,1,90,0.0524483,0.0441402,255.5
2009,8,5,1,100,0.0700721,0.0620204,255.5
2009,8,5,1,120,0.0385631,0.0358401,255.5
2009,8,5,1,140,0.0232018,0.0205571,255.5
2009,8,5,1,160,0.0206331,0.0161104,255.5
2009,8,5,1,200,0.00802101,0.006497,255.5
2009,8,5,1,250,0.00746597,0.00528705,255.5
2009,8,4,1,2,1e-09,0.000622872,15.609
2009,8,4,1,3,1e-09,0.00158782,15.609
2009,8,4,1,4,1e-09,0.00252468,15.609
2009,8,4,1,5,1e-09,0.00302808,15.609
2009,8,4,1,6,0.037037,0.00321627,15.609
2009,8,4,1,7,1e-09,0.00344561,15.609
2009,8,4,1,8,1e-09,0.00401262,15.609
2009,8,4,1,9,0.0185185,0.00505791,15.609
2009,8,4,1,10,1e-09,0.0065188,15.609
2009,8,4,1,11,1e-09,0.00828901,15.609
2009,8,4,1,12,0.0185185,0.0221329,15.609
2009,8,4,1,14,0.0185185,0.0283689,15.609
2009,8,4,1,16,1e-09,0.032057,15.609
2009,8,4,1,18,1e-09,0.0329868,15.609
2009,8,4,1,20,0.0925926,0.0762349,15.609
2009,8,4,1,25,0.0740741,0.0644886,15.609
2009,8,4,1,30,0.0185185,0.0577553,15.609
2009,8,4,1,35,0.0925926,0.0556672,15.609
2009,8,4,1,40,0.037037,0.109276,15.609
2009,8,4,1,50,0.0555556,0.101897,15.609
2009,8,4,1,60,0.111111,0.0897386,15.609
2009,8,4,1,70,0.148148,0.0757226,15.609
2009,8,4,1,80,0.037037,0.060637,15.609
2009,8,4,1,90,0.037037,0.0460219,15.609
2009,8,4,1,100,0.0740741,0.0555691,15.609
2009,8,4,1,120,0.0185185,0.0252622,15.609
2009,8,4,1,140,0.037037,0.0120778,15.609
2009,8,4,1,160,0.0555556,0.0106733,15.609
2009,8,4,1,200,0.0185185,0.00415053,15.609
2009,8,4,1,250,1e-09,0.000979035,15.609
2009,8,13,2,2,1e-09,0.000254758,43.5252
2009,8,13,2,3,1e-09,0.000930999,43.5252
2009,8,13,2,4,0.00456621,0.00192181,43.5252
2009,8,13,2,5,1e-09,0.00279867,43.5252
2009,8,13,2,6,0.00913243,0.00342187,43.5252
2009,8,13,2,7,0.00799086,0.00403589,43.5252
2009,8,13,2,8,0.00114155,0.00501235,43.5252
2009,8,13,2,9,0.0022831,0.00664949,43.5252
2009,8,13,2,10,0.00570776,0.00895401,43.5252
2009,8,13,2,11,0.00342466,0.0118233,43.5252
2009,8,13,2,12,0.0285388,0.0329067,43.5252
2009,8,13,2,14,0.0513699,0.0433138,43.5252
2009,8,13,2,16,0.0502283,0.0488701,43.5252
2009,8,13,2,18,0.0924657,0.049006,43.5252
2009,8,13,2,20,0.0856164,0.10291,43.5252
2009,8,13,2,25,0.0365297,0.0725468,43.5252
2009,8,13,2,30,0.06621,0.0583886,43.5252
2009,8,13,2,35,0.043379,0.0532479,43.5252
2009,8,13,2,40,0.097032,0.098469,43.5252
2009,8,13,2,50,0.0958904,0.0857299,43.5252
2009,8,13,2,60,0.0582192,0.0703914,43.5252
2009,8,13,2,70,0.0410959,0.0558583,43.5252
2009,8,13,2,80,0.0456621,0.0436478,43.5252
2009,8,13,2,90,0.0376712,0.0336664,43.5252
2009,8,13,2,100,0.0570776,0.0437426,43.5252
2009,8,13,2,120,0.0285388,0.0229969,43.5252
2009,8,13,2,140,0.0182648,0.0128828,43.5252
2009,8,13,2,160,0.0171233,0.0142136,43.5252
2009,8,13,2,200,0.00799086,0.0080873,43.5252
2009,8,13,2,250,0.00684931,0.00332107,43.5252
2009,11,5,1,2,1e-09,0.000293728,255.5
2009,11,5,1,3,0.000659219,0.0012825,255.5
2009,11,5,1,4,0.00329558,0.00325746,255.5
2009,11,5,1,5,0.00391119,0.00578264,255.5
2009,11,5,1,6,0.00632798,0.0081346,255.5
2009,11,5,1,7,0.00905258,0.00982144,255.5
2009,11,5,1,8,0.0110297,0.0107689,255.5
2009,11,5,1,9,0.00848109,0.0112929,255.5
2009,11,5,1,10,0.00650395,0.0117342,255.5
2009,11,5,1,11,0.00619665,0.0123765,255.5
2009,11,5,1,12,0.0282576,0.0277857,255.5
2009,11,5,1,14,0.040475,0.0327596,255.5
2009,11,5,1,16,0.0428913,0.0368214,255.5
2009,11,5,1,18,0.0461432,0.0382593,255.5
2009,11,5,1,20,0.0745327,0.0858622,255.5
2009,11,5,1,25,0.0542298,0.0644068,255.5
2009,11,5,1,30,0.04777,0.050495,255.5
2009,11,5,1,35,0.0391565,0.0443838,255.5
2009,11,5,1,40,0.0707098,0.0839126,255.5
2009,11,5,1,50,0.0671946,0.0801211,255.5
2009,11,5,1,60,0.0766432,0.0729986,255.5
2009,11,5,1,70,0.0695678,0.0637363,255.5
2009,11,5,1,80,0.0610421,0.0539751,255.5
2009,11,5,1,90,0.0508896,0.0443404,255.5
2009,11,5,1,100,0.0663594,0.062022,255.5
2009,11,5,1,120,0.0445611,0.0356706,255.5
2009,11,5,1,140,0.0293119,0.0203831,255.5
2009,11,5,1,160,0.0212704,0.0158571,255.5
2009,11,5,1,200,0.00922906,0.00633166,255.5
2009,11,5,1,250,0.00430672,0.00513302,255.5
2009,11,13,2,2,1e-09,7.77864e-05,20.6464
2009,11,13,2,3,1e-09,0.000450767,20.6464
2009,11,13,2,4,1e-09,0.00142754,20.6464
2009,11,13,2,5,1e-09,0.00303012,20.6464
2009,11,13,2,6,0.00247525,0.00494267,20.6464
2009,11,13,2,7,0.00495051,0.00675509,20.6464
2009,11,13,2,8,1e-09,0.0081924,20.6464
2009,11,13,2,9,0.00247525,0.00933202,20.6464
2009,11,13,2,10,0.00247525,0.0103505,20.6464
2009,11,13,2,11,1e-09,0.0115187,20.6464
2009,11,13,2,12,0.00990099,0.0277023,20.6464
2009,11,13,2,14,0.0148515,0.0354,20.6464
2009,11,13,2,16,0.0495049,0.0427731,20.6464
2009,11,13,2,18,0.0470297,0.0472062,20.6464
2009,11,13,2,20,0.0866337,0.113417,20.6464
2009,11,13,2,25,0.0519802,0.0848916,20.6464
2009,11,13,2,30,0.0594059,0.0628522,20.6464
2009,11,13,2,35,0.039604,0.0518575,20.6464
2009,11,13,2,40,0.0866337,0.0909324,20.6464
2009,11,13,2,50,0.0767327,0.0804692,20.6464
2009,11,13,2,60,0.0866337,0.0684392,20.6464
2009,11,13,2,70,0.0816832,0.0556452,20.6464
2009,11,13,2,80,0.0594059,0.0439233,20.6464
2009,11,13,2,90,0.0668317,0.0339031,20.6464
2009,11,13,2,100,0.0618812,0.0438494,20.6464
2009,11,13,2,120,0.0371287,0.0229108,20.6464
2009,11,13,2,140,0.0247525,0.0127589,20.6464
2009,11,13,2,160,0.019802,0.0139393,20.6464
2009,11,13,2,200,0.0173267,0.00784579,20.6464
2009,11,13,2,250,0.00990099,0.00320593,20.6464
2010,2,5,1,2,1e-09,7.06588e-05,255.5
2010,2,5,1,3,0.0019619,0.000415048,255.5
2010,2,5,1,4,0.00443333,0.00140284,255.5
2010,2,5,1,5,0.00827776,0.00325916,255.5
2010,2,5,1,6,0.017773,0.00587573,255.5
2010,2,5,1,7,0.0211873,0.00884615,255.5
2010,2,5,1,8,0.0243635,0.0116007,255.5
2010,2,5,1,9,0.0249127,0.0138315,255.5
2010,2,5,1,10,0.0204032,0.0153337,255.5
2010,2,5,1,11,0.0191857,0.0162069,255.5
2010,2,5,1,12,0.0341365,0.0334311,255.5
2010,2,5,1,14,0.0373523,0.0338831,255.5
2010,2,5,1,16,0.0388015,0.0344297,255.5
2010,2,5,1,18,0.0373491,0.0348947,255.5
2010,2,5,1,20,0.103538,0.0831841,255.5
2010,2,5,1,25,0.0740332,0.0694112,255.5
2010,2,5,1,30,0.0495904,0.0555872,255.5
2010,2,5,1,35,0.0394269,0.0461876,255.5
2010,2,5,1,40,0.0718697,0.080533,255.5
2010,2,5,1,50,0.0683824,0.075383,255.5
2010,2,5,1,60,0.0603793,0.0703983,255.5
2010,2,5,1,70,0.0534316,0.0628897,255.5
2010,2,5,1,80,0.0413888,0.0538935,255.5
2010,2,5,1,90,0.0389174,0.0444261,255.5
2010,2,5,1,100,0.0484491,0.0620523,255.5
2010,2,5,1,120,0.0284825,0.0355583,255.5
2010,2,5,1,140,0.0145936,0.0202471,255.5
2010,2,5,1,160,0.011573,0.0156394,255.5
2010,2,5,1,200,0.00470793,0.006181,255.5
2010,2,5,1,250,0.00109841,0.00494741,255.5
2010,2,13,2,2,1e-09,1.80869e-05,52.141
2010,2,13,2,3,1e-09,0.000140701,52.141
2010,2,13,2,4,1e-09,0.000592276,52.141
2010,2,13,2,5,0.000650197,0.00164458,52.141
2010,2,13,2,6,0.000325099,0.00344077,52.141
2010,2,13,2,7,0.00390117,0.00588162,52.141
2010,2,13,2,8,0.000975292,0.00858509,52.141
2010,2,13,2,9,0.00455136,0.0112312,52.141
2010,2,13,2,10,0.00617685,0.0134622,52.141
2010,2,13,2,11,0.00910273,0.0152084,52.141
2010,2,13,2,12,0.0393368,0.0339545,52.141
2010,2,13,2,14,0.0217815,0.0371699,52.141
2010,2,13,2,16,0.066645,0.040002,52.141
2010,2,13,2,18,0.0425878,0.0424801,52.141
2010,2,13,2,20,0.110208,0.107548,52.141
2010,2,13,2,25,0.115735,0.09029,52.141
2010,2,13,2,30,0.0643693,0.0695955,52.141
2010,2,13,2,35,0.0588427,0.054834,52.141
2010,2,13,2,40,0.0825748,0.0879172,52.141
2010,2,13,2,50,0.0656697,0.0751398,52.141
2010,2,13,2,60,0.0685956,0.0652956,52.141
2010,2,13,2,70,0.0572172,0.054454,52.141
2010,2,13,2,80,0.0438882,0.0436534,52.141
2010,2,13,2,90,0.0318596,0.0338983,52.141
2010,2,13,2,100,0.0412874,0.0438342,52.141
2010,2,13,2,120,0.023407,0.0228017,52.141
2010,2,13,2,140,0.0107282,0.0126211,52.141
2010,2,13,2,160,0.0149545,0.0136458,52.141
2010,2,13,2,200,0.010078,0.00758964,52.141
2010,2,13,2,250,0.00455136,0.00307024,52.141
2010,5,5,1,2,1e-09,0.0012655,255.5
2010,5,5,1,3,0.00579968,0.0015878,255.5
2010,5,5,1,4,0.0125305,0.00155485,255.5
2010,5,5,1,5,0.00742811,0.00190376,255.5
2010,5,5,1,6,0.0036269,0.00309994,255.5
2010,5,5,1,7,0.00314219,0.00517633,255.5
2010,5,5,1,8,0.00673087,0.00784248,255.5
2010,5,5,1,9,0.00611007,0.0107922,255.5
2010,5,5,1,10,0.0150902,0.0135779,255.5
2010,5,5,1,11,0.0179984,0.0159673,255.5
2010,5,5,1,12,0.0313026,0.0367148,255.5
2010,5,5,1,14,0.0312262,0.0392601,255.5
2010,5,5,1,16,0.0382292,0.0387226,255.5
2010,5,5,1,18,0.0332078,0.0368434,255.5
2010,5,5,1,20,0.0825181,0.0820068,255.5
2010,5,5,1,25,0.0787719,0.0694576,255.5
2010,5,5,1,30,0.0734784,0.0587324,255.5
2010,5,5,1,35,0.0541787,0.0493906,255.5
2010,5,5,1,40,0.0854692,0.08161,255.5
2010,5,5,1,50,0.0625212,0.0723011,255.5
2010,5,5,1,60,0.0544891,0.0677082,255.5
2010,5,5,1,70,0.0531711,0.061666,255.5
2010,5,5,1,80,0.0566405,0.0536262,255.5
2010,5,5,1,90,0.0384678,0.044529,255.5
2010,5,5,1,100,0.0585625,0.0623527,255.5
2010,5,5,1,120,0.0379617,0.0356859,255.5
2010,5,5,1,140,0.0227354,0.020248,255.5
2010,5,5,1,160,0.0176712,0.0155019,255.5
2010,5,5,1,200,0.00669264,0.00605241,255.5
2010,5,5,1,250,0.00424769,0.0048223,255.5
2010,5,4,1,2,1e-09,0.000846752,31.5071
2010,5,4,1,3,0.00917431,0.000982651,31.5071
2010,5,4,1,4,0.00917431,0.000922489,31.5071
2010,5,4,1,5,1e-09,0.00110752,31.5071
2010,5,4,1,6,1e-09,0.00179614,31.5071
2010,5,4,1,7,1e-09,0.00301896,31.5071
2010,5,4,1,8,0.00917431,0.00463912,31.5071
2010,5,4,1,9,0.0183486,0.00651544,31.5071
2010,5,4,1,10,0.00917431,0.00840391,31.5071
2010,5,4,1,11,1e-09,0.010174,31.5071
2010,5,4,1,12,0.00917431,0.0246048,31.5071
2010,5,4,1,14,0.0275229,0.0283117,31.5071
2010,5,4,1,16,0.0183486,0.0302886,31.5071
2010,5,4,1,18,0.00917431,0.0313854,31.5071
2010,5,4,1,20,0.0366972,0.0814196,31.5071
2010,5,4,1,25,0.0550459,0.0803232,31.5071
2010,5,4,1,30,0.0458716,0.0706416,31.5071
2010,5,4,1,35,0.110092,0.0594712,31.5071
2010,5,4,1,40,0.146789,0.0982666,31.5071
2010,5,4,1,50,0.0733945,0.0870577,31.5071
2010,5,4,1,60,0.0550459,0.0814996,31.5071
2010,5,4,1,70,0.0275229,0.0731648,31.5071
2010,5,4,1,80,0.100917,0.0605683,31.5071
2010,5,4,1,90,0.0825688,0.0464606,31.5071
2010,5,4,1,100,0.0917431,0.0559857,31.5071
2010,5,4,1,120,0.0183486,0.0252219,31.5071
2010,5,4,1,140,0.0183486,0.0118974,31.5071
2010,5,4,1,160,0.00917431,0.0102571,31.5071
2010,5,4,1,200,0.00917431,0.00387155,31.5071
2010,5,4,1,250,1e-09,0.000895677,31.5071
2010,5,13,2,2,0.000310077,0.000339878,52.141
2010,5,13,2,3,1e-09,0.000571582,52.141
2010,5,13,2,4,0.000620157,0.000685892,52.141
2010,5,13,2,5,1e-09,0.000961516,52.141
2010,5,13,2,6,0.00155039,0.00176448,52.141
2010,5,13,2,7,0.00124031,0.00331487,52.141
2010,5,13,2,8,0.00124031,0.0055829,52.141
2010,5,13,2,9,0.0027907,0.00844248,52.141
2010,5,13,2,10,0.00527132,0.0115222,52.141
2010,5,13,2,11,0.0136434,0.0145571,52.141
2010,5,13,2,12,0.0229457,0.0366421,52.141
2010,5,13,2,14,0.0431008,0.0429448,52.141
2010,5,13,2,16,0.0502326,0.0453001,52.141
2010,5,13,2,18,0.0393798,0.0451728,52.141
2010,5,13,2,20,0.109147,0.105441,52.141
2010,5,13,2,25,0.126822,0.088841,52.141
2010,5,13,2,30,0.0685271,0.0727276,52.141
2010,5,13,2,35,0.0632558,0.058781,52.141
2010,5,13,2,40,0.084031,0.0900505,52.141
2010,5,13,2,50,0.0710077,0.0719848,52.141
2010,5,13,2,60,0.0539535,0.0621388,52.141
2010,5,13,2,70,0.055814,0.0527663,52.141
2010,5,13,2,80,0.0462015,0.0430186,52.141
2010,5,13,2,90,0.0325581,0.033732,52.141
2010,5,13,2,100,0.0406202,0.0438111,52.141
2010,5,13,2,120,0.0235659,0.0227579,52.141
2010,5,13,2,140,0.0142636,0.0125182,52.141
2010,5,13,2,160,0.0136434,0.0133619,52.141
2010,5,13,2,200,0.0096124,0.00732395,52.141
2010,5,13,2,250,0.00465116,0.00294278,52.141
2010,8,5,1,2,1e-09,0.000814799,255.5
2010,8,5,1,3,9.91291e-05,0.00223445,255.5
2010,8,5,1,4,0.000950449,0.00369777,255.5
2010,8,5,1,5,0.00146552,0.00452418,255.5
2010,8,5,1,6,0.00273278,0.00483878,255.5
2010,8,5,1,7,0.0029699,0.00517633,255.5
2010,8,5,1,8,0.00281248,0.00598411,255.5
2010,8,5,1,9,0.00514875,0.00744706,255.5
2010,8,5,1,10,0.00619636,0.00943463,255.5
2010,8,5,1,11,0.00706907,0.0117522,255.5
2010,8,5,1,12,0.0208301,0.0302926,255.5
2010,8,5,1,14,0.0337982,0.0370872,255.5
2010,8,5,1,16,0.0344318,0.0401559,255.5
2010,8,5,1,18,0.0334017,0.0398626,255.5
2010,8,5,1,20,0.0717519,0.0876015,255.5
2010,8,5,1,25,0.0652562,0.0708326,255.5
2010,8,5,1,30,0.0625428,0.0600626,255.5
2010,8,5,1,35,0.0614504,0.0517145,255.5
2010,8,5,1,40,0.0880337,0.0850255,255.5
2010,8,5,1,50,0.0722163,0.0717407,255.5
2010,8,5,1,60,0.0671472,0.065813,255.5
2010,8,5,1,70,0.0653396,0.060427,255.5
2010,8,5,1,80,0.0592463,0.0532505,255.5
2010,8,5,1,90,0.0534619,0.0446342,255.5
2010,8,5,1,100,0.0807197,0.0628891,255.5
2010,8,5,1,120,0.0455435,0.0360725,255.5
2010,8,5,1,140,0.0244647,0.0204246,255.5
2010,8,5,1,160,0.0175181,0.0154997,255.5
2010,8,5,1,200,0.00890774,0.00597432,255.5
2010,8,5,1,250,0.00449372,0.00473496,255.5
2010,8,4,1,2,1e-09,0.000537921,19.6558
2010,8,4,1,3,0.0588235,0.00137145,19.6558
2010,8,4,1,4,0.0294118,0.00218153,19.6558
2010,8,4,1,5,0.0147059,0.00261945,19.6558
2010,8,4,1,6,1e-09,0.00278976,19.6558
2010,8,4,1,7,1e-09,0.00300395,19.6558
2010,8,4,1,8,1e-09,0.00352269,19.6558
2010,8,4,1,9,1e-09,0.00447435,19.6558
2010,8,4,1,10,1e-09,0.0058107,19.6558
2010,8,4,1,11,1e-09,0.00744981,19.6558
2010,8,4,1,12,0.0147059,0.020203,19.6558
2010,8,4,1,14,1e-09,0.0266031,19.6558
2010,8,4,1,16,0.0588235,0.031232,19.6558
2010,8,4,1,18,1e-09,0.0337667,19.6558
2010,8,4,1,20,0.0588235,0.0864857,19.6558
2010,8,4,1,25,0.0441176,0.0815269,19.6558
2010,8,4,1,30,0.0588235,0.0718869,19.6558
2010,8,4,1,35,0.0882353,0.0619623,19.6558
2010,8,4,1,40,0.102941,0.101874,19.6558
2010,8,4,1,50,0.117647,0.0859568,19.6558
2010,8,4,1,60,0.0735294,0.0788271,19.6558
2010,8,4,1,70,0.0588235,0.0713288,19.6558
2010,8,4,1,80,0.0294118,0.0598295,19.6558
2010,8,4,1,90,0.0588235,0.0463344,19.6558
2010,8,4,1,100,0.0441176,0.056207,19.6558
2010,8,4,1,120,1e-09,0.0253912,19.6558
2010,8,4,1,140,0.0588235,0.0119428,19.6558
2010,8,4,1,160,0.0294118,0.0102003,19.6558
2010,8,4,1,200,1e-09,0.00380467,19.6558
2010,8,4,1,250,1e-09,0.000875013,19.6558
2010,8,13,2,2,1e-09,0.000215872,40.0715
2010,8,13,2,3,1e-09,0.000789007,40.0715
2010,8,13,2,4,1e-09,0.0016294,40.0715
2010,8,13,2,5,1e-09,0.00237561,40.0715
2010,8,13,2,6,0.00125628,0.0029126,40.0715
2010,8,13,2,7,1e-09,0.00345322,40.0715
2010,8,13,2,8,1e-09,0.00431962,40.0715
2010,8,13,2,9,1e-09,0.00577522,40.0715
2010,8,13,2,10,0.00251256,0.00783472,40.0715
2010,8,13,2,11,1e-09,0.0104253,40.0715
2010,8,13,2,12,0.00251256,0.0294276,40.0715
2010,8,13,2,14,0.0251256,0.0396861,40.0715
2010,8,13,2,16,0.0276382,0.0463639,40.0715
2010,8,13,2,18,0.0427136,0.0486932,40.0715
2010,8,13,2,20,0.0653266,0.113095,40.0715
2010,8,13,2,25,0.0816583,0.0905079,40.0715
2010,8,13,2,30,0.0640703,0.0738371,40.0715
2010,8,13,2,35,0.0552764,0.0613166,40.0715
2010,8,13,2,40,0.0741206,0.0946059,40.0715
2010,8,13,2,50,0.0816583,0.0720968,40.0715
2010,8,13,2,60,0.0766332,0.0603171,40.0715
2010,8,13,2,70,0.0640703,0.0513532,40.0715
2010,8,13,2,80,0.0678392,0.0424214,40.0715
2010,8,13,2,90,0.0452261,0.0336402,40.0715
2010,8,13,2,100,0.080402,0.044072,40.0715
2010,8,13,2,120,0.0452261,0.022973,40.0715
2010,8,13,2,140,0.0288945,0.0125858,40.0715
2010,8,13,2,160,0.040201,0.0132646,40.0715
2010,8,13,2,200,0.0138191,0.00715794,40.0715
2010,8,13,2,250,0.0138191,0.00285432,40.0715
2010,11,5,1,2,1e-09,0.00025753,255.5
2010,11,5,1,3,0.000117595,0.00112451,255.5
2010,11,5,1,4,0.000587967,0.00285651,255.5
2010,11,5,1,5,0.00141112,0.00507215,255.5
2010,11,5,1,6,0.00270465,0.00713884,255.5
2010,11,5,1,7,0.00392182,0.00862817,255.5
2010,11,5,1,8,0.00446855,0.0094786,255.5
2010,11,5,1,9,0.00596215,0.00997249,255.5
2010,11,5,1,10,0.00435095,0.0104129,255.5
2010,11,5,1,11,0.00839037,0.0110556,255.5
2010,11,5,1,12,0.0305988,0.0251322,255.5
2010,11,5,1,14,0.0289753,0.0302058,255.5
2010,11,5,1,16,0.0323092,0.0347511,255.5
2010,11,5,1,18,0.0357729,0.037151,255.5
2010,11,5,1,20,0.072992,0.088933,255.5
2010,11,5,1,25,0.0572574,0.0741399,255.5
2010,11,5,1,30,0.0592565,0.0620139,255.5
2010,11,5,1,35,0.0517656,0.0533014,255.5
2010,11,5,1,40,0.085715,0.0881782,255.5
2010,11,5,1,50,0.0793298,0.0727483,255.5
2010,11,5,1,60,0.0721382,0.0648665,255.5
2010,11,5,1,70,0.0666526,0.0592301,255.5
2010,11,5,1,80,0.0569274,0.0525768,255.5
2010,11,5,1,90,0.0470084,0.0444539,255.5
2010,11,5,1,100,0.0877965,0.0631653,255.5
2010,11,5,1,120,0.0374772,0.0364383,255.5
2010,11,5,1,140,0.0244304,0.0206334,255.5
2010,11,5,1,160,0.0222313,0.0155283,255.5
2010,11,5,1,200,0.0123122,0.00590436,255.5
2010,11,5,1,250,0.00713809,0.00465085,255.5
2010,11,13,2,2,1e-09,6.66182e-05,23.8124
2010,11,13,2,3,1e-09,0.000386074,23.8124
2010,11,13,2,4,1e-09,0.00122285,23.8124
2010,11,13,2,5,0.00212314,0.00259642,23.8124
2010,11,13,2,6,0.00212314,0.00423779,23.8124
2010,11,13,2,7,0.00849257,0.00579848,23.8124
2010,11,13,2,8,0.0276009,0.00704688,23.8124
2010,11,13,2,9,0.0127388,0.00805522,23.8124
2010,11,13,2,10,0.00849257,0.0089803,23.8124
2010,11,13,2,11,0.014862,0.0100625,23.8124
2010,11,13,2,12,0.00849257,0.0245108,23.8124
2010,11,13,2,14,0.0658174,0.0319124,23.8124
2010,11,13,2,16,0.0382166,0.0394086,23.8124
2010,11,13,2,18,0.044586,0.0446528,23.8124
2010,11,13,2,20,0.0870488,0.114085,23.8124
2010,11,13,2,25,0.112527,0.0950423,23.8124
2010,11,13,2,30,0.0785563,0.0764321,23.8124
2010,11,13,2,35,0.0509554,0.0632173,23.8124
2010,11,13,2,40,0.0912951,0.0986616,23.8124
2010,11,13,2,50,0.0424628,0.0741396,23.8124
2010,11,13,2,60,0.0424628,0.060018,23.8124
2010,11,13,2,70,0.044586,0.0504551,23.8124
2010,11,13,2,80,0.029724,0.0418681,23.8124
2010,11,13,2,90,0.029724,0.0335084,23.8124
2010,11,13,2,100,0.044586,0.0443759,23.8124
2010,11,13,2,120,0.0276009,0.0233235,23.8124
2010,11,13,2,140,0.029724,0.0127725,23.8124
2010,11,13,2,160,0.0276009,0.0133078,23.8124
2010,11,13,2,200,0.0191083,0.00706327,23.8124
2010,11,13,2,250,0.00849257,0.00279201,23.8124
2011,2,5,1,2,1e-09,6.25372e-05,255.5
2011,2,5,1,3,1e-09,0.00036769,255.5
2011,2,5,1,4,0.000962067,0.00124284,255.5
2011,2,5,1,5,0.00177587,0.00288777,255.5
2011,2,5,1,6,0.00436554,0.00520717,255.5
2011,2,5,1,7,0.00929887,0.00784219,255.5
2011,2,5,1,8,0.00653567,0.0102898,255.5
2011,2,5,1,9,0.0150207,0.0122799,255.5
2011,2,5,1,10,0.0102357,0.0136337,255.5
2011,2,5,1,11,0.0128506,0.0144432,255.5
2011,2,5,1,12,0.0358358,0.0299619,255.5
2011,2,5,1,14,0.0328013,0.0307313,255.5
2011,2,5,1,16,0.0374129,0.0317691,255.5
2011,2,5,1,18,0.0391635,0.0328827,255.5
2011,2,5,1,20,0.108318,0.0820181,255.5
2011,2,5,1,25,0.0684098,0.0740085,255.5
2011,2,5,1,30,0.0653281,0.0639673,255.5
2011,2,5,1,35,0.0525786,0.0551289,255.5
2011,2,5,1,40,0.10469,0.0910275,255.5
2011,2,5,1,50,0.0773144,0.0743643,255.5
2011,2,5,1,60,0.0627384,0.0648585,255.5
2011,2,5,1,70,0.0559568,0.0584344,255.5
2011,2,5,1,80,0.0422704,0.0518459,255.5
2011,2,5,1,90,0.0393117,0.0440634,255.5
2011,2,5,1,100,0.0530234,0.0631276,255.5
2011,2,5,1,120,0.0281645,0.0367184,255.5
2011,2,5,1,140,0.0183737,0.020853,255.5
2011,2,5,1,160,0.011961,0.0155936,255.5
2011,2,5,1,200,0.00367473,0.00584814,255.5
2011,2,5,1,250,0.0016276,0.00454058,255.5
2011,2,13,2,2,1e-09,1.57156e-05,52.141
2011,2,13,2,3,0.000448632,0.000122365,52.141
2011,2,13,2,4,0.000224316,0.000515132,52.141
2011,2,13,2,5,0.00067295,0.00143057,52.141
2011,2,13,2,6,0.000897265,0.00299369,52.141
2011,2,13,2,7,0.00336474,0.00511935,52.141
2011,2,13,2,8,0.00403769,0.00747707,52.141
2011,2,13,2,9,0.00717811,0.00979149,52.141
2011,2,13,2,10,0.00785105,0.0117546,52.141
2011,2,13,2,11,0.0112158,0.0133107,52.141
2011,2,13,2,12,0.0260206,0.0298887,52.141
2011,2,13,2,14,0.0235532,0.0331079,52.141
2011,2,13,2,16,0.0336474,0.036235,52.141
2011,2,13,2,18,0.06393,0.0392677,52.141
2011,2,13,2,20,0.105877,0.103817,52.141
2011,2,13,2,25,0.0993719,0.0940175,52.141
2011,2,13,2,30,0.0722297,0.0786507,52.141
2011,2,13,2,35,0.0675191,0.065359,52.141
2011,2,13,2,40,0.113952,0.101958,52.141
2011,2,13,2,50,0.0643786,0.0763586,52.141
2011,2,13,2,60,0.0607896,0.0605595,52.141
2011,2,13,2,70,0.0414984,0.0499762,52.141
2011,2,13,2,80,0.0408255,0.0412653,52.141
2011,2,13,2,90,0.0419471,0.0331487,52.141
2011,2,13,2,100,0.0428443,0.044309,52.141
2011,2,13,2,120,0.0242261,0.0235457,52.141
2011,2,13,2,140,0.0163751,0.0129397,52.141
2011,2,13,2,160,0.0125617,0.0133655,52.141
2011,2,13,2,200,0.00942127,0.00697775,52.141
2011,2,13,2,250,0.00314042,0.00272195,52.141
2011,5,5,1,2,1e-09,0.000874637,255.5
2011,5,5,1,3,1e-09,0.00111652,255.5
2011,5,5,1,4,0.000432887,0.00116636,255.5
2011,5,5,1,5,0.000926938,0.0015807,255.5
2011,5,5,1,6,0.000432887,0.00271947,255.5
2011,5,5,1,7,0.00216443,0.00461339,255.5
2011,5,5,1,8,0.0022256,0.00701709,255.5
2011,5,5,1,9,0.00179271,0.00966871,255.5
2011,5,5,1,10,0.011128,0.0121739,255.5
2011,5,5,1,11,0.0105116,0.0143292,255.5
2011,5,5,1,12,0.0309137,0.0330182,255.5
2011,5,5,1,14,0.0390115,0.0354788,255.5
2011,5,5,1,16,0.0362918,0.0352928,255.5
2011,5,5,1,18,0.0409924,0.0340158,255.5
2011,5,5,1,20,0.09707,0.0782495,255.5
2011,5,5,1,25,0.0981192,0.0704674,255.5
2011,5,5,1,30,0.0654176,0.0637035,255.5
2011,5,5,1,35,0.0538567,0.0565332,255.5
2011,5,5,1,40,0.0914519,0.0942944,255.5
2011,5,5,1,50,0.0764939,0.0765993,255.5
2011,5,5,1,60,0.0724708,0.0658086,255.5
2011,5,5,1,70,0.0563317,0.0584554,255.5
2011,5,5,1,80,0.0418018,0.0515546,255.5
2011,5,5,1,90,0.0292481,0.0438413,255.5
2011,5,5,1,100,0.054906,0.0631641,255.5
2011,5,5,1,120,0.042724,0.0370677,255.5
2011,5,5,1,140,0.0165109,0.0211594,255.5
2011,5,5,1,160,0.0126149,0.0157391,255.5
2011,5,5,1,200,0.00927411,0.00581576,255.5
2011,5,5,1,250,0.00488408,0.00448113,255.5
2011,5,4,1,2,1e-09,0.00057908,21.1011
2011,5,4,1,3,1e-09,0.000683668,21.1011
2011,5,4,1,4,1e-09,0.000684632,21.1011
2011,5,4,1,5,1e-09,0.00090992,21.1011
2011,5,4,1,6,1e-09,0.00155925,21.1011
2011,5,4,1,7,0.0136986,0.00266255,21.1011
2011,5,4,1,8,0.0136986,0.00410753,21.1011
2011,5,4,1,9,1e-09,0.00577623,21.1011
2011,5,4,1,10,0.0136986,0.00745625,21.1011
2011,5,4,1,11,1e-09,0.00903488,21.1011
2011,5,4,1,12,0.0273973,0.0218966,21.1011
2011,5,4,1,14,0.0273973,0.025318,21.1011
2011,5,4,1,16,0.0410959,0.0273176,21.1011
2011,5,4,1,18,0.0273973,0.0286735,21.1011
2011,5,4,1,20,0.0684931,0.0769361,21.1011
2011,5,4,1,25,0.0547945,0.0806688,21.1011
2011,5,4,1,30,0.0547945,0.0758216,21.1011
2011,5,4,1,35,0.0684931,0.0673608,21.1011
2011,5,4,1,40,0.136986,0.112354,21.1011
2011,5,4,1,50,0.0821918,0.0912702,21.1011
2011,5,4,1,60,0.0273973,0.0783859,21.1011
2011,5,4,1,70,0.0821918,0.0686063,21.1011
2011,5,4,1,80,0.0410959,0.0575516,21.1011
2011,5,4,1,90,1e-09,0.0452023,21.1011
2011,5,4,1,100,0.0821918,0.0560949,21.1011
2011,5,4,1,120,0.0547945,0.0259793,21.1011
2011,5,4,1,140,0.0547945,0.0123049,21.1011
2011,5,4,1,160,0.0273973,0.0102861,21.1011
2011,5,4,1,200,1e-09,0.00369009,21.1011
2011,5,4,1,250,1e-09,0.000827005,21.1011
2011,5,13,2,2,0.000202924,0.000231773,52.141
2011,5,13,2,3,0.000608768,0.000395955,52.141
2011,5,13,2,4,0.00101461,0.000504706,52.141
2011,5,13,2,5,0.000405845,0.000783322,52.141
2011,5,13,2,6,0.00121753,0.00152581,52.141
2011,5,13,2,7,0.00162338,0.00291823,52.141
2011,5,13,2,8,0.000811689,0.004937,52.141
2011,5,13,2,9,0.00142046,0.00747638,52.141
2011,5,13,2,10,0.00649351,0.0102118,52.141
2011,5,13,2,11,0.0107549,0.0129129,52.141
2011,5,13,2,12,0.0150162,0.0325697,52.141
2011,5,13,2,14,0.0353084,0.0383444,52.141
2011,5,13,2,16,0.0186688,0.0407673,52.141
2011,5,13,2,18,0.0332792,0.0411414,52.141
2011,5,13,2,20,0.103084,0.0990665,52.141
2011,5,13,2,25,0.115463,0.0885023,52.141
2011,5,13,2,30,0.0689935,0.0774969,52.141
2011,5,13,2,35,0.0657467,0.0665966,52.141
2011,5,13,2,40,0.114854,0.10535,52.141
2011,5,13,2,50,0.0748782,0.0787887,52.141
2011,5,13,2,60,0.059862,0.0617374,52.141
2011,5,13,2,70,0.0462662,0.0501256,52.141
2011,5,13,2,80,0.0432224,0.0409627,52.141
2011,5,13,2,90,0.0379464,0.0328248,52.141
2011,5,13,2,100,0.0533685,0.044079,52.141
2011,5,13,2,120,0.0336851,0.0236711,52.141
2011,5,13,2,140,0.018263,0.0130909,52.141
2011,5,13,2,160,0.0192776,0.0134335,52.141
2011,5,13,2,200,0.010349,0.00689315,52.141
2011,5,13,2,250,0.00791396,0.00266052,52.141
2011,8,5,1,2,1e-09,0.000568828,255.5
2011,8,5,1,3,0.00030048,0.00156388,255.5
2011,8,5,1,4,1e-09,0.00260651,255.5
2011,8,5,1,5,1e-09,0.00324642,255.5
2011,8,5,1,6,0.00037937,0.0036029,255.5
2011,8,5,1,7,0.000569055,0.00407898,255.5
2011,8,5,1,8,0.00105922,0.00499424,255.5
2011,8,5,1,9,0.00317765,0.00647595,255.5
2011,8,5,1,10,0.00309876,0.00838993,255.5
2011,8,5,1,11,0.00442655,0.0105681,255.5
2011,8,5,1,12,0.0169794,0.0274356,255.5
2011,8,5,1,14,0.0209947,0.0337386,255.5
2011,8,5,1,16,0.0239037,0.0366866,255.5
2011,8,5,1,18,0.0271284,0.0366469,255.5
2011,8,5,1,20,0.0664453,0.0820885,255.5
2011,8,5,1,25,0.0581293,0.0694153,255.5
2011,8,5,1,30,0.0638819,0.062316,255.5
2011,8,5,1,35,0.0551094,0.0566744,255.5
2011,8,5,1,40,0.0861539,0.0972181,255.5
2011,8,5,1,50,0.0807,0.0795559,255.5
2011,8,5,1,60,0.0789157,0.0676737,255.5
2011,8,5,1,70,0.0714072,0.0593762,255.5
2011,8,5,1,80,0.0615738,0.0519417,255.5
2011,8,5,1,90,0.0508389,0.0440371,255.5
2011,8,5,1,100,0.0857293,0.0635639,255.5
2011,8,5,1,120,0.0607513,0.0375849,255.5
2011,8,5,1,140,0.0303681,0.0216069,255.5
2011,8,5,1,160,0.0260993,0.0160352,255.5
2011,8,5,1,200,0.0134525,0.0058438,255.5
2011,8,5,1,250,0.00842675,0.00446496,255.5
2011,8,13,2,2,1e-09,0.000149594,52.141
2011,8,13,2,3,1e-09,0.000547989,52.141
2011,8,13,2,4,1e-09,0.00113881,52.141
2011,8,13,2,5,1e-09,0.00168691,52.141
2011,8,13,2,6,0.00235453,0.00213899,52.141
2011,8,13,2,7,1e-09,0.00267655,52.141
2011,8,13,2,8,0.00168181,0.0035481,52.141
2011,8,13,2,9,0.00235453,0.00495633,52.141
2011,8,13,2,10,0.000672721,0.00689249,52.141
2011,8,13,2,11,0.00571813,0.00928759,52.141
2011,8,13,2,12,0.0114363,0.0264274,52.141
2011,8,13,2,14,0.0309452,0.0358025,52.141
2011,8,13,2,16,0.0359906,0.0419911,52.141
2011,8,13,2,18,0.0363269,0.0443461,52.141
2011,8,13,2,20,0.0887992,0.104789,52.141
2011,8,13,2,25,0.0837538,0.0873995,52.141
2011,8,13,2,30,0.0918264,0.0753763,52.141
2011,8,13,2,35,0.0622267,0.0662953,52.141
2011,8,13,2,40,0.116381,0.10827,52.141
2011,8,13,2,50,0.086781,0.0820267,52.141
2011,8,13,2,60,0.0642449,0.0638618,52.141
2011,8,13,2,70,0.0501177,0.0512214,52.141
2011,8,13,2,80,0.0427178,0.041406,52.141
2011,8,13,2,90,0.0363269,0.032978,52.141
2011,8,13,2,100,0.0497814,0.0442613,52.141
2011,8,13,2,120,0.0386815,0.0239539,52.141
2011,8,13,2,140,0.0198453,0.0133585,52.141
2011,8,13,2,160,0.0208544,0.0136725,52.141
2011,8,13,2,200,0.0104272,0.00690449,52.141
2011,8,13,2,250,0.00975446,0.00263417,52.141
2011,11,5,1,2,1e-09,0.000182954,255.5
2011,11,5,1,3,1e-09,0.000799656,255.5
2011,11,5,1,4,1e-09,0.00203542,255.5
2011,11,5,1,5,0.000728908,0.00362878,255.5
2011,11,5,1,6,0.00141501,0.00514642,255.5
2011,11,5,1,7,0.0020153,0.00630493,255.5
2011,11,5,1,8,0.00235814,0.00707757,255.5
2011,11,5,1,9,0.00128618,0.00768088,255.5
2011,11,5,1,10,0.00600289,0.00832385,255.5
2011,11,5,1,11,0.00608828,0.00918387,255.5
2011,11,5,1,12,0.0157776,0.0218754,255.5
2011,11,5,1,14,0.0243101,0.0272508,255.5
2011,11,5,1,16,0.0316845,0.0318725,255.5
2011,11,5,1,18,0.0283398,0.0343642,255.5
2011,11,5,1,20,0.0679124,0.083308,255.5
2011,11,5,1,25,0.0658976,0.0714351,255.5
2011,11,5,1,30,0.0672268,0.0624199,255.5
2011,11,5,1,35,0.0580089,0.0564142,255.5
2011,11,5,1,40,0.0874198,0.0987417,255.5
2011,11,5,1,50,0.0794455,0.0824427,255.5
2011,11,5,1,60,0.0736146,0.07003,255.5
2011,11,5,1,70,0.0679118,0.0608688,255.5
2011,11,5,1,80,0.058695,0.0528082,255.5
2011,11,5,1,90,0.0494764,0.0445521,255.5
2011,11,5,1,100,0.0833488,0.0642066,255.5
2011,11,5,1,120,0.054494,0.0381455,255.5
2011,11,5,1,140,0.0296264,0.0220995,255.5
2011,11,5,1,160,0.0216089,0.0164141,255.5
2011,11,5,1,200,0.00968958,0.00591077,255.5
2011,11,5,1,250,0.00561682,0.00447555,255.5
2011,11,13,2,2,1e-09,4.72315e-05,36.2925
2011,11,13,2,3,1e-09,0.000273953,36.2925
2011,11,13,2,4,1e-09,0.000869244,36.2925
2011,11,13,2,5,1e-09,0.00185211,36.2925
2011,11,13,2,6,0.00700281,0.00304311,36.2925
2011,11,13,2,7,1e-09,0.00421375,36.2925
2011,11,13,2,8,1e-09,0.00522074,36.2925
2011,11,13,2,9,0.00280113,0.00613973,36.2925
2011,11,13,2,10,0.00980392,0.00709043,36.2925
2011,11,13,2,11,0.00560224,0.00825225,36.2925
2011,11,13,2,12,0.00980392,0.021105,36.2925
2011,11,13,2,14,0.0168067,0.0285585,36.2925
2011,11,13,2,16,0.0364146,0.0359066,36.2925
2011,11,13,2,18,0.0322129,0.041045,36.2925
2011,11,13,2,20,0.0784314,0.106098,36.2925
2011,11,13,2,25,0.0910364,0.0906184,36.2925
2011,11,13,2,30,0.070028,0.0758953,36.2925
2011,11,13,2,35,0.0854342,0.0659851,36.2925
2011,11,13,2,40,0.0994398,0.109805,36.2925
2011,11,13,2,50,0.112045,0.0853022,36.2925
2011,11,13,2,60,0.0406162,0.0666494,36.2925
2011,11,13,2,70,0.0546218,0.0530595,36.2925
2011,11,13,2,80,0.035014,0.0425032,36.2925
2011,11,13,2,90,0.035014,0.0336176,36.2925
2011,11,13,2,100,0.0602241,0.0449386,36.2925
2011,11,13,2,120,0.0434174,0.0244172,36.2925
2011,11,13,2,140,0.0322129,0.0137397,36.2925
2011,11,13,2,160,0.0252101,0.0140866,36.2925
2011,11,13,2,200,0.0112045,0.00702005,36.2925
2011,11,13,2,250,0.00560224,0.0026461,36.2925
2012,2,5,1,2,1e-09,4.54676e-05,255.5
2012,2,5,1,3,1e-09,0.000266978,255.5
2012,2,5,1,4,0.000861417,0.000903319,255.5
2012,2,5,1,5,0.00130223,0.00210238,255.5
2012,2,5,1,6,0.00262469,0.0038013,255.5
2012,2,5,1,7,0.00346588,0.00574988,255.5
2012,2,5,1,8,0.00108182,0.00759468,255.5
2012,2,5,1,9,0.00262469,0.00915358,255.5
2012,2,5,1,10,0.00544956,0.0103028,255.5
2012,2,5,1,11,0.00745347,0.0111171,255.5
2012,2,5,1,12,0.0194951,0.0238993,255.5
2012,2,5,1,14,0.0256868,0.0258419,255.5
2012,2,5,1,16,0.0310554,0.0279922,255.5
2012,2,5,1,18,0.0280102,0.0299154,255.5
2012,2,5,1,20,0.0695441,0.0768359,255.5
2012,2,5,1,25,0.06642,0.0711693,255.5
2012,2,5,1,30,0.0569019,0.0634555,255.5
2012,2,5,1,35,0.0565016,0.0569581,255.5
2012,2,5,1,40,0.103386,0.0997526,255.5
2012,2,5,1,50,0.0875772,0.0847229,255.5
2012,2,5,1,60,0.0849505,0.0725051,255.5
2012,2,5,1,70,0.0703246,0.0627491,255.5
2012,2,5,1,80,0.0588431,0.0540571,255.5
2012,2,5,1,90,0.0544754,0.0453529,255.5
2012,2,5,1,100,0.0806212,0.0651,255.5
2012,2,5,1,120,0.0440778,0.038729,255.5
2012,2,5,1,140,0.0172708,0.022596,255.5
2012,2,5,1,160,0.0138635,0.0168467,255.5
2012,2,5,1,200,0.00502897,0.00601086,255.5
2012,2,5,1,250,0.00110205,0.00447248,255.5
2012,2,4,1,2,1e-09,2.92804e-05,41.6241
2012,2,4,1,3,1e-09,0.000160364,41.6241
2012,2,4,1,4,1e-09,0.000522484,41.6241
2012,2,4,1,5,1e-09,0.00119468,41.6241
2012,2,4,1,6,1e-09,0.00215189,41.6241
2012,2,4,1,7,1e-09,0.00327627,41.6241
2012,2,4,1,8,1e-09,0.00438932,41.6241
2012,2,4,1,9,1e-09,0.00539993,41.6241
2012,2,4,1,10,0.00694445,0.00623222,41.6241
2012,2,4,1,11,0.00694445,0.00692381,41.6241
2012,2,4,1,12,0.00694445,0.0156523,41.6241
2012,2,4,1,14,0.0208333,0.0182125,41.6241
2012,2,4,1,16,0.0416667,0.0213861,41.6241
2012,2,4,1,18,0.0277778,0.0248737,41.6241
2012,2,4,1,20,0.0902778,0.0746131,41.6241
2012,2,4,1,25,0.0763889,0.0804249,41.6241
2012,2,4,1,30,0.0486111,0.0745699,41.6241
2012,2,4,1,35,0.0763889,0.0670065,41.6241
2012,2,4,1,40,0.0902778,0.117351,41.6241
2012,2,4,1,50,0.111111,0.0996695,41.6241
2012,2,4,1,60,0.0763889,0.0852681,41.6241
2012,2,4,1,70,0.0486111,0.0727295,41.6241
2012,2,4,1,80,0.0347222,0.0595917,41.6241
2012,2,4,1,90,0.0625,0.0461491,41.6241
2012,2,4,1,100,0.0625,0.057014,41.6241
2012,2,4,1,120,0.0486111,0.0267813,41.6241
2012,2,4,1,140,0.0277778,0.0129716,41.6241
2012,2,4,1,160,0.0277778,0.0108618,41.6241
2012,2,4,1,200,0.00694445,0.00377347,41.6241
2012,2,4,1,250,1e-09,0.000819765,41.6241
2012,2,13,2,2,0.000513087,1.14683e-05,52.141
2012,2,13,2,3,1e-09,8.91785e-05,52.141
2012,2,13,2,4,1e-09,0.000375742,52.141
2012,2,13,2,5,0.000513087,0.00104497,52.141
2012,2,13,2,6,0.0030785,0.00219191,52.141
2012,2,13,2,7,0.00615701,0.00376239,52.141
2012,2,13,2,8,0.00513084,0.00552689,52.141
2012,2,13,2,9,0.00974859,0.0073005,52.141
2012,2,13,2,10,0.0164187,0.00887094,52.141
2012,2,13,2,11,0.0230888,0.0102124,52.141
2012,2,13,2,12,0.0436121,0.0237062,52.141
2012,2,13,2,14,0.0477168,0.0276312,52.141
2012,2,13,2,16,0.0436121,0.031711,52.141
2012,2,13,2,18,0.043099,0.0355466,52.141
2012,2,13,2,20,0.091842,0.0969501,52.141
2012,2,13,2,25,0.0790149,0.0900165,52.141
2012,2,13,2,30,0.073371,0.0774416,52.141
2012,2,13,2,35,0.0620831,0.0668672,52.141
2012,2,13,2,40,0.0995382,0.110921,52.141
2012,2,13,2,50,0.0867111,0.0877097,52.141
2012,2,13,2,60,0.061057,0.0693742,52.141
2012,2,13,2,70,0.0482299,0.0551693,52.141
2012,2,13,2,80,0.0374551,0.0439035,52.141
2012,2,13,2,90,0.0292458,0.0344932,52.141
2012,2,13,2,100,0.0379682,0.0458234,52.141
2012,2,13,2,120,0.0220626,0.024887,52.141
2012,2,13,2,140,0.0138533,0.0141063,52.141
2012,2,13,2,160,0.0102617,0.0145296,52.141
2012,2,13,2,200,0.00461775,0.00716791,52.141
2012,2,13,2,250,1e-09,0.00265793,52.141
2012,5,5,1,2,1e-09,0.00104191,255.5
2012,5,5,1,3,0.00169611,0.00129218,255.5
2012,5,5,1,4,0.00127208,0.00120798,255.5
2012,5,5,1,5,0.00193626,0.00135995,255.5
2012,5,5,1,6,0.000424027,0.00210351,255.5
2012,5,5,1,7,0.000424027,0.00346427,255.5
2012,5,5,1,8,0.00254417,0.0052452,255.5
2012,5,5,1,9,0.0034485,0.00724377,255.5
2012,5,5,1,10,0.00590073,0.00916702,255.5
2012,5,5,1,11,0.00396446,0.0108693,255.5
2012,5,5,1,12,0.0151937,0.025443,255.5
2012,5,5,1,14,0.0183101,0.0281333,255.5
2012,5,5,1,16,0.0234547,0.029047,255.5
2012,5,5,1,18,0.0330797,0.0291346,255.5
2012,5,5,1,20,0.0807452,0.0709852,255.5
2012,5,5,1,25,0.0939614,0.0672259,255.5
2012,5,5,1,30,0.0759121,0.0627368,255.5
2012,5,5,1,35,0.0543374,0.0575337,255.5
2012,5,5,1,40,0.115863,0.101249,255.5
2012,5,5,1,50,0.0882802,0.0866973,255.5
2012,5,5,1,60,0.0799272,0.0749207,255.5
2012,5,5,1,70,0.0617654,0.0649192,255.5
2012,5,5,1,80,0.0569172,0.0556886,255.5
2012,5,5,1,90,0.0460407,0.0464854,255.5
2012,5,5,1,100,0.0596865,0.0663742,255.5
2012,5,5,1,120,0.0321754,0.0394147,255.5
2012,5,5,1,140,0.0195259,0.0231007,255.5
2012,5,5,1,160,0.0154338,0.017289,255.5
2012,5,5,1,200,0.00438849,0.00611793,255.5
2012,5,5,1,250,0.00339222,0.00450878,255.5
2012,5,4,1,2,1e-09,0.000679371,44.8037
2012,5,4,1,3,1e-09,0.000779358,44.8037
2012,5,4,1,4,0.00645161,0.000698499,44.8037
2012,5,4,1,5,1e-09,0.000770996,44.8037
2012,5,4,1,6,1e-09,0.00118767,44.8037
2012,5,4,1,7,0.00645161,0.00196884,44.8037
2012,5,4,1,8,0.00645161,0.00302349,44.8037
2012,5,4,1,9,1e-09,0.00426151,44.8037
2012,5,4,1,10,1e-09,0.0055289,44.8037
2012,5,4,1,11,0.0129032,0.00674867,44.8037
2012,5,4,1,12,0.0129032,0.0166164,44.8037
2012,5,4,1,14,0.0129032,0.01977,44.8037
2012,5,4,1,16,0.0193548,0.0221377,44.8037
2012,5,4,1,18,0.00645161,0.0241782,44.8037
2012,5,4,1,20,0.0709677,0.068776,44.8037
2012,5,4,1,25,0.135484,0.0757932,44.8037
2012,5,4,1,30,0.116129,0.0735325,44.8037
2012,5,4,1,35,0.0451613,0.067507,44.8037
2012,5,4,1,40,0.148387,0.1188,44.8037
2012,5,4,1,50,0.0709677,0.101726,44.8037
2012,5,4,1,60,0.0516129,0.0878789,44.8037
2012,5,4,1,70,0.0580645,0.0750541,44.8037
2012,5,4,1,80,0.0580645,0.061242,44.8037
2012,5,4,1,90,0.0516129,0.047186,44.8037
2012,5,4,1,100,0.0516129,0.0579767,44.8037
2012,5,4,1,120,0.0387097,0.0271768,44.8037
2012,5,4,1,140,0.00645161,0.0132259,44.8037
2012,5,4,1,160,0.0129032,0.0111171,44.8037
2012,5,4,1,200,1e-09,0.00383324,44.8037
2012,5,4,1,250,1e-09,0.000824874,44.8037
2012,5,13,2,2,1e-09,0.000279487,52.141
2012,5,13,2,3,0.000635728,0.000465128,52.141
2012,5,13,2,4,0.000635728,0.000534803,52.141
2012,5,13,2,5,0.00190719,0.000690216,52.141
2012,5,13,2,6,0.00127145,0.00119861,52.141
2012,5,13,2,7,0.00445009,0.00221586,52.141
2012,5,13,2,8,0.0127146,0.00372596,52.141
2012,5,13,2,9,0.0190718,0.00565054,52.141
2012,5,13,2,10,0.0305149,0.00775099,52.141
2012,5,13,2,11,0.0317864,0.00986375,52.141
2012,5,13,2,12,0.0775588,0.0252305,52.141
2012,5,13,2,14,0.06548,0.0304812,52.141
2012,5,13,2,16,0.0527654,0.0335499,52.141
2012,5,13,2,18,0.0527654,0.0351903,52.141
2012,5,13,2,20,0.0845518,0.0898606,52.141
2012,5,13,2,25,0.0692943,0.0845592,52.141
2012,5,13,2,30,0.0603941,0.0763586,52.141
2012,5,13,2,35,0.0623013,0.0676452,52.141
2012,5,13,2,40,0.0915448,0.1128,52.141
2012,5,13,2,50,0.0680229,0.0897758,52.141
2012,5,13,2,60,0.0521297,0.0718667,52.141
2012,5,13,2,70,0.0432295,0.0574147,52.141
2012,5,13,2,80,0.027972,0.0455626,52.141
2012,5,13,2,90,0.020979,0.0356023,52.141
2012,5,13,2,100,0.0254291,0.04696,52.141
2012,5,13,2,120,0.0171647,0.0253931,52.141
2012,5,13,2,140,0.0108074,0.0144467,52.141
2012,5,13,2,160,0.00762874,0.0149447,52.141
2012,5,13,2,200,0.00445009,0.00730735,52.141
2012,5,13,2,250,0.00254291,0.00267496,52.141
2012,8,5,1,2,1e-09,0.000688734,255.5
2012,8,5,1,3,0.00022037,0.00188557,255.5
2012,8,5,1,4,0.00022037,0.00310565,255.5
2012,8,5,1,5,0.000440739,0.0037541,255.5
2012,8,5,1,6,0.000832154,0.00391178,255.5
2012,8,5,1,7,0.000832154,0.00400863,255.5
2012,8,5,1,8,0.00186824,0.00441968,255.5
2012,8,5,1,9,0.00125645,0.00530732,255.5
2012,8,5,1,10,0.0030918,0.00660056,255.5
2012,8,5,1,11,0.00273327,0.00816774,255.5
2012,8,5,1,12,0.0116337,0.0211088,255.5
2012,8,5,1,14,0.0143341,0.0262096,255.5
2012,8,5,1,16,0.0224583,0.0290519,255.5
2012,8,5,1,18,0.0265467,0.0297723,255.5
2012,8,5,1,20,0.0843468,0.0703298,255.5
2012,8,5,1,25,0.079844,0.0638531,255.5
2012,8,5,1,30,0.0689602,0.060196,255.5
2012,8,5,1,35,0.0595533,0.0567476,255.5
2012,8,5,1,40,0.0994672,0.102257,255.5
2012,8,5,1,50,0.0891886,0.0885751,255.5
2012,8,5,1,60,0.0807684,0.0771483,255.5
2012,8,5,1,70,0.0721475,0.0671263,255.5
2012,8,5,1,80,0.0575273,0.05753,255.5
2012,8,5,1,90,0.0528041,0.0478617,255.5
2012,8,5,1,100,0.0647568,0.0679875,255.5
2012,8,5,1,120,0.0452521,0.0402159,255.5
2012,8,5,1,140,0.0251916,0.0236229,255.5
2012,8,5,1,160,0.0205736,0.0177532,255.5
2012,8,5,1,200,0.00820644,0.00624527,255.5
2012,8,5,1,250,0.0049436,0.00455779,255.5
2012,8,4,1,2,1e-09,0.000444539,27.7494
2012,8,4,1,3,1e-09,0.00113147,27.7494
2012,8,4,1,4,1e-09,0.0017913,27.7494
2012,8,4,1,5,1e-09,0.00212505,27.7494
2012,8,4,1,6,1e-09,0.00220491,27.7494
2012,8,4,1,7,1e-09,0.00227431,27.7494
2012,8,4,1,8,0.0104167,0.00254364,27.7494
2012,8,4,1,9,1e-09,0.0031176,27.7494
2012,8,4,1,10,0.0104167,0.00397453,27.7494
2012,8,4,1,11,0.0104167,0.00506204,27.7494
2012,8,4,1,12,0.0104167,0.0137639,27.7494
2012,8,4,1,14,0.0208333,0.0183811,27.7494
2012,8,4,1,16,0.0208333,0.022091,27.7494
2012,8,4,1,18,1e-09,0.0246544,27.7494
2012,8,4,1,20,0.0833333,0.06798,27.7494
2012,8,4,1,25,0.03125,0.0718866,27.7494
2012,8,4,1,30,0.0833333,0.0704382,27.7494
2012,8,4,1,35,0.0520833,0.0664737,27.7494
2012,8,4,1,40,0.135417,0.119783,27.7494
2012,8,4,1,50,0.0833333,0.103756,27.7494
2012,8,4,1,60,0.09375,0.0903409,27.7494
2012,8,4,1,70,0.09375,0.0774795,27.7494
2012,8,4,1,80,0.0416667,0.0631729,27.7494
2012,8,4,1,90,0.0625,0.0485139,27.7494
2012,8,4,1,100,0.0416667,0.0592963,27.7494
2012,8,4,1,120,1e-09,0.0276785,27.7494
2012,8,4,1,140,0.03125,0.0135016,27.7494
2012,8,4,1,160,0.0208333,0.0113967,27.7494
2012,8,4,1,200,0.03125,0.00390893,27.7494
2012,8,4,1,250,0.03125,0.000833278,27.7494
2012,8,13,2,2,1e-09,0.000184682,52.141
2012,8,13,2,3,0.000601324,0.000673992,52.141
2012,8,13,2,4,0.00180397,0.001386,52.141
2012,8,13,2,5,0.00240529,0.00199895,52.141
2012,8,13,2,6,0.00240529,0.0023931,52.141
2012,8,13,2,7,0.00300662,0.00272357,52.141
2012,8,13,2,8,0.0102225,0.00324739,52.141
2012,8,13,2,9,0.0180397,0.00417726,52.141
2012,8,13,2,10,0.0228503,0.00554656,52.141
2012,8,13,2,11,0.0312688,0.00731611,52.141
2012,8,13,2,12,0.0655442,0.0206614,52.141
2012,8,13,2,14,0.0571257,0.0281917,52.141
2012,8,13,2,16,0.0511124,0.0336247,52.141
2012,8,13,2,18,0.0493085,0.036344,52.141
2012,8,13,2,20,0.0883945,0.0903394,52.141
2012,8,13,2,25,0.0619363,0.0808501,52.141
2012,8,13,2,30,0.0529164,0.0732882,52.141
2012,8,13,2,35,0.0505111,0.0667633,52.141
2012,8,13,2,40,0.0679495,0.114327,52.141
2012,8,13,2,50,0.0757667,0.0921049,52.141
2012,8,13,2,60,0.0649429,0.0743573,52.141
2012,8,13,2,70,0.0535177,0.0597995,52.141
2012,8,13,2,80,0.039086,0.047515,52.141
2012,8,13,2,90,0.0288635,0.0370295,52.141
2012,8,13,2,100,0.0414913,0.0485524,52.141
2012,8,13,2,120,0.0222489,0.0260951,52.141
2012,8,13,2,140,0.0180397,0.0148588,52.141
2012,8,13,2,160,0.0150331,0.0154368,52.141
2012,8,13,2,200,0.00240529,0.00750159,52.141
2012,8,13,2,250,0.00120265,0.00271163,52.141
2012,11,5,1,2,1e-09,0.000222011,255.5
2012,11,5,1,3,0.000570565,0.000968787,255.5
2012,11,5,1,4,0.0024837,0.00245761,255.5
2012,11,5,1,5,0.00296198,0.00435212,255.5
2012,11,5,1,6,0.00592396,0.0060942,255.5
2012,11,5,1,7,0.00442197,0.00729816,255.5
2012,11,5,1,8,0.00378425,0.00789833,255.5
2012,11,5,1,9,0.00302913,0.0081271,255.5
2012,11,5,1,10,0.0063351,0.00825319,255.5
2012,11,5,1,11,0.00455626,0.00850417,255.5
2012,11,5,1,12,0.0189802,0.0186377,255.5
2012,11,5,1,14,0.0151959,0.0218738,255.5
2012,11,5,1,16,0.0217156,0.0251474,255.5
2012,11,5,1,18,0.0246776,0.0272356,255.5
2012,11,5,1,20,0.0638713,0.0681214,255.5
2012,11,5,1,25,0.069317,0.062163,255.5
2012,11,5,1,30,0.0693421,0.0577371,255.5
2012,11,5,1,35,0.0627804,0.0547516,255.5
2012,11,5,1,40,0.11639,0.101162,255.5
2012,11,5,1,50,0.103946,0.089583,255.5
2012,11,5,1,60,0.0754593,0.0787759,255.5
2012,11,5,1,70,0.0628731,0.0688819,255.5
2012,11,5,1,80,0.0592816,0.0591156,255.5
2012,11,5,1,90,0.0472405,0.0491186,255.5
2012,11,5,1,100,0.0644839,0.069503,255.5
2012,11,5,1,120,0.0424663,0.040918,255.5
2012,11,5,1,140,0.0168573,0.0240342,255.5
2012,11,5,1,160,0.0175453,0.0181249,255.5
2012,11,5,1,200,0.0101614,0.00635028,255.5
2012,11,5,1,250,0.00334798,0.0045891,255.5
2012,11,4,1,2,1e-09,0.000143061,62.4361
2012,11,4,1,3,1e-09,0.000581719,62.4361
2012,11,4,1,4,1e-09,0.00142006,62.4361
2012,11,4,1,5,1e-09,0.0024696,62.4361
2012,11,4,1,6,0.00462963,0.00344432,62.4361
2012,11,4,1,7,1e-09,0.00415173,62.4361
2012,11,4,1,8,1e-09,0.0045579,62.4361
2012,11,4,1,9,0.0138889,0.0047879,62.4361
2012,11,4,1,10,0.00462963,0.00498605,62.4361
2012,11,4,1,11,0.0138889,0.00528922,62.4361
2012,11,4,1,12,0.0138889,0.012188,62.4361
2012,11,4,1,14,0.00462963,0.0153857,62.4361
2012,11,4,1,16,0.0138889,0.0191705,62.4361
2012,11,4,1,18,0.00925926,0.0226014,62.4361
2012,11,4,1,20,0.0555556,0.0660232,62.4361
2012,11,4,1,25,0.0555556,0.0701618,62.4361
2012,11,4,1,30,0.0324074,0.0677431,62.4361
2012,11,4,1,35,0.0509259,0.0643078,62.4361
2012,11,4,1,40,0.12037,0.118819,62.4361
2012,11,4,1,50,0.0833333,0.105219,62.4361
2012,11,4,1,60,0.111111,0.0924944,62.4361
2012,11,4,1,70,0.0740741,0.07972,62.4361
2012,11,4,1,80,0.0462963,0.0650962,62.4361
2012,11,4,1,90,0.0601852,0.0499339,62.4361
2012,11,4,1,100,0.101852,0.060798,62.4361
2012,11,4,1,120,0.0694444,0.0282368,62.4361
2012,11,4,1,140,0.0231481,0.0137732,62.4361
2012,11,4,1,160,0.0185185,0.0116672,62.4361
2012,11,4,1,200,0.0138889,0.00398753,62.4361
2012,11,4,1,250,0.00462963,0.000842296,62.4361
2012,11,13,2,2,1e-09,5.87944e-05,26.3134
2012,11,13,2,3,1e-09,0.000340532,26.3134
2012,11,13,2,4,1e-09,0.00107728,26.3134
2012,11,13,2,5,1e-09,0.00228181,26.3134
2012,11,13,2,6,0.00784314,0.00370716,26.3134
2012,11,13,2,7,1e-09,0.00503029,26.3134
2012,11,13,2,8,0.00784314,0.00602973,26.3134
2012,11,13,2,9,0.0137255,0.00674988,26.3134
2012,11,13,2,10,0.0235294,0.0073241,26.3134
2012,11,13,2,11,0.0392157,0.00796046,26.3134
2012,11,13,2,12,0.0627451,0.0186285,26.3134
2012,11,13,2,14,0.0588235,0.0235631,26.3134
2012,11,13,2,16,0.0509804,0.0289577,26.3134
2012,11,13,2,18,0.0411765,0.0331311,26.3134
2012,11,13,2,20,0.0941176,0.0879879,26.3134
2012,11,13,2,25,0.0666667,0.0796321,26.3134
2012,11,13,2,30,0.0705882,0.0708311,26.3134
2012,11,13,2,35,0.0666667,0.0646262,26.3134
2012,11,13,2,40,0.101961,0.113432,26.3134
2012,11,13,2,50,0.0784314,0.0936507,26.3134
2012,11,13,2,60,0.0333333,0.0764376,26.3134
2012,11,13,2,70,0.0352941,0.0618915,26.3134
2012,11,13,2,80,0.0372549,0.0493546,26.3134
2012,11,13,2,90,0.027451,0.0384742,26.3134
2012,11,13,2,100,0.0372549,0.050282,26.3134
2012,11,13,2,120,0.0156863,0.0268716,26.3134
2012,11,13,2,140,0.00784314,0.0152829,26.3134
2012,11,13,2,160,0.0137255,0.0159346,26.3134
2012,11,13,2,200,0.00784314,0.00771509,26.3134
2012,11,13,2,250,1e-09,0.002756,26.3134
2013,2,5,1,2,1e-09,5.47661e-05,255.5
2013,2,5,1,3,0.00121138,0.000321719,255.5
2013,2,5,1,4,0.00211946,0.00108673,255.5
2013,2,5,1,5,0.00529864,0.00252219,255.5
2013,2,5,1,6,0.0109006,0.00453964,255.5
2013,2,5,1,7,0.0106491,0.00681687,255.5
2013,2,5,1,8,0.012062,0.00890463,255.5
2013,2,5,1,9,0.00873119,0.0105558,255.5
2013,2,5,1,10,0.0127685,0.0116101,255.5
2013,2,5,1,11,0.00721651,0.0121434,255.5
2013,2,5,1,12,0.0299775,0.0245629,255.5
2013,2,5,1,14,0.0273032,0.0242469,255.5
2013,2,5,1,16,0.0245772,0.0242623,255.5
2013,2,5,1,18,0.0215996,0.0246916,255.5
2013,2,5,1,20,0.0492061,0.0620484,255.5
2013,2,5,1,25,0.0519303,0.0590973,255.5
2013,2,5,1,30,0.0584404,0.0555717,255.5
2013,2,5,1,35,0.0585403,0.052668,255.5
2013,2,5,1,40,0.122832,0.0984608,255.5
2013,2,5,1,50,0.102649,0.0892902,255.5
2013,2,5,1,60,0.0832191,0.0796892,255.5
2013,2,5,1,70,0.0596018,0.0701539,255.5
2013,2,5,1,80,0.0543531,0.0603698,255.5
2013,2,5,1,90,0.045522,0.0501766,255.5
2013,2,5,1,100,0.0621263,0.0708488,255.5
2013,2,5,1,120,0.0420895,0.0415273,255.5
2013,2,5,1,140,0.015846,0.0243525,255.5
2013,2,5,1,160,0.0139799,0.0184152,255.5
2013,2,5,1,200,0.00418897,0.00643753,255.5
2013,2,5,1,250,0.00105973,0.00457332,255.5
2013,2,4,1,2,1e-09,3.5391e-05,32.3743
2013,2,4,1,3,1e-09,0.000193933,32.3743
2013,2,4,1,4,0.00892857,0.000630807,32.3743
2013,2,4,1,5,1e-09,0.00143834,32.3743
2013,2,4,1,6,1e-09,0.002579,32.3743
2013,2,4,1,7,1e-09,0.00389805,32.3743
2013,2,4,1,8,1e-09,0.00516471,32.3743
2013,2,4,1,9,0.00892857,0.00624936,32.3743
2013,2,4,1,10,0.00892857,0.00704825,32.3743
2013,2,4,1,11,0.00892857,0.0075907,32.3743
2013,2,4,1,12,0.0357143,0.0161426,32.3743
2013,2,4,1,14,0.0178571,0.0171517,32.3743
2013,2,4,1,16,0.0178571,0.0186098,32.3743
2013,2,4,1,18,0.00892857,0.0206126,32.3743
2013,2,4,1,20,0.0803571,0.0604857,32.3743
2013,2,4,1,25,0.0357143,0.0670417,32.3743
2013,2,4,1,30,0.0267857,0.0655387,32.3743
2013,2,4,1,35,0.0446429,0.06218,32.3743
2013,2,4,1,40,0.142857,0.116243,32.3743
2013,2,4,1,50,0.0625,0.105416,32.3743
2013,2,4,1,60,0.0803571,0.09405,32.3743
2013,2,4,1,70,0.0446429,0.0816106,32.3743
2013,2,4,1,80,0.0982143,0.0668246,32.3743
2013,2,4,1,90,0.0446429,0.0512828,32.3743
2013,2,4,1,100,0.116071,0.062315,32.3743
2013,2,4,1,120,0.0714286,0.0288085,32.3743
2013,2,4,1,140,0.0178571,0.0140276,32.3743
2013,2,4,1,160,0.00892857,0.0119165,32.3743
2013,2,4,1,200,1e-09,0.00406535,32.3743
2013,2,4,1,250,0.00892857,0.000848105,32.3743
2013,2,13,2,2,1e-09,1.42013e-05,52.141
2013,2,13,2,3,0.00128041,0.000110484,52.141
2013,2,13,2,4,0.000426803,0.000464827,52.141
2013,2,13,2,5,0.000853609,0.00128955,52.141
2013,2,13,2,6,0.00170721,0.00269408,52.141
2013,2,13,2,7,0.00298762,0.00459474,52.141
2013,2,13,2,8,0.00597525,0.00668357,52.141
2013,2,13,2,9,0.00853607,0.00869875,52.141
2013,2,13,2,10,0.0149381,0.0103526,52.141
2013,2,13,2,11,0.0192061,0.0115833,52.141
2013,2,13,2,12,0.0448143,0.0253763,52.141
2013,2,13,2,14,0.0490824,0.0270324,52.141
2013,2,13,2,16,0.0495092,0.0285341,52.141
2013,2,13,2,18,0.0503628,0.0302529,52.141
2013,2,13,2,20,0.110542,0.0799625,52.141
2013,2,13,2,25,0.080239,0.0757329,52.141
2013,2,13,2,30,0.0576184,0.0684369,52.141
2013,2,13,2,35,0.054204,0.0623031,52.141
2013,2,13,2,40,0.0909091,0.110265,52.141
2013,2,13,2,50,0.0849338,0.0932447,52.141
2013,2,13,2,60,0.0678617,0.0773985,52.141
2013,2,13,2,70,0.0516432,0.0632108,52.141
2013,2,13,2,80,0.0396927,0.0506337,52.141
2013,2,13,2,90,0.0273154,0.0395445,52.141
2013,2,13,2,100,0.0379855,0.0516331,52.141
2013,2,13,2,120,0.0166453,0.0274687,52.141
2013,2,13,2,140,0.0102433,0.0155777,52.141
2013,2,13,2,160,0.0128041,0.0162753,52.141
2013,2,13,2,200,0.00341443,0.00786326,52.141
2013,2,13,2,250,0.00426803,0.00276797,52.141
2013,5,5,1,2,1e-09,0.000894397,255.5
2013,5,5,1,3,0.000832089,0.00113022,255.5
2013,5,5,1,4,0.00287848,0.00113728,255.5
2013,5,5,1,5,0.000598696,0.00145571,255.5
2013,5,5,1,6,0.00286157,0.00242891,255.5
2013,5,5,1,7,0.00247935,0.00408042,255.5
2013,5,5,1,8,0.00164726,0.00618198,255.5
2013,5,5,1,9,0.00432618,0.0084903,255.5
2013,5,5,1,10,0.00881809,0.0106492,255.5
2013,5,5,1,11,0.00697126,0.0124714,255.5
2013,5,5,1,12,0.0200986,0.0284329,255.5
2013,5,5,1,14,0.0194018,0.0299628,255.5
2013,5,5,1,16,0.0292854,0.0290599,255.5
2013,5,5,1,18,0.036507,0.0272781,255.5
2013,5,5,1,20,0.0798567,0.0609386,255.5
2013,5,5,1,25,0.0770594,0.0552609,255.5
2013,5,5,1,30,0.0677914,0.0527085,255.5
2013,5,5,1,35,0.0687893,0.0505745,255.5
2013,5,5,1,40,0.135204,0.0954774,255.5
2013,5,5,1,50,0.103669,0.0881864,255.5
2013,5,5,1,60,0.0734842,0.0800962,255.5
2013,5,5,1,70,0.0586892,0.07122,255.5
2013,5,5,1,80,0.0412999,0.0615577,255.5
2013,5,5,1,90,0.0357256,0.0512429,255.5
2013,5,5,1,100,0.0554454,0.0723203,255.5
2013,5,5,1,120,0.0296203,0.0422541,255.5
2013,5,5,1,140,0.0174062,0.0247089,255.5
2013,5,5,1,160,0.0134622,0.0186914,255.5
2013,5,5,1,200,0.00414353,0.00651765,255.5
2013,5,5,1,250,0.00164726,0.00459099,255.5
2013,5,4,1,2,1e-09,0.000588402,19.0777
2013,5,4,1,3,1e-09,0.000687697,19.0777
2013,5,4,1,4,1e-09,0.00066338,19.0777
2013,5,4,1,5,1e-09,0.00083265,19.0777
2013,5,4,1,6,1e-09,0.00138375,19.0777
2013,5,4,1,7,1e-09,0.00233991,19.0777
2013,5,4,1,8,1e-09,0.00359557,19.0777
2013,5,4,1,9,1e-09,0.00503984,19.0777
2013,5,4,1,10,0.0151515,0.00648078,19.0777
2013,5,4,1,11,0.0151515,0.00781338,19.0777
2013,5,4,1,12,0.0151515,0.0187347,19.0777
2013,5,4,1,14,0.0151515,0.021245,19.0777
2013,5,4,1,16,0.0606061,0.0223514,19.0777
2013,5,4,1,18,0.030303,0.022852,19.0777
2013,5,4,1,20,0.121212,0.0595314,19.0777
2013,5,4,1,25,0.0606061,0.0628791,19.0777
2013,5,4,1,30,0.0606061,0.0623364,19.0777
2013,5,4,1,35,0.030303,0.059876,19.0777
2013,5,4,1,40,0.181818,0.113037,19.0777
2013,5,4,1,50,0.0909091,0.104405,19.0777
2013,5,4,1,60,0.0454545,0.0947953,19.0777
2013,5,4,1,70,0.030303,0.0830806,19.0777
2013,5,4,1,80,0.0454545,0.0683311,19.0777
2013,5,4,1,90,0.0151515,0.0525259,19.0777
2013,5,4,1,100,0.0454545,0.0638058,19.0777
2013,5,4,1,120,0.0757576,0.0294008,19.0777
2013,5,4,1,140,0.030303,0.0142729,19.0777
2013,5,4,1,160,1e-09,0.0121296,19.0777
2013,5,4,1,200,0.0151515,0.00412921,19.0777
2013,5,4,1,250,1e-09,0.000854762,19.0777
2013,5,13,2,2,0.000547049,0.000245758,52.141
2013,5,13,2,3,0.00218818,0.000415957,52.141
2013,5,13,2,4,0.00328227,0.000511822,52.141
2013,5,13,2,5,0.00273523,0.00074975,52.141
2013,5,13,2,6,0.00164114,0.00141254,52.141
2013,5,13,2,7,0.00218818,0.00267254,52.141
2013,5,13,2,8,0.00547046,0.00450297,52.141
2013,5,13,2,9,0.0071116,0.00679812,52.141
2013,5,13,2,10,0.012035,0.00925279,52.141
2013,5,13,2,11,0.0169584,0.0116462,52.141
2013,5,13,2,12,0.0393873,0.0290836,52.141
2013,5,13,2,14,0.0322757,0.0336147,52.141
2013,5,13,2,16,0.0426696,0.0348577,52.141
2013,5,13,2,18,0.0454048,0.0342195,52.141
2013,5,13,2,20,0.100656,0.0795096,52.141
2013,5,13,2,25,0.0749453,0.0707235,52.141
2013,5,13,2,30,0.059628,0.0647283,52.141
2013,5,13,2,35,0.0574398,0.0597325,52.141
2013,5,13,2,40,0.0935449,0.106593,52.141
2013,5,13,2,50,0.0743982,0.0916138,52.141
2013,5,13,2,60,0.0727571,0.0774533,52.141
2013,5,13,2,70,0.0607221,0.064001,52.141
2013,5,13,2,80,0.0454048,0.05157,52.141
2013,5,13,2,90,0.0328228,0.040384,52.141
2013,5,13,2,100,0.04814,0.052757,52.141
2013,5,13,2,120,0.0268052,0.0279752,52.141
2013,5,13,2,140,0.0185996,0.0157955,52.141
2013,5,13,2,160,0.012035,0.0164802,52.141
2013,5,13,2,200,0.00601751,0.00793544,52.141
2013,5,13,2,250,0.00218818,0.00276384,52.141
2013,8,5,1,2,1e-09,0.00058701,255.5
2013,8,5,1,3,1e-09,0.00161145,255.5
2013,8,5,1,4,0.000466971,0.00267453,255.5
2013,8,5,1,5,1e-09,0.00329627,255.5
2013,8,5,1,6,0.000850487,0.00357978,255.5
2013,8,5,1,7,0.000977264,0.00392177,255.5
2013,8,5,1,8,0.000466971,0.0046458,255.5
2013,8,5,1,9,0.00411928,0.00588154,255.5
2013,8,5,1,10,0.00518319,0.00751406,255.5
2013,8,5,1,11,0.00837172,0.00938582,255.5
2013,8,5,1,12,0.017297,0.0241573,255.5
2013,8,5,1,14,0.0195051,0.0293902,255.5
2013,8,5,1,16,0.0213361,0.0315278,255.5
2013,8,5,1,18,0.0220133,0.0309703,255.5
2013,8,5,1,20,0.0564838,0.0672108,255.5
2013,8,5,1,25,0.0543623,0.0552825,255.5
2013,8,5,1,30,0.0497296,0.0504263,255.5
2013,8,5,1,35,0.0483318,0.0483244,255.5
2013,8,5,1,40,0.109591,0.0924047,255.5
2013,8,5,1,50,0.105435,0.086799,255.5
2013,8,5,1,60,0.0935185,0.0801747,255.5
2013,8,5,1,70,0.070061,0.0721759,255.5
2013,8,5,1,80,0.0698476,0.0628012,255.5
2013,8,5,1,90,0.0564997,0.0524345,255.5
2013,8,5,1,100,0.0838357,0.0740823,255.5
2013,8,5,1,120,0.0488358,0.0432177,255.5
2013,8,5,1,140,0.0235938,0.0252047,255.5
2013,8,5,1,160,0.0167498,0.0190527,255.5
2013,8,5,1,200,0.00773465,0.00663076,255.5
2013,8,5,1,250,0.00480286,0.00463433,255.5
2013,8,4,1,2,1e-09,0.000382887,26.8822
2013,8,4,1,3,0.0215054,0.000977194,26.8822
2013,8,4,1,4,0.0107527,0.00155892,26.8822
2013,8,4,1,5,1e-09,0.0018856,26.8822
2013,8,4,1,6,1e-09,0.00203914,26.8822
2013,8,4,1,7,1e-09,0.00224862,26.8822
2013,8,4,1,8,1e-09,0.00270204,26.8822
2013,8,4,1,9,1e-09,0.00349131,26.8822
2013,8,4,1,10,0.0107527,0.00457225,26.8822
2013,8,4,1,11,1e-09,0.00587834,26.8822
2013,8,4,1,12,0.0107527,0.0159177,26.8822
2013,8,4,1,14,0.0215054,0.0208288,26.8822
2013,8,4,1,16,0.0107527,0.0242275,26.8822
2013,8,4,1,18,0.0537634,0.0259213,26.8822
2013,8,4,1,20,0.139785,0.0655635,26.8822
2013,8,4,1,25,0.0860215,0.0628938,26.8822
2013,8,4,1,30,0.0430108,0.0596321,26.8822
2013,8,4,1,35,0.0322581,0.0572059,26.8822
2013,8,4,1,40,0.107527,0.109388,26.8822
2013,8,4,1,50,0.11828,0.102752,26.8822
2013,8,4,1,60,0.0752688,0.0948777,26.8822
2013,8,4,1,70,0.0537634,0.0841816,26.8822
2013,8,4,1,80,0.0537634,0.0697001,26.8822
2013,8,4,1,90,0.0537634,0.0537441,26.8822
2013,8,4,1,100,0.0322581,0.0653675,26.8822
2013,8,4,1,120,0.0322581,0.0300756,26.8822
2013,8,4,1,140,0.0107527,0.0145581,26.8822
2013,8,4,1,160,0.0215054,0.0123629,26.8822
2013,8,4,1,200,1e-09,0.00420181,26.8822
2013,8,4,1,250,1e-09,0.000863845,26.8822
2013,8,13,2,2,1e-09,0.00016017,36.5101
2013,8,13,2,3,1e-09,0.000585943,36.5101
2013,8,13,2,4,0.00284092,0.0012131,36.5101
2013,8,13,2,5,0.00284092,0.00177998,36.5101
2013,8,13,2,6,0.00426136,0.0022123,36.5101
2013,8,13,2,7,0.00426136,0.00268184,36.5101
2013,8,13,2,8,0.00142046,0.00343703,36.5101
2013,8,13,2,9,1e-09,0.00467937,36.5101
2013,8,13,2,10,0.00568182,0.00640849,36.5101
2013,8,13,2,11,0.00568182,0.00855784,36.5101
2013,8,13,2,12,0.0213068,0.0241381,36.5101
2013,8,13,2,14,0.0326705,0.0323695,36.5101
2013,8,13,2,16,0.0213068,0.0374818,36.5101
2013,8,13,2,18,0.0284091,0.0389473,36.5101
2013,8,13,2,20,0.0965909,0.0890353,36.5101
2013,8,13,2,25,0.0639205,0.0716815,36.5101
2013,8,13,2,30,0.0610795,0.062124,36.5101
2013,8,13,2,35,0.0610795,0.0570326,36.5101
2013,8,13,2,40,0.112216,0.102979,36.5101
2013,8,13,2,50,0.0951705,0.0898733,36.5101
2013,8,13,2,60,0.0809659,0.0772471,36.5101
2013,8,13,2,70,0.0596591,0.0647172,36.5101
2013,8,13,2,80,0.0568182,0.0525907,36.5101
2013,8,13,2,90,0.0269886,0.0413661,36.5101
2013,8,13,2,100,0.0710227,0.0541732,36.5101
2013,8,13,2,120,0.03125,0.0287062,36.5101
2013,8,13,2,140,0.015625,0.0161523,36.5101
2013,8,13,2,160,0.0284091,0.0168125,36.5101
2013,8,13,2,200,0.00568182,0.00807139,36.5101
2013,8,13,2,250,0.00284092,0.00278468,36.5101
2013,11,5,1,2,1e-09,0.000189285,255.5
2013,11,5,1,3,1e-09,0.000826849,255.5
2013,11,5,1,4,1e-09,0.00210212,255.5
2013,11,5,1,5,0.0005887,0.00373876,255.5
2013,11,5,1,6,0.00265567,0.0052785,255.5
2013,11,5,1,7,0.00366295,0.00641496,255.5
2013,11,5,1,8,0.00464412,0.00710945,255.5
2013,11,5,1,9,0.00393772,0.0075751,255.5
2013,11,5,1,10,0.0040293,0.0080306,255.5
2013,11,5,1,11,0.00620093,0.00866011,255.5
2013,11,5,1,12,0.0183019,0.0200448,255.5
2013,11,5,1,14,0.0244898,0.0243635,255.5
2013,11,5,1,16,0.0249738,0.028055,255.5
2013,11,5,1,18,0.0236002,0.0298675,255.5
2013,11,5,1,20,0.0562271,0.0707582,255.5
2013,11,5,1,25,0.0496992,0.0587613,255.5
2013,11,5,1,30,0.0446626,0.0507481,255.5
2013,11,5,1,35,0.0458661,0.0469033,255.5
2013,11,5,1,40,0.0938516,0.089127,255.5
2013,11,5,1,50,0.091536,0.0849212,255.5
2013,11,5,1,60,0.0909864,0.0797259,255.5
2013,11,5,1,70,0.078833,0.0727262,255.5
2013,11,5,1,80,0.0656593,0.0638217,255.5
2013,11,5,1,90,0.0618393,0.0535331,255.5
2013,11,5,1,100,0.096677,0.0758395,255.5
2013,11,5,1,120,0.0504317,0.0442516,255.5
2013,11,5,1,140,0.0259811,0.0257547,255.5
2013,11,5,1,160,0.0213239,0.019437,255.5
2013,11,5,1,200,0.00620093,0.00675067,255.5
2013,11,5,1,250,0.00313973,0.00468392,255.5
2013,11,4,1,2,1e-09,0.00012302,47.1161
2013,11,4,1,3,1e-09,0.000500757,47.1161
2013,11,4,1,4,1e-09,0.00122509,47.1161
2013,11,4,1,5,1e-09,0.00213978,47.1161
2013,11,4,1,6,0.00613497,0.00300896,47.1161
2013,11,4,1,7,1e-09,0.0036807,47.1161
2013,11,4,1,8,1e-09,0.00413793,47.1161
2013,11,4,1,9,1e-09,0.00450091,47.1161
2013,11,4,1,10,0.00613497,0.00489276,47.1161
2013,11,4,1,11,0.0122699,0.0054315,47.1161
2013,11,4,1,12,1e-09,0.0132208,47.1161
2013,11,4,1,14,0.0122699,0.0172824,47.1161
2013,11,4,1,16,0.0184049,0.0215686,47.1161
2013,11,4,1,18,0.0552147,0.0249971,47.1161
2013,11,4,1,20,0.0613497,0.0690835,47.1161
2013,11,4,1,25,0.0674847,0.0668702,47.1161
2013,11,4,1,30,0.0981595,0.0600554,47.1161
2013,11,4,1,35,0.0306748,0.0555633,47.1161
2013,11,4,1,40,0.0920245,0.105583,47.1161
2013,11,4,1,50,0.122699,0.100601,47.1161
2013,11,4,1,60,0.0736196,0.0944136,47.1161
2013,11,4,1,70,0.0674847,0.0848767,47.1161
2013,11,4,1,80,0.0552147,0.0708745,47.1161
2013,11,4,1,90,0.0613497,0.0549066,47.1161
2013,11,4,1,100,0.0858896,0.066973,47.1161
2013,11,4,1,120,0.0490798,0.0308247,47.1161
2013,11,4,1,140,0.0122699,0.0148868,47.1161
2013,11,4,1,160,0.00613497,0.0126209,47.1161
2013,11,4,1,200,1e-09,0.00428202,47.1161
2013,11,4,1,250,0.00613497,0.000874922,47.1161
2013,11,13,2,2,1e-09,5.08139e-05,8.82076
2013,11,13,2,3,1e-09,0.000294579,8.82076
2013,11,13,2,4,1e-09,0.000933681,8.82076
2013,11,13,2,5,1e-09,0.00198514,8.82076
2013,11,13,2,6,0.00588238,0.00324843,8.82076
2013,11,13,2,7,0.0117647,0.00446534,8.82076
2013,11,13,2,8,0.00588238,0.00546752,8.82076
2013,11,13,2,9,1e-09,0.00631936,8.82076
2013,11,13,2,10,1e-09,0.00714265,8.82076
2013,11,13,2,11,1e-09,0.00812227,8.82076
2013,11,13,2,12,0.0117647,0.0201479,8.82076
2013,11,13,2,14,0.0294118,0.0265513,8.82076
2013,11,13,2,16,0.0117647,0.0328418,8.82076
2013,11,13,2,18,0.0117647,0.0370683,8.82076
2013,11,13,2,20,0.135294,0.0936264,8.82076
2013,11,13,2,25,0.147059,0.0772262,8.82076
2013,11,13,2,30,0.111765,0.0633793,8.82076
2013,11,13,2,35,0.0529412,0.055737,8.82076
2013,11,13,2,40,0.0588236,0.0994269,8.82076
2013,11,13,2,50,0.0647059,0.0878164,8.82076
2013,11,13,2,60,0.0823529,0.076682,8.82076
2013,11,13,2,70,0.0823529,0.0651667,8.82076
2013,11,13,2,80,0.0529412,0.0535145,8.82076
2013,11,13,2,90,0.0352941,0.0423696,8.82076
2013,11,13,2,100,0.0352941,0.0557559,8.82076
2013,11,13,2,120,0.0235294,0.0296134,8.82076
2013,11,13,2,140,0.0176471,0.0166417,8.82076
2013,11,13,2,160,0.0117647,0.0172881,8.82076
2013,11,13,2,200,1e-09,0.00828182,8.82076
2013,11,13,2,250,1e-09,0.00283494,8.82076
2014,2,5,1,2,1e-09,4.69018e-05,255.5
2014,2,5,1,3,0.00048765,0.000276218,255.5
2014,2,5,1,4,0.00111592,0.00093403,255.5
2014,2,5,1,5,0.00352597,0.00217169,255.5
2014,2,5,1,6,0.00767081,0.00392024,255.5
2014,2,5,1,7,0.0122845,0.00591434,255.5
2014,2,5,1,8,0.0142069,0.00778087,255.5
2014,2,5,1,9,0.0211088,0.00932234,255.5
2014,2,5,1,10,0.024166,0.0104064,255.5
2014,2,5,1,11,0.0218029,0.0111046,255.5
2014,2,5,1,12,0.0335904,0.023359,255.5
2014,2,5,1,14,0.0348845,0.0244454,255.5
2014,2,5,1,16,0.0313209,0.0256885,255.5
2014,2,5,1,18,0.0377164,0.0268262,255.5
2014,2,5,1,20,0.0660832,0.0670182,255.5
2014,2,5,1,25,0.0455654,0.0602179,255.5
2014,2,5,1,30,0.0452278,0.052579,255.5
2014,2,5,1,35,0.0383917,0.0471907,255.5
2014,2,5,1,40,0.0742793,0.086911,255.5
2014,2,5,1,50,0.0870232,0.0827122,255.5
2014,2,5,1,60,0.0873703,0.0787766,255.5
2014,2,5,1,70,0.0654925,0.0728358,255.5
2014,2,5,1,80,0.0547364,0.0645347,255.5
2014,2,5,1,90,0.0520921,0.0544536,255.5
2014,2,5,1,100,0.0707161,0.077476,255.5
2014,2,5,1,120,0.0348093,0.0452981,255.5
2014,2,5,1,140,0.0181829,0.0263455,255.5
2014,2,5,1,160,0.0113562,0.0198599,255.5
2014,2,5,1,200,0.00318834,0.00688721,255.5
2014,2,5,1,250,0.00160357,0.00470659,255.5
2014,2,4,1,2,1e-09,3.04639e-05,14.4528
2014,2,4,1,3,1e-09,0.000167377,14.4528
2014,2,4,1,4,1e-09,0.00054501,14.4528
2014,2,4,1,5,1e-09,0.00124494,14.4528
2014,2,4,1,6,1e-09,0.00223878,14.4528
2014,2,4,1,7,1e-09,0.00339968,14.4528
2014,2,4,1,8,1e-09,0.00453657,14.4528
2014,2,4,1,9,1e-09,0.00554798,14.4528
2014,2,4,1,10,1e-09,0.00635044,14.4528
2014,2,4,1,11,1e-09,0.00697721,14.4528
2014,2,4,1,12,1e-09,0.0154328,14.4528
2014,2,4,1,14,1e-09,0.0173808,14.4528
2014,2,4,1,16,1e-09,0.0198012,14.4528
2014,2,4,1,18,0.04,0.0225044,14.4528
2014,2,4,1,20,1e-09,0.0656251,14.4528
2014,2,4,1,25,0.02,0.0686414,14.4528
2014,2,4,1,30,0.08,0.0623331,14.4528
2014,2,4,1,35,0.06,0.0560053,14.4528
2014,2,4,1,40,0.06,0.103145,14.4528
2014,2,4,1,50,0.1,0.0981618,14.4528
2014,2,4,1,60,0.06,0.0934585,14.4528
2014,2,4,1,70,0.08,0.08515,14.4528
2014,2,4,1,80,0.08,0.0717826,14.4528
2014,2,4,1,90,0.1,0.0559432,14.4528
2014,2,4,1,100,0.18,0.0685408,14.4528
2014,2,4,1,120,0.08,0.0316173,14.4528
2014,2,4,1,140,0.02,0.0152562,14.4528
2014,2,4,1,160,0.02,0.0129186,14.4528
2014,2,4,1,200,0.02,0.00437779,14.4528
2014,2,4,1,250,1e-09,0.000885824,14.4528
2014,2,13,2,2,1e-09,1.22958e-05,52.141
2014,2,13,2,3,1e-09,9.58819e-05,52.141
2014,2,13,2,4,1e-09,0.00040377,52.141
2014,2,13,2,5,1e-09,0.00112191,52.141
2014,2,13,2,6,1e-09,0.00234983,52.141
2014,2,13,2,7,1e-09,0.00402397,52.141
2014,2,13,2,8,0.00065963,0.00588987,52.141
2014,2,13,2,9,0.00065963,0.00773789,52.141
2014,2,13,2,10,0.00263852,0.00933119,52.141
2014,2,13,2,11,0.00527704,0.0106312,52.141
2014,2,13,2,12,0.0230871,0.0241644,52.141
2014,2,13,2,14,0.0224274,0.0272598,52.141
2014,2,13,2,16,0.0323219,0.0303096,52.141
2014,2,13,2,18,0.0402375,0.0331462,52.141
2014,2,13,2,20,0.091029,0.0877776,52.141
2014,2,13,2,25,0.0956464,0.078938,52.141
2014,2,13,2,30,0.0817942,0.0661902,52.141
2014,2,13,2,35,0.0765171,0.0566375,52.141
2014,2,13,2,40,0.123351,0.0973163,52.141
2014,2,13,2,50,0.0956464,0.0853267,52.141
2014,2,13,2,60,0.0804749,0.0754747,52.141
2014,2,13,2,70,0.0672823,0.0650397,52.141
2014,2,13,2,80,0.0402375,0.0540046,52.141
2014,2,13,2,90,0.0349604,0.0430879,52.141
2014,2,13,2,100,0.0395778,0.0570681,52.141
2014,2,13,2,120,0.0197889,0.0304409,52.141
2014,2,13,2,140,0.0118734,0.0171117,52.141
2014,2,13,2,160,0.0105541,0.0177496,52.141
2014,2,13,2,200,0.00197889,0.0084861,52.141
2014,2,13,2,250,0.00197889,0.00287251,52.141
2014,5,5,1,2,1e-09,0.000364436,255.5
2014,5,5,1,3,1e-09,0.000494648,255.5
2014,5,5,1,4,0.0011972,0.000627186,255.5
2014,5,5,1,5,1e-09,0.00106661,255.5
2014,5,5,1,6,0.00175486,0.00202242,255.5
2014,5,5,1,7,0.00262205,0.00352075,255.5
2014,5,5,1,8,0.00260158,0.00539218,255.5
2014,5,5,1,9,0.00664848,0.00745216,255.5
2014,5,5,1,10,0.00722661,0.00940642,255.5
2014,5,5,1,11,0.0113349,0.0111047,255.5
2014,5,5,1,12,0.0336952,0.0257436,255.5
2014,5,5,1,14,0.0369363,0.0279623,255.5
2014,5,5,1,16,0.0414795,0.0281973,255.5
2014,5,5,1,18,0.0403028,0.027557,255.5
2014,5,5,1,20,0.0995994,0.0644705,255.5
2014,5,5,1,25,0.0986274,0.0585691,255.5
2014,5,5,1,30,0.0657379,0.0532414,255.5
2014,5,5,1,35,0.0573985,0.0482541,255.5
2014,5,5,1,40,0.0901856,0.0868633,255.5
2014,5,5,1,50,0.0716241,0.0811907,255.5
2014,5,5,1,60,0.0731103,0.0778572,255.5
2014,5,5,1,70,0.0628064,0.0728892,255.5
2014,5,5,1,80,0.0449278,0.0652393,255.5
2014,5,5,1,90,0.0374531,0.0554244,255.5
2014,5,5,1,100,0.0505428,0.0793015,255.5
2014,5,5,1,120,0.0267577,0.0465335,255.5
2014,5,5,1,140,0.0139774,0.0270679,255.5
2014,5,5,1,160,0.0101173,0.0203612,255.5
2014,5,5,1,200,0.00813474,0.00704021,255.5
2014,5,5,1,250,0.00320018,0.0047845,255.5
2014,5,4,1,2,1e-09,0.000240162,26.3041
2014,5,4,1,3,0.010989,0.000301381,26.3041
2014,5,4,1,4,1e-09,0.00036631,26.3041
2014,5,4,1,5,1e-09,0.000611197,26.3041
2014,5,4,1,6,1e-09,0.00115444,26.3041
2014,5,4,1,7,1e-09,0.00202294,26.3041
2014,5,4,1,8,1e-09,0.00314237,26.3041
2014,5,4,1,9,1e-09,0.00443228,26.3041
2014,5,4,1,10,1e-09,0.00573566,26.3041
2014,5,4,1,11,1e-09,0.00697064,26.3041
2014,5,4,1,12,0.032967,0.0169969,26.3041
2014,5,4,1,14,0.021978,0.0198656,26.3041
2014,5,4,1,16,0.010989,0.0217276,26.3041
2014,5,4,1,18,1e-09,0.0231235,26.3041
2014,5,4,1,20,0.032967,0.0631143,26.3041
2014,5,4,1,25,0.0879121,0.0667506,26.3041
2014,5,4,1,30,0.0769231,0.0630889,26.3041
2014,5,4,1,35,0.0659341,0.0572411,26.3041
2014,5,4,1,40,0.10989,0.103041,26.3041
2014,5,4,1,50,0.10989,0.0963119,26.3041
2014,5,4,1,60,0.043956,0.092325,26.3041
2014,5,4,1,70,0.10989,0.0851631,26.3041
2014,5,4,1,80,0.043956,0.0725148,26.3041
2014,5,4,1,90,0.043956,0.0568994,26.3041
2014,5,4,1,100,0.10989,0.0701105,26.3041
2014,5,4,1,120,0.032967,0.0324681,26.3041
2014,5,4,1,140,0.010989,0.0156677,26.3041
2014,5,4,1,160,0.021978,0.0132375,26.3041
2014,5,4,1,200,0.021978,0.00447394,26.3041
2014,5,4,1,250,1e-09,0.000901028,26.3041
2014,5,13,2,2,0.000657031,0.000101025,52.141
2014,5,13,2,3,0.000657031,0.000182418,52.141
2014,5,13,2,4,1e-09,0.000278852,52.141
2014,5,13,2,5,1e-09,0.000544701,52.141
2014,5,13,2,6,1e-09,0.00117909,52.141
2014,5,13,2,7,1e-09,0.00232105,52.141
2014,5,13,2,8,0.00131406,0.00395622,52.141
2014,5,13,2,9,0.000657031,0.00600866,52.141
2014,5,13,2,10,0.00262812,0.00822484,52.141
2014,5,13,2,11,0.00591327,0.0104262,52.141
2014,5,13,2,12,0.0177398,0.0264329,52.141
2014,5,13,2,14,0.0190539,0.0314078,52.141
2014,5,13,2,16,0.0249671,0.0337966,52.141
2014,5,13,2,18,0.0308804,0.0345455,52.141
2014,5,13,2,20,0.088042,0.0845627,52.141
2014,5,13,2,25,0.086728,0.0761417,52.141
2014,5,13,2,30,0.0827858,0.0667626,52.141
2014,5,13,2,35,0.0716163,0.0581093,52.141
2014,5,13,2,40,0.120237,0.0977633,52.141
2014,5,13,2,50,0.0978975,0.0836413,52.141
2014,5,13,2,60,0.0854139,0.0741844,52.141
2014,5,13,2,70,0.0565046,0.0646771,52.141
2014,5,13,2,80,0.0538765,0.0542869,52.141
2014,5,13,2,90,0.0348226,0.0436611,52.141
2014,5,13,2,100,0.0446781,0.0582468,52.141
2014,5,13,2,120,0.0262812,0.0312377,52.141
2014,5,13,2,140,0.0157687,0.0175751,52.141
2014,5,13,2,160,0.0197109,0.0181797,52.141
2014,5,13,2,200,0.00459921,0.00865497,52.141
2014,5,13,2,250,0.0065703,0.00290919,52.141
2014,8,5,1,2,1e-09,0.000239691,255.5
2014,8,5,1,3,0.000312445,0.000665226,255.5
2014,8,5,1,4,0.000120662,0.00113779,255.5
2014,8,5,1,5,0.000312445,0.00150677,255.5
2014,8,5,1,6,0.000624888,0.00187301,255.5
2014,8,5,1,7,0.000241324,0.00245356,255.5
2014,8,5,1,8,0.000312445,0.00339529,255.5
2014,8,5,1,9,0.0014911,0.00474983,255.5
2014,8,5,1,10,0.00180354,0.00639364,255.5
2014,8,5,1,11,0.00266975,0.00820603,255.5
2014,8,5,1,12,0.0111337,0.0215763,255.5
2014,8,5,1,14,0.0123619,0.0267729,255.5
2014,8,5,1,16,0.0229265,0.0293538,255.5
2014,8,5,1,18,0.0176518,0.0296003,255.5
2014,8,5,1,20,0.057308,0.067501,255.5
2014,8,5,1,25,0.047715,0.0582733,255.5
2014,8,5,1,30,0.0558817,0.0529504,255.5
2014,8,5,1,35,0.0473251,0.0488763,255.5
2014,8,5,1,40,0.0898364,0.0882946,255.5
2014,8,5,1,50,0.080599,0.0812027,255.5
2014,8,5,1,60,0.0970874,0.0776414,255.5
2014,8,5,1,70,0.0878779,0.0733114,255.5
2014,8,5,1,80,0.069614,0.0662529,255.5
2014,8,5,1,90,0.0685776,0.0566958,255.5
2014,8,5,1,100,0.0978177,0.0816526,255.5
2014,8,5,1,120,0.0630742,0.0481528,255.5
2014,8,5,1,140,0.028501,0.0280484,255.5
2014,8,5,1,160,0.0222242,0.0210612,255.5
2014,8,5,1,200,0.00995501,0.0072568,255.5
2014,8,5,1,250,0.00464348,0.00490429,255.5
2014,8,4,1,2,1e-09,0.00015602,22.5464
2014,8,4,1,3,1e-09,0.000402556,22.5464
2014,8,4,1,4,1e-09,0.000661789,22.5464
2014,8,4,1,5,1e-09,0.000860137,22.5464
2014,8,4,1,6,1e-09,0.00106478,22.5464
2014,8,4,1,7,1e-09,0.00140401,22.5464
2014,8,4,1,8,1e-09,0.00197071,22.5464
2014,8,4,1,9,1e-09,0.00281362,22.5464
2014,8,4,1,10,1e-09,0.00388232,22.5464
2014,8,4,1,11,1e-09,0.00512874,22.5464
2014,8,4,1,12,1e-09,0.014189,22.5464
2014,8,4,1,14,0.0128205,0.0189362,22.5464
2014,8,4,1,16,0.0128205,0.0225113,22.5464
2014,8,4,1,18,0.025641,0.0247224,22.5464
2014,8,4,1,20,0.0769231,0.0657603,22.5464
2014,8,4,1,25,0.0128205,0.0661548,22.5464
2014,8,4,1,30,0.025641,0.0624894,22.5464
2014,8,4,1,35,0.0384615,0.0577428,22.5464
2014,8,4,1,40,0.0897436,0.104312,22.5464
2014,8,4,1,50,0.128205,0.0959335,22.5464
2014,8,4,1,60,0.128205,0.0916934,22.5464
2014,8,4,1,70,0.025641,0.0852963,22.5464
2014,8,4,1,80,0.0897436,0.0733193,22.5464
2014,8,4,1,90,0.0897436,0.0579462,22.5464
2014,8,4,1,100,0.141026,0.0718694,22.5464
2014,8,4,1,120,0.0641026,0.03346,22.5464
2014,8,4,1,140,0.0128205,0.0161691,22.5464
2014,8,4,1,160,0.0128205,0.0136353,22.5464
2014,8,4,1,200,0.0128205,0.00459378,22.5464
2014,8,4,1,250,1e-09,0.000920877,22.5464
2014,8,13,2,2,1e-09,6.61356e-05,27.4811
2014,8,13,2,3,0.00188679,0.000244279,27.4811
2014,8,13,2,4,1e-09,0.000519336,27.4811
2014,8,13,2,5,1e-09,0.000812506,27.4811
2014,8,13,2,6,1e-09,0.00114356,27.4811
2014,8,13,2,7,1e-09,0.00164874,27.4811
2014,8,13,2,8,1e-09,0.00247974,27.4811
2014,8,13,2,9,1e-09,0.00375998,27.4811
2014,8,13,2,10,0.00188679,0.00545534,27.4811
2014,8,13,2,11,1e-09,0.00750604,27.4811
2014,8,13,2,12,0.00943395,0.0216527,27.4811
2014,8,13,2,14,0.0132076,0.0295867,27.4811
2014,8,13,2,16,0.0113208,0.0349506,27.4811
2014,8,13,2,18,0.00943395,0.0372123,27.4811
2014,8,13,2,20,0.0603774,0.0893518,27.4811
2014,8,13,2,25,0.0660377,0.0759504,27.4811
2014,8,13,2,30,0.0924528,0.0661476,27.4811
2014,8,13,2,35,0.0792453,0.0587355,27.4811
2014,8,13,2,40,0.128302,0.0997283,27.4811
2014,8,13,2,50,0.113208,0.0838749,27.4811
2014,8,13,2,60,0.0849057,0.0738042,27.4811
2014,8,13,2,70,0.0679245,0.0647523,27.4811
2014,8,13,2,80,0.0415094,0.0548818,27.4811
2014,8,13,2,90,0.0396226,0.0445071,27.4811
2014,8,13,2,100,0.0735849,0.0598657,27.4811
2014,8,13,2,120,0.0471698,0.0323395,27.4811
2014,8,13,2,140,0.0207547,0.0182493,27.4811
2014,8,13,2,160,0.0264151,0.018851,27.4811
2014,8,13,2,200,0.00943395,0.00893793,27.4811
2014,8,13,2,250,0.00188679,0.00298458,27.4811
2014,11,5,1,2,1e-09,7.87155e-05,255.5
2014,11,5,1,3,1e-09,0.000345323,255.5
2014,11,5,1,4,1e-09,0.000885688,255.5
2014,11,5,1,5,0.000643243,0.00160276,255.5
2014,11,5,1,6,0.00518362,0.00233636,255.5
2014,11,5,1,7,0.00318924,0.00299878,255.5
2014,11,5,1,8,0.00336621,0.00360633,255.5
2014,11,5,1,9,0.00150927,0.00427858,255.5
2014,11,5,1,10,0.00146974,0.00509563,255.5
2014,11,5,1,11,0.002546,0.00612746,255.5
2014,11,5,1,12,0.0103547,0.0160051,255.5
2014,11,5,1,14,0.0180968,0.0212494,255.5
2014,11,5,1,16,0.0235823,0.0255619,255.5
2014,11,5,1,18,0.0275711,0.0279542,255.5
2014,11,5,1,20,0.0570261,0.0689043,255.5
2014,11,5,1,25,0.053968,0.0603797,255.5
2014,11,5,1,30,0.061473,0.0537501,255.5
2014,11,5,1,35,0.0448019,0.049408,255.5
2014,11,5,1,40,0.0783668,0.0899694,255.5
2014,11,5,1,50,0.0680931,0.0824771,255.5
2014,11,5,1,60,0.0848307,0.0783732,255.5
2014,11,5,1,70,0.0893378,0.0742446,255.5
2014,11,5,1,80,0.077155,0.0676051,255.5
2014,11,5,1,90,0.0619976,0.0582588,255.5
2014,11,5,1,100,0.0942151,0.0844976,255.5
2014,11,5,1,120,0.0636525,0.0501368,255.5
2014,11,5,1,140,0.0295987,0.029285,255.5
2014,11,5,1,160,0.0259639,0.0219712,255.5
2014,11,5,1,200,0.00786077,0.00754326,255.5
2014,11,5,1,250,0.00414689,0.00506977,255.5
2014,11,4,1,2,1e-09,5.07538e-05,16.7652
2014,11,4,1,3,1e-09,0.000207477,16.7652
2014,11,4,1,4,1e-09,0.000512076,16.7652
2014,11,4,1,5,1e-09,0.000910034,16.7652
2014,11,4,1,6,1e-09,0.0013213,16.7652
2014,11,4,1,7,1e-09,0.00170703,16.7652
2014,11,4,1,8,1e-09,0.0020824,16.7652
2014,11,4,1,9,1e-09,0.00252186,16.7652
2014,11,4,1,10,1e-09,0.00307922,16.7652
2014,11,4,1,11,1e-09,0.00381114,16.7652
2014,11,4,1,12,1e-09,0.0104736,16.7652
2014,11,4,1,14,0.0344828,0.0149527,16.7652
2014,11,4,1,16,0.0172414,0.0194948,16.7652
2014,11,4,1,18,0.0172414,0.0232096,16.7652
2014,11,4,1,20,0.103448,0.0667906,16.7652
2014,11,4,1,25,1e-09,0.0681769,16.7652
2014,11,4,1,30,0.0689655,0.0631043,16.7652
2014,11,4,1,35,0.0172414,0.0580679,16.7652
2014,11,4,1,40,0.0517241,0.105739,16.7652
2014,11,4,1,50,0.103448,0.096933,16.7652
2014,11,4,1,60,0.172414,0.0920768,16.7652
2014,11,4,1,70,0.0517241,0.0859235,16.7652
2014,11,4,1,80,0.0517241,0.0744029,16.7652
2014,11,4,1,90,0.0689655,0.0592078,16.7652
2014,11,4,1,100,0.0862069,0.0739492,16.7652
2014,11,4,1,120,0.0689655,0.0346517,16.7652
2014,11,4,1,140,0.0172414,0.0167941,16.7652
2014,11,4,1,160,0.0344828,0.0141493,16.7652
2014,11,4,1,200,0.0172414,0.00475137,16.7652
2014,11,4,1,250,0.0172414,0.000948144,16.7652
2014,11,13,2,2,1e-09,2.14873e-05,13.7938
2014,11,13,2,3,1e-09,0.000125026,13.7938
2014,11,13,2,4,1e-09,0.000399307,13.7938
2014,11,13,2,5,1e-09,0.000861821,13.7938
2014,11,13,2,6,1e-09,0.00145014,13.7938
2014,11,13,2,7,0.00375939,0.00209189,13.7938
2014,11,13,2,8,1e-09,0.00275761,13.7938
2014,11,13,2,9,0.00375939,0.00352349,13.7938
2014,11,13,2,10,0.0150376,0.00445884,13.7938
2014,11,13,2,11,0.0112782,0.00566121,13.7938
2014,11,13,2,12,0.018797,0.0159671,13.7938
2014,11,13,2,14,0.0639098,0.0231458,13.7938
2014,11,13,2,16,0.0526316,0.0299939,13.7938
2014,11,13,2,18,0.0338346,0.0347807,13.7938
2014,11,13,2,20,0.0902256,0.0912626,13.7938
2014,11,13,2,25,0.0676692,0.0793929,13.7938
2014,11,13,2,30,0.0714286,0.0675347,13.7938
2014,11,13,2,35,0.0864662,0.0594733,13.7938
2014,11,13,2,40,0.12782,0.101895,13.7938
2014,11,13,2,50,0.0977444,0.0856543,13.7938
2014,11,13,2,60,0.075188,0.0747083,13.7938
2014,11,13,2,70,0.037594,0.065571,13.7938
2014,11,13,2,80,0.0300752,0.0559632,13.7938
2014,11,13,2,90,0.018797,0.0457421,13.7938
2014,11,13,2,100,0.0451128,0.0620856,13.7938
2014,11,13,2,120,0.00751881,0.0338528,13.7938
2014,11,13,2,140,0.0300752,0.0192156,13.7938
2014,11,13,2,160,0.00751881,0.0198814,13.7938
2014,11,13,2,200,0.00375939,0.00940502,13.7938
2014,11,13,2,250,1e-09,0.00312408,13.7938
2015,2,5,1,2,1e-09,2.01676e-05,255.5
2015,2,5,1,3,1e-09,0.000118195,255.5
2015,2,5,1,4,0.000712018,0.000401438,255.5
2015,2,5,1,5,0.00237339,0.000940262,255.5
2015,2,5,1,6,0.00802727,0.00171764,255.5
2015,2,5,1,7,0.0106889,0.00264036,255.5
2015,2,5,1,8,0.00807821,0.00357195,255.5
2015,2,5,1,9,0.00661192,0.00445574,255.5
2015,2,5,1,10,0.00670512,0.0052474,255.5
2015,2,5,1,11,0.00603536,0.00599342,255.5
2015,2,5,1,12,0.00917171,0.014231,255.5
2015,2,5,1,14,0.0164783,0.0174574,255.5
2015,2,5,1,16,0.026362,0.0208074,255.5
2015,2,5,1,18,0.034813,0.0235794,255.5
2015,2,5,1,20,0.0811288,0.0635604,255.5
2015,2,5,1,25,0.0656509,0.0607745,255.5
2015,2,5,1,30,0.0567923,0.0553414,255.5
2015,2,5,1,35,0.047392,0.0506545,255.5
2015,2,5,1,40,0.0786362,0.0919601,255.5
2015,2,5,1,50,0.0667183,0.0843728,255.5
2015,2,5,1,60,0.0607848,0.0799346,255.5
2015,2,5,1,70,0.0744747,0.0757476,255.5
2015,2,5,1,80,0.0744237,0.0692991,255.5
2015,2,5,1,90,0.0567501,0.0600637,255.5
2015,2,5,1,100,0.0919283,0.087715,255.5
2015,2,5,1,120,0.0510117,0.0524044,255.5
2015,2,5,1,140,0.0296934,0.0307434,255.5
2015,2,5,1,160,0.0199116,0.0230942,255.5
2015,2,5,1,200,0.00722205,0.00790888,255.5
2015,2,5,1,250,0.00142404,0.0052436,255.5
2015,2,4,1,2,1e-09,1.29237e-05,17.3434
2015,2,4,1,3,1e-09,7.06265e-05,17.3434
2015,2,4,1,4,1e-09,0.000230988,17.3434
2015,2,4,1,5,1e-09,0.000531532,17.3434
2015,2,4,1,6,0.0166667,0.0009673,17.3434
2015,2,4,1,7,0.0166667,0.00149668,17.3434
2015,2,4,1,8,0.0166667,0.0020537,17.3434
2015,2,4,1,9,0.0333333,0.00261489,17.3434
2015,2,4,1,10,1e-09,0.00315747,17.3434
2015,2,4,1,11,1e-09,0.0037127,17.3434
2015,2,4,1,12,0.0166667,0.0092735,17.3434
2015,2,4,1,14,1e-09,0.0122377,17.3434
2015,2,4,1,16,1e-09,0.0158085,17.3434
2015,2,4,1,18,1e-09,0.0194965,17.3434
2015,2,4,1,20,0.0333333,0.0614304,17.3434
2015,2,4,1,25,0.05,0.0683289,17.3434
2015,2,4,1,30,0.0166667,0.0646975,17.3434
2015,2,4,1,35,0.0166667,0.0592818,17.3434
2015,2,4,1,40,0.133333,0.107622,17.3434
2015,2,4,1,50,0.0666667,0.0987429,17.3434
2015,2,4,1,60,0.05,0.0935151,17.3434
2015,2,4,1,70,0.116667,0.0872857,17.3434
2015,2,4,1,80,0.0833333,0.075922,17.3434
2015,2,4,1,90,0.0666667,0.0607542,17.3434
2015,2,4,1,100,0.1,0.0763911,17.3434
2015,2,4,1,120,0.133333,0.0360544,17.3434
2015,2,4,1,140,0.0166667,0.0175556,17.3434
2015,2,4,1,160,0.0166667,0.0148093,17.3434
2015,2,4,1,200,1e-09,0.00496198,17.3434
2015,2,4,1,250,1e-09,0.000981806,17.3434
2015,2,13,2,2,1e-09,5.44184e-06,52.141
2015,2,13,2,3,1e-09,4.22268e-05,52.141
2015,2,13,2,4,0.000839281,0.000178489,52.141
2015,2,13,2,5,1e-09,0.000499062,52.141
2015,2,13,2,6,1e-09,0.00105596,52.141
2015,2,13,2,7,0.000419639,0.00183757,52.141
2015,2,13,2,8,0.000419639,0.00275529,52.141
2015,2,13,2,9,0.00251784,0.00374962,52.141
2015,2,13,2,10,0.00419639,0.00474164,52.141
2015,2,13,2,11,0.0075535,0.00574577,52.141
2015,2,13,2,12,0.0260176,0.0146477,52.141
2015,2,13,2,14,0.0331515,0.0193209,52.141
2015,2,13,2,16,0.0352497,0.0244699,52.141
2015,2,13,2,18,0.0356693,0.0291929,52.141
2015,2,13,2,20,0.0847671,0.0838012,52.141
2015,2,13,2,25,0.0881242,0.0801945,52.141
2015,2,13,2,30,0.0868653,0.0702031,52.141
2015,2,13,2,35,0.0839278,0.0615342,52.141
2015,2,13,2,40,0.138481,0.104817,52.141
2015,2,13,2,50,0.109945,0.088203,52.141
2015,2,13,2,60,0.0650441,0.0766346,52.141
2015,2,13,2,70,0.0553924,0.0670908,52.141
2015,2,13,2,80,0.0377675,0.0574221,52.141
2015,2,13,2,90,0.0234998,0.0471909,52.141
2015,2,13,2,100,0.0369282,0.0645522,52.141
2015,2,13,2,120,0.0184641,0.0355195,52.141
2015,2,13,2,140,0.0121695,0.0202984,52.141
2015,2,13,2,160,0.0100713,0.0210693,52.141
2015,2,13,2,200,0.00167856,0.00995126,52.141
2015,2,13,2,250,0.000839281,0.00327524,52.141
2015,5,5,1,2,1e-09,0.000865017,255.5
2015,5,5,1,3,0.000966241,0.00104954,255.5
2015,5,5,1,4,0.00038264,0.000891586,255.5
2015,5,5,1,5,1e-09,0.000808862,255.5
2015,5,5,1,6,0.00038264,0.00105299,255.5
2015,5,5,1,7,0.000765279,0.00164171,255.5
2015,5,5,1,8,0.00173152,0.00247443,255.5
2015,5,5,1,9,0.00201367,0.00345647,255.5
2015,5,5,1,10,0.00344374,0.00445818,255.5
2015,5,5,1,11,0.00336255,0.00542458,255.5
2015,5,5,1,12,0.00823636,0.0133825,255.5
2015,5,5,1,14,0.0126849,0.0161454,255.5
2015,5,5,1,16,0.0147605,0.0184226,255.5
2015,5,5,1,18,0.0139952,0.0202938,255.5
2015,5,5,1,20,0.0620219,0.0554987,255.5
2015,5,5,1,25,0.0791787,0.0570795,255.5
2015,5,5,1,30,0.0742084,0.0551923,255.5
2015,5,5,1,35,0.0676417,0.051802,255.5
2015,5,5,1,40,0.0944649,0.0944369,255.5
2015,5,5,1,50,0.085243,0.0865373,255.5
2015,5,5,1,60,0.0783129,0.0819285,255.5
2015,5,5,1,70,0.0721948,0.0776586,255.5
2015,5,5,1,80,0.0755147,0.0712421,255.5
2015,5,5,1,90,0.0547944,0.0620013,255.5
2015,5,5,1,100,0.0842149,0.0910748,255.5
2015,5,5,1,120,0.0547518,0.0547836,255.5
2015,5,5,1,140,0.0231978,0.0323026,255.5
2015,5,5,1,160,0.0157267,0.0243116,255.5
2015,5,5,1,200,0.010451,0.00830269,255.5
2015,5,5,1,250,0.00535693,0.00547956,255.5
2015,5,4,1,2,1e-09,0.00056144,23.4135
2015,5,4,1,3,1e-09,0.000630185,23.4135
2015,5,4,1,4,1e-09,0.000513326,23.4135
2015,5,4,1,5,0.0123457,0.000456503,23.4135
2015,5,4,1,6,0.0123457,0.000591753,23.4135
2015,5,4,1,7,1e-09,0.000928672,23.4135
2015,5,4,1,8,1e-09,0.00141968,23.4135
2015,5,4,1,9,1e-09,0.00202395,23.4135
2015,5,4,1,10,0.0123457,0.00267627,23.4135
2015,5,4,1,11,1e-09,0.00335219,23.4135
2015,5,4,1,12,1e-09,0.00870065,23.4135
2015,5,4,1,14,0.0123457,0.0112933,23.4135
2015,5,4,1,16,1e-09,0.0139716,23.4135
2015,5,4,1,18,1e-09,0.016754,23.4135
2015,5,4,1,20,0.0493827,0.0535878,23.4135
2015,5,4,1,25,0.037037,0.0640612,23.4135
2015,5,4,1,30,0.0493827,0.064388,23.4135
2015,5,4,1,35,0.037037,0.0604981,23.4135
2015,5,4,1,40,0.0740741,0.11029,23.4135
2015,5,4,1,50,0.111111,0.101065,23.4135
2015,5,4,1,60,0.135802,0.0956475,23.4135
2015,5,4,1,70,0.0987654,0.089296,23.4135
2015,5,4,1,80,0.0740741,0.0778674,23.4135
2015,5,4,1,90,0.037037,0.0625519,23.4135
2015,5,4,1,100,0.0864197,0.0790919,23.4135
2015,5,4,1,120,0.0740741,0.0375942,23.4135
2015,5,4,1,140,0.0246914,0.0184067,23.4135
2015,5,4,1,160,0.0246914,0.015557,23.4135
2015,5,4,1,200,0.0123457,0.00519931,23.4135
2015,5,4,1,250,0.0246914,0.00102467,23.4135
2015,5,13,2,2,1e-09,0.000252451,52.141
2015,5,13,2,3,1e-09,0.000411855,52.141
2015,5,13,2,4,1e-09,0.000433598,52.141
2015,5,13,2,5,1e-09,0.00045321,52.141
2015,5,13,2,6,0.000652317,0.000654443,52.141
2015,5,13,2,7,1e-09,0.00113436,52.141
2015,5,13,2,8,0.00130463,0.00189055,52.141
2015,5,13,2,9,0.000652317,0.00289123,52.141
2015,5,13,2,10,0.00587084,0.00402955,52.141
2015,5,13,2,11,0.00521852,0.00524301,52.141
2015,5,13,2,12,0.0189172,0.0140487,52.141
2015,5,13,2,14,0.0195695,0.0183614,52.141
2015,5,13,2,16,0.0202218,0.0222017,52.141
2015,5,13,2,18,0.0241357,0.0255323,52.141
2015,5,13,2,20,0.0632746,0.0734658,52.141
2015,5,13,2,25,0.0737117,0.0753378,52.141
2015,5,13,2,30,0.0717547,0.0704265,52.141
2015,5,13,2,35,0.0730594,0.0636231,52.141
2015,5,13,2,40,0.127202,0.108961,52.141
2015,5,13,2,50,0.101761,0.0914545,52.141
2015,5,13,2,60,0.0854534,0.0793214,52.141
2015,5,13,2,70,0.0704501,0.0693093,52.141
2015,5,13,2,80,0.0613177,0.0593439,52.141
2015,5,13,2,90,0.0404436,0.048904,52.141
2015,5,13,2,100,0.0652316,0.0672577,52.141
2015,5,13,2,120,0.0293542,0.0372934,52.141
2015,5,13,2,140,0.0189172,0.0214536,52.141
2015,5,13,2,160,0.0150033,0.0223408,52.141
2015,5,13,2,200,0.0039139,0.0105247,52.141
2015,5,13,2,250,0.00260927,0.00344443,52.141
2015,8,5,1,2,1e-09,0.000588254,255.5
2015,8,5,1,3,1e-09,0.00160549,255.5
2015,8,5,1,4,0.000229779,0.00262107,255.5
2015,8,5,1,5,0.000229779,0.00309596,255.5
2015,8,5,1,6,0.000689336,0.00305991,255.5
2015,8,5,1,7,0.000627464,0.0028449,255.5
2015,8,5,1,8,0.00154658,0.00276572,255.5
2015,8,5,1,9,0.00183823,0.00296934,255.5
2015,8,5,1,10,0.00177636,0.00345554,255.5
2015,8,5,1,11,0.00292525,0.00416137,255.5
2015,8,5,1,12,0.00595653,0.0107965,255.5
2015,8,5,1,14,0.0103665,0.0139477,255.5
2015,8,5,1,16,0.0133182,0.0164508,255.5
2015,8,5,1,18,0.0114535,0.0181561,255.5
2015,8,5,1,20,0.0352796,0.0489814,255.5
2015,8,5,1,25,0.0450009,0.0513063,255.5
2015,8,5,1,30,0.0541302,0.0521796,255.5
2015,8,5,1,35,0.0487128,0.0511747,255.5
2015,8,5,1,40,0.080157,0.0960046,255.5
2015,8,5,1,50,0.0831706,0.0885753,255.5
2015,8,5,1,60,0.0754289,0.0838415,255.5
2015,8,5,1,70,0.0783365,0.0795357,255.5
2015,8,5,1,80,0.0892244,0.0731194,255.5
2015,8,5,1,90,0.0757647,0.0638202,255.5
2015,8,5,1,100,0.117699,0.0941673,255.5
2015,8,5,1,120,0.0771699,0.0569955,255.5
2015,8,5,1,140,0.0391417,0.0338057,255.5
2015,8,5,1,160,0.0321423,0.0255397,255.5
2015,8,5,1,200,0.0115154,0.00871057,255.5
2015,8,5,1,250,0.0061686,0.005724,255.5
2015,8,4,1,2,1e-09,0.000379396,16.7652
2015,8,4,1,3,1e-09,0.000962674,16.7652
2015,8,4,1,4,0.0172414,0.00151067,16.7652
2015,8,4,1,5,0.0344828,0.00175119,16.7652
2015,8,4,1,6,1e-09,0.00172341,16.7652
2015,8,4,1,7,1e-09,0.00161278,16.7652
2015,8,4,1,8,1e-09,0.00159056,16.7652
2015,8,4,1,9,1e-09,0.00174308,16.7652
2015,8,4,1,10,1e-09,0.00207942,16.7652
2015,8,4,1,11,1e-09,0.0025773,16.7652
2015,8,4,1,12,1e-09,0.00703519,16.7652
2015,8,4,1,14,0.0172414,0.00977525,16.7652
2015,8,4,1,16,0.0344828,0.0124998,16.7652
2015,8,4,1,18,1e-09,0.0150208,16.7652
2015,8,4,1,20,0.0172414,0.0474089,16.7652
2015,8,4,1,25,0.0517241,0.0577345,16.7652
2015,8,4,1,30,0.0344828,0.0610105,16.7652
2015,8,4,1,35,0.0689655,0.0598992,16.7652
2015,8,4,1,40,0.0689655,0.112372,16.7652
2015,8,4,1,50,0.103448,0.103676,16.7652
2015,8,4,1,60,0.12069,0.0980997,16.7652
2015,8,4,1,70,0.0689655,0.0916556,16.7652
2015,8,4,1,80,0.0517241,0.0800819,16.7652
2015,8,4,1,90,0.0517241,0.0645018,16.7652
2015,8,4,1,100,0.12069,0.0818965,16.7652
2015,8,4,1,120,0.0862069,0.0391754,16.7652
2015,8,4,1,140,1e-09,0.0193051,16.7652
2015,8,4,1,160,0.0344828,0.0163801,16.7652
2015,8,4,1,200,0.0172414,0.00546798,16.7652
2015,8,4,1,250,1e-09,0.00107367,16.7652
2015,8,13,2,2,1e-09,0.00017325,26.8137
2015,8,13,2,3,1e-09,0.000630509,26.8137
2015,8,13,2,4,1e-09,0.00128636,26.8137
2015,8,13,2,5,1e-09,0.00181719,26.8137
2015,8,13,2,6,1e-09,0.0020735,26.8137
2015,8,13,2,7,1e-09,0.00215371,26.8137
2015,8,13,2,8,0.00193424,0.00226577,26.8137
2015,8,13,2,9,0.00193424,0.00258581,26.8137
2015,8,13,2,10,1e-09,0.00317903,26.8137
2015,8,13,2,11,1e-09,0.00404551,26.8137
2015,8,13,2,12,0.00193424,0.0113698,26.8137
2015,8,13,2,14,0.00193424,0.0160072,26.8137
2015,8,13,2,16,0.0058027,0.02016,26.8137
2015,8,13,2,18,0.00967118,0.0233144,26.8137
2015,8,13,2,20,0.0367505,0.0658696,26.8137
2015,8,13,2,25,0.0348162,0.0680928,26.8137
2015,8,13,2,30,0.0483559,0.0667991,26.8137
2015,8,13,2,35,0.0560928,0.0632828,26.8137
2015,8,13,2,40,0.12766,0.112134,26.8137
2015,8,13,2,50,0.121857,0.0949797,26.8137
2015,8,13,2,60,0.0947776,0.0823248,26.8137
2015,8,13,2,70,0.0889749,0.0719156,26.8137
2015,8,13,2,80,0.0851064,0.0616258,26.8137
2015,8,13,2,90,0.0502901,0.0508827,26.8137
2015,8,13,2,100,0.0967118,0.0702656,26.8137
2015,8,13,2,120,0.0464217,0.0392463,26.8137
2015,8,13,2,140,0.0464217,0.0227628,26.8137
2015,8,13,2,160,0.0270793,0.023856,26.8137
2015,8,13,2,200,0.0116054,0.0112393,26.8137
2015,8,13,2,250,0.00386848,0.00366114,26.8137
2015,11,5,1,2,1e-09,0.000193749,255.5
2015,11,5,1,3,0.000528999,0.000844445,255.5
2015,11,5,1,4,0.00371988,0.00213683,255.5
2015,11,5,1,5,0.00921154,0.00376517,255.5
2015,11,5,1,6,0.0115208,0.00522179,255.5
2015,11,5,1,7,0.00672599,0.00614366,255.5
2015,11,5,1,8,0.00690232,0.00645291,255.5
2015,11,5,1,9,0.00265344,0.00633413,255.5
2015,11,5,1,10,0.00229233,0.00603307,255.5
2015,11,5,1,11,0.0040641,0.00575861,255.5
2015,11,5,1,12,0.0130824,0.0113353,255.5
2015,11,5,1,14,0.0148458,0.0122386,255.5
2015,11,5,1,16,0.0105884,0.0138946,255.5
2015,11,5,1,18,0.013074,0.0155021,255.5
2015,11,5,1,20,0.0278944,0.0427178,255.5
2015,11,5,1,25,0.0359973,0.0453503,255.5
2015,11,5,1,30,0.0499614,0.0473337,255.5
2015,11,5,1,35,0.0506582,0.0482159,255.5
2015,11,5,1,40,0.0942632,0.0945611,255.5
2015,11,5,1,50,0.0859755,0.0894182,255.5
2015,11,5,1,60,0.0702565,0.0849923,255.5
2015,11,5,1,70,0.0741443,0.0807325,255.5
2015,11,5,1,80,0.0712892,0.0743683,255.5
2015,11,5,1,90,0.0704329,0.0650612,255.5
2015,11,5,1,100,0.107471,0.0963132,255.5
2015,11,5,1,120,0.0746564,0.0585845,255.5
2015,11,5,1,140,0.0381386,0.0349574,255.5
2015,11,5,1,160,0.0355189,0.0265524,255.5
2015,11,5,1,200,0.0107816,0.00905822,255.5
2015,11,5,1,250,0.00335033,0.00592824,255.5
2015,11,13,2,2,1e-09,5.68695e-05,3.43708
2015,11,13,2,3,1e-09,0.000329027,3.43708
2015,11,13,2,4,1e-09,0.00103855,3.43708
2015,11,13,2,5,1e-09,0.00218992,3.43708
2015,11,13,2,6,1e-09,0.00352734,3.43708
2015,11,13,2,7,1e-09,0.00471077,3.43708
2015,11,13,2,8,1e-09,0.00549546,3.43708
2015,11,13,2,9,1e-09,0.00588953,3.43708
2015,11,13,2,10,1e-09,0.00601217,3.43708
2015,11,13,2,11,1e-09,0.00605588,3.43708
2015,11,13,2,12,0.0151515,0.0126254,3.43708
2015,11,13,2,14,0.0151515,0.0144466,3.43708
2015,11,13,2,16,1e-09,0.0172696,3.43708
2015,11,13,2,18,0.0454546,0.0201376,3.43708
2015,11,13,2,20,0.060606,0.058232,3.43708
2015,11,13,2,25,0.060606,0.0608025,3.43708
2015,11,13,2,30,0.0757576,0.0608356,3.43708
2015,11,13,2,35,0.0454546,0.0597492,3.43708
2015,11,13,2,40,0.121212,0.111057,3.43708
2015,11,13,2,50,0.166667,0.0969193,3.43708
2015,11,13,2,60,0.106061,0.0844761,3.43708
2015,11,13,2,70,0.0757576,0.0738656,3.43708
2015,11,13,2,80,0.060606,0.0633858,3.43708
2015,11,13,2,90,0.0757576,0.0524357,3.43708
2015,11,13,2,100,0.0151515,0.0726428,3.43708
2015,11,13,2,120,0.0151515,0.0408299,3.43708
2015,11,13,2,140,0.0303031,0.0238931,3.43708
2015,11,13,2,160,0.0151515,0.0252713,3.43708
2015,11,13,2,200,1e-09,0.0119427,3.43708
2015,11,13,2,250,1e-09,0.00387725,3.43708
2016,2,5,1,2,1e-09,4.85627e-05,255.5
2016,2,5,1,3,0.000934833,0.000285416,255.5
2016,2,5,1,4,0.0011218,0.000962904,255.5
2016,2,5,1,5,0.00205663,0.00223015,255.5
2016,2,5,1,6,0.00791946,0.0040003,255.5
2016,2,5,1,7,0.00779937,0.00597401,255.5
2016,2,5,1,8,0.00961581,0.0077376,255.5
2016,2,5,1,9,0.0103459,0.00905416,255.5
2016,2,5,1,10,0.00842714,0.00977476,255.5
2016,2,5,1,11,0.00703376,0.00995879,255.5
2016,2,5,1,12,0.015581,0.0190575,255.5
2016,2,5,1,14,0.0136799,0.0171146,255.5
2016,2,5,1,16,0.0125404,0.0155844,255.5
2016,2,5,1,18,0.0132037,0.0149401,255.5
2016,2,5,1,20,0.0297904,0.0374739,255.5
2016,2,5,1,25,0.0338013,0.0393993,255.5
2016,2,5,1,30,0.0409729,0.0419109,255.5
2016,2,5,1,35,0.0455625,0.0438669,255.5
2016,2,5,1,40,0.0909694,0.0898952,255.5
2016,2,5,1,50,0.0833078,0.0883527,255.5
2016,2,5,1,60,0.0819991,0.0851325,255.5
2016,2,5,1,70,0.0764924,0.0811729,255.5
2016,2,5,1,80,0.0865709,0.0749411,255.5
2016,2,5,1,90,0.0704563,0.0656969,255.5
2016,2,5,1,100,0.111549,0.0974906,255.5
2016,2,5,1,120,0.073995,0.0595142,255.5
2016,2,5,1,140,0.0316424,0.0357139,255.5
2016,2,5,1,160,0.022178,0.0273192,255.5
2016,2,5,1,200,0.00775023,0.00934216,255.5
2016,2,5,1,250,0.00270214,0.00605434,255.5
2016,2,4,1,2,1e-09,3.17552e-05,15.32
2016,2,4,1,3,1e-09,0.000174108,15.32
2016,2,4,1,4,1e-09,0.000565617,15.32
2016,2,4,1,5,1e-09,0.00128701,15.32
2016,2,4,1,6,1e-09,0.00229977,15.32
2016,2,4,1,7,1e-09,0.00345691,15.32
2016,2,4,1,8,1e-09,0.00454147,15.32
2016,2,4,1,9,0.0377358,0.00542445,15.32
2016,2,4,1,10,1e-09,0.00600522,15.32
2016,2,4,1,11,1e-09,0.00630011,15.32
2016,2,4,1,12,0.0377358,0.0126731,15.32
2016,2,4,1,14,1e-09,0.0122535,15.32
2016,2,4,1,16,0.0377358,0.0121034,15.32
2016,2,4,1,18,0.0377358,0.0126303,15.32
2016,2,4,1,20,0.0377358,0.0370143,15.32
2016,2,4,1,25,0.0377358,0.0452658,15.32
2016,2,4,1,30,0.0943396,0.0500202,15.32
2016,2,4,1,35,1e-09,0.0524087,15.32
2016,2,4,1,40,0.0943396,0.1074,15.32
2016,2,4,1,50,0.132075,0.105557,15.32
2016,2,4,1,60,0.132075,0.101673,15.32
2016,2,4,1,70,0.0566038,0.0954743,15.32
2016,2,4,1,80,0.0566038,0.0837525,15.32
2016,2,4,1,90,0.0377358,0.0677246,15.32
2016,2,4,1,100,0.0943396,0.0864155,15.32
2016,2,4,1,120,0.0188679,0.0416921,15.32
2016,2,4,1,140,0.0188679,0.020814,15.32
2016,2,4,1,160,0.0377358,0.0178899,15.32
2016,2,4,1,200,1e-09,0.00598774,15.32
2016,2,4,1,250,1e-09,0.00116487,15.32
2016,2,13,2,2,1e-09,1.39364e-05,52.141
2016,2,13,2,3,0.000984255,0.000108476,52.141
2016,2,13,2,4,0.000984255,0.000455877,52.141
2016,2,13,2,5,0.000492128,0.00126237,52.141
2016,2,13,2,6,0.0019685,0.0026293,52.141
2016,2,13,2,7,0.00295276,0.00446235,52.141
2016,2,13,2,8,0.000984255,0.00644201,52.141
2016,2,13,2,9,0.00442913,0.00828755,52.141
2016,2,13,2,10,0.00639764,0.00969902,52.141
2016,2,13,2,11,0.00639764,0.0105949,52.141
2016,2,13,2,12,0.0147638,0.0220246,52.141
2016,2,13,2,14,0.015748,0.0213751,52.141
2016,2,13,2,16,0.0172244,0.0203925,52.141
2016,2,13,2,18,0.0211614,0.0200882,52.141
2016,2,13,2,20,0.0590551,0.0517643,52.141
2016,2,13,2,25,0.066437,0.0530509,52.141
2016,2,13,2,30,0.0693898,0.0538836,52.141
2016,2,13,2,35,0.0698819,0.0541807,52.141
2016,2,13,2,40,0.125,0.105137,52.141
2016,2,13,2,50,0.116634,0.0957583,52.141
2016,2,13,2,60,0.111713,0.084859,52.141
2016,2,13,2,70,0.0826772,0.0744935,52.141
2016,2,13,2,80,0.0531496,0.0640122,52.141
2016,2,13,2,90,0.0374016,0.0530197,52.141
2016,2,13,2,100,0.0497047,0.0735719,52.141
2016,2,13,2,120,0.0280512,0.041495,52.141
2016,2,13,2,140,0.0152559,0.0244518,52.141
2016,2,13,2,160,0.015748,0.0261039,52.141
2016,2,13,2,200,0.00541339,0.012386,52.141
2016,2,13,2,250,1e-09,0.00399599,52.141
2016,5,5,1,2,1e-09,0.000533344,255.5
2016,5,5,1,3,0.00114879,0.000696497,255.5
2016,5,5,1,4,0.00154607,0.000785937,255.5
2016,5,5,1,5,1e-09,0.00117786,255.5
2016,5,5,1,6,0.000375754,0.00211861,255.5
2016,5,5,1,7,0.00267332,0.0036247,255.5
2016,5,5,1,8,0.00304908,0.00549778,255.5
2016,5,5,1,9,0.00728999,0.00752001,255.5
2016,5,5,1,10,0.00881453,0.00936813,255.5
2016,5,5,1,11,0.00879301,0.0108658,255.5
2016,5,5,1,12,0.0202378,0.0242531,255.5
2016,5,5,1,14,0.0148481,0.0245349,255.5
2016,5,5,1,16,0.0129047,0.0224579,255.5
2016,5,5,1,18,0.0258956,0.0197058,255.5
2016,5,5,1,20,0.0519732,0.0401221,255.5
2016,5,5,1,25,0.0523274,0.0356708,255.5
2016,5,5,1,30,0.0386281,0.0369126,255.5
2016,5,5,1,35,0.0324654,0.0392143,255.5
2016,5,5,1,40,0.086284,0.0834401,255.5
2016,5,5,1,50,0.0913626,0.0856527,255.5
2016,5,5,1,60,0.0792309,0.0844821,255.5
2016,5,5,1,70,0.0782328,0.0812794,255.5
2016,5,5,1,80,0.0769333,0.0753165,255.5
2016,5,5,1,90,0.0645119,0.0661699,255.5
2016,5,5,1,100,0.111782,0.0983821,255.5
2016,5,5,1,120,0.0599814,0.0601963,255.5
2016,5,5,1,140,0.0335926,0.0362847,255.5
2016,5,5,1,160,0.0184549,0.0279512,255.5
2016,5,5,1,200,0.0106072,0.00958808,255.5
2016,5,5,1,250,0.00605509,0.00619669,255.5
2016,5,13,2,2,1e-09,0.00016108,52.141
2016,5,13,2,3,1e-09,0.000280821,52.141
2016,5,13,2,4,0.00228833,0.000384354,52.141
2016,5,13,2,5,0.000572082,0.000659493,52.141
2016,5,13,2,6,0.00228833,0.00134809,52.141
2016,5,13,2,7,0.00171625,0.00260519,52.141
2016,5,13,2,8,0.00400458,0.00439945,52.141
2016,5,13,2,9,0.00400458,0.00662011,52.141
2016,5,13,2,10,0.00800915,0.00895694,52.141
2016,5,13,2,11,0.00572082,0.0111776,52.141
2016,5,13,2,12,0.0102975,0.0273811,52.141
2016,5,13,2,14,0.0131579,0.030483,52.141
2016,5,13,2,16,0.00800915,0.0299212,52.141
2016,5,13,2,18,0.00915332,0.0274545,52.141
2016,5,13,2,20,0.0394737,0.0573673,52.141
2016,5,13,2,25,0.0440503,0.0485856,52.141
2016,5,13,2,30,0.0646453,0.047376,52.141
2016,5,13,2,35,0.0703661,0.048098,52.141
2016,5,13,2,40,0.121854,0.0965998,52.141
2016,5,13,2,50,0.122998,0.092009,52.141
2016,5,13,2,60,0.108696,0.083725,52.141
2016,5,13,2,70,0.0858124,0.0742491,52.141
2016,5,13,2,80,0.0640732,0.0640024,52.141
2016,5,13,2,90,0.0463387,0.0530728,52.141
2016,5,13,2,100,0.0629291,0.073686,52.141
2016,5,13,2,120,0.0354691,0.0415989,52.141
2016,5,13,2,140,0.0331808,0.0246217,52.141
2016,5,13,2,160,0.0200229,0.0264971,52.141
2016,5,13,2,200,0.00915332,0.0126208,52.141
2016,5,13,2,250,0.00171625,0.00405762,52.141
2016,8,5,1,2,1e-09,0.00035301,255.5
2016,8,5,1,3,0.000529295,0.000973849,255.5
2016,8,5,1,4,0.000231233,0.00163847,255.5
2016,8,5,1,5,0.000693694,0.00208773,255.5
2016,8,5,1,6,0.000529295,0.00242105,255.5
2016,8,5,1,7,0.00135665,0.00291032,255.5
2016,8,5,1,8,0.00310893,0.00375486,255.5
2016,8,5,1,9,0.00621786,0.00502396,255.5
2016,8,5,1,10,0.00750768,0.00659004,255.5
2016,8,5,1,11,0.00674715,0.0083102,255.5
2016,8,5,1,12,0.021002,0.0213463,255.5
2016,8,5,1,14,0.0148817,0.0255673,255.5
2016,8,5,1,16,0.0192804,0.0267038,255.5
2016,8,5,1,18,0.018679,0.0252924,255.5
2016,8,5,1,20,0.0434421,0.0507388,255.5
2016,8,5,1,25,0.0369569,0.0379759,255.5
2016,8,5,1,30,0.0322962,0.0345246,255.5
2016,8,5,1,35,0.0328255,0.0353825,255.5
2016,8,5,1,40,0.0738724,0.0766152,255.5
2016,8,5,1,50,0.0901148,0.0819388,255.5
2016,8,5,1,60,0.0920729,0.08326,255.5
2016,8,5,1,70,0.0818265,0.0813259,255.5
2016,8,5,1,80,0.0801411,0.0758709,255.5
2016,8,5,1,90,0.073132,0.0668718,255.5
2016,8,5,1,100,0.118305,0.0996274,255.5
2016,8,5,1,120,0.062788,0.0610499,255.5
2016,8,5,1,140,0.0362525,0.0369309,255.5
2016,8,5,1,160,0.0245159,0.0286621,255.5
2016,8,5,1,200,0.0131909,0.00988013,255.5
2016,8,5,1,250,0.00750232,0.00637181,255.5
2016,8,13,2,2,1e-09,0.00010515,34.4754
2016,8,13,2,3,0.00150603,0.000386328,34.4754
2016,8,13,2,4,1e-09,0.000809463,34.4754
2016,8,13,2,5,0.00301204,0.00122335,34.4754
2016,8,13,2,6,0.00150603,0.00161425,34.4754
2016,8,13,2,7,0.00301204,0.00213916,34.4754
2016,8,13,2,8,1e-09,0.00299175,34.4754
2016,8,13,2,9,1e-09,0.00432514,34.4754
2016,8,13,2,10,0.00150603,0.00610539,34.4754
2016,8,13,2,11,0.00301204,0.00825171,34.4754
2016,8,13,2,12,0.0165663,0.0232817,34.4754
2016,8,13,2,14,0.00753012,0.0308092,34.4754
2016,8,13,2,16,0.00753012,0.0348224,34.4754
2016,8,13,2,18,0.0105422,0.034974,34.4754
2016,8,13,2,20,0.0391566,0.0739074,34.4754
2016,8,13,2,25,0.0406627,0.053352,34.4754
2016,8,13,2,30,0.0783133,0.0449061,34.4754
2016,8,13,2,35,0.0677711,0.0433288,34.4754
2016,8,13,2,40,0.120482,0.0877922,34.4754
2016,8,13,2,50,0.123494,0.0869685,34.4754
2016,8,13,2,60,0.100904,0.0817312,34.4754
2016,8,13,2,70,0.0903614,0.0737683,34.4754
2016,8,13,2,80,0.0677711,0.0640807,34.4754
2016,8,13,2,90,0.0512048,0.0533069,34.4754
2016,8,13,2,100,0.0662651,0.0741177,34.4754
2016,8,13,2,120,0.0376506,0.041879,34.4754
2016,8,13,2,140,0.0240964,0.0248869,34.4754
2016,8,13,2,160,0.0286145,0.027024,34.4754
2016,8,13,2,200,0.0060241,0.0129542,34.4754
2016,8,13,2,250,0.00150603,0.00415712,34.4754
2016,11,5,1,2,1e-09,0.000115672,255.5
2016,11,5,1,3,0.000185119,0.000506251,255.5
2016,11,5,1,4,1e-09,0.00129213,255.5
2016,11,5,1,5,0.00111071,0.00231603,255.5
2016,11,5,1,6,0.00252069,0.00331744,255.5
2016,11,5,1,7,0.0027058,0.00413414,255.5
2016,11,5,1,8,0.0020363,0.00476184,255.5
2016,11,5,1,9,0.00536842,0.00534776,255.5
2016,11,5,1,10,0.00874373,0.00601443,255.5
2016,11,5,1,11,0.00603793,0.00686409,255.5
2016,11,5,1,12,0.0212608,0.0168968,255.5
2016,11,5,1,14,0.0283816,0.0213192,255.5
2016,11,5,1,16,0.0218593,0.0246621,255.5
2016,11,5,1,18,0.0160775,0.0259267,255.5
2016,11,5,1,20,0.0334076,0.0587401,255.5
2016,11,5,1,25,0.0413831,0.0448674,255.5
2016,11,5,1,30,0.0302606,0.03652,255.5
2016,11,5,1,35,0.0381219,0.0339625,255.5
2016,11,5,1,40,0.0580283,0.0708566,255.5
2016,11,5,1,50,0.0679537,0.0775861,255.5
2016,11,5,1,60,0.0778513,0.081366,255.5
2016,11,5,1,70,0.0744914,0.0811005,255.5
2016,11,5,1,80,0.078493,0.0764679,255.5
2016,11,5,1,90,0.0738497,0.0677509,255.5
2016,11,5,1,100,0.119904,0.101236,255.5
2016,11,5,1,120,0.0859841,0.0621152,255.5
2016,11,5,1,140,0.0437464,0.0376799,255.5
2016,11,5,1,160,0.0374524,0.0294668,255.5
2016,11,5,1,200,0.0176016,0.0102242,255.5
2016,11,5,1,250,0.0051833,0.00658504,255.5
2016,11,4,1,2,1e-09,7.6667e-05,25.726
2016,11,4,1,3,1e-09,0.000312669,25.726
2016,11,4,1,4,1e-09,0.000767951,25.726
2016,11,4,1,5,1e-09,0.00135178,25.726
2016,11,4,1,6,1e-09,0.00192855,25.726
2016,11,4,1,7,0.011236,0.00241906,25.726
2016,11,4,1,8,1e-09,0.00282646,25.726
2016,11,4,1,9,1e-09,0.00324029,25.726
2016,11,4,1,10,0.0224719,0.00373646,25.726
2016,11,4,1,11,0.0224719,0.0043894,25.726
2016,11,4,1,12,1e-09,0.0113653,25.726
2016,11,4,1,14,0.0224719,0.0154209,25.726
2016,11,4,1,16,0.011236,0.0193338,25.726
2016,11,4,1,18,0.011236,0.0221277,25.726
2016,11,4,1,20,0.0898876,0.0584258,25.726
2016,11,4,1,25,0.157303,0.0520587,25.726
2016,11,4,1,30,0.0674157,0.0440754,25.726
2016,11,4,1,35,0.0337079,0.0410306,25.726
2016,11,4,1,40,0.0898876,0.0856027,25.726
2016,11,4,1,50,0.0449438,0.0937327,25.726
2016,11,4,1,60,0.0898876,0.0982624,25.726
2016,11,4,1,70,0.0337079,0.0964407,25.726
2016,11,4,1,80,0.0786517,0.0863827,25.726
2016,11,4,1,90,0.0674157,0.070569,25.726
2016,11,4,1,100,0.0898876,0.0905803,25.726
2016,11,4,1,120,0.0337079,0.0439013,25.726
2016,11,4,1,140,0.011236,0.0222013,25.726
2016,11,4,1,160,1e-09,0.0195293,25.726
2016,11,4,1,200,0.011236,0.00662673,25.726
2016,11,4,1,250,1e-09,0.00128328,25.726
2016,11,13,2,2,1e-09,3.3831e-05,4.51353
2016,11,13,2,3,1e-09,0.000196446,4.51353
2016,11,13,2,4,1e-09,0.00062475,4.51353
2016,11,13,2,5,1e-09,0.00133721,4.51353
2016,11,13,2,6,0.0114943,0.00221569,4.51353
2016,11,13,2,7,1e-09,0.00311333,4.51353
2016,11,13,2,8,1e-09,0.00394566,4.51353
2016,11,13,2,9,1e-09,0.00478676,4.51353
2016,11,13,2,10,1e-09,0.00572589,4.51353
2016,11,13,2,11,0.0114943,0.00689285,4.51353
2016,11,13,2,12,0.0114943,0.0182653,4.51353
2016,11,13,2,14,1e-09,0.0251256,4.51353
2016,11,13,2,16,0.0114943,0.0313446,4.51353
2016,11,13,2,18,0.0344828,0.035033,4.51353
2016,11,13,2,20,0.045977,0.0848663,4.51353
2016,11,13,2,25,0.103448,0.0642895,4.51353
2016,11,13,2,30,0.0804598,0.0489149,4.51353
2016,11,13,2,35,0.0114943,0.0422764,4.51353
2016,11,13,2,40,0.183908,0.0809791,4.51353
2016,11,13,2,50,0.137931,0.0814289,4.51353
2016,11,13,2,60,0.137931,0.0790348,4.51353
2016,11,13,2,70,0.0804598,0.0729986,4.51353
2016,11,13,2,80,0.045977,0.064236,4.51353
2016,11,13,2,90,0.0344828,0.0537851,4.51353
2016,11,13,2,100,0.0229885,0.0750628,4.51353
2016,11,13,2,120,1e-09,0.0425011,4.51353
2016,11,13,2,140,0.0114943,0.0253668,4.51353
2016,11,13,2,160,0.0229885,0.0278294,4.51353
2016,11,13,2,200,1e-09,0.0134659,4.51353
2016,11,13,2,250,1e-09,0.00432355,4.51353
2017,2,5,1,2,1e-09,2.93884e-05,255.5
2017,2,5,1,3,0.000376246,0.000172361,255.5
2017,2,5,1,4,0.000376246,0.000583976,255.5
2017,2,5,1,5,0.00316839,0.00136222,255.5
2017,2,5,1,6,0.00539617,0.00247205,255.5
2017,2,5,1,7,0.00781208,0.00376075,255.5
2017,2,5,1,8,0.00727739,0.00500986,255.5
2017,2,5,1,9,0.00837644,0.00611293,255.5
2017,2,5,1,10,0.00693083,0.00699356,255.5
2017,2,5,1,11,0.0146142,0.00770386,255.5
2017,2,5,1,12,0.0278818,0.0171719,255.5
2017,2,5,1,14,0.0566448,0.0194173,255.5
2017,2,5,1,16,0.0543873,0.0216363,255.5
2017,2,5,1,18,0.0381988,0.0232899,255.5
2017,2,5,1,20,0.0896058,0.0582805,255.5
2017,2,5,1,25,0.049892,0.0500503,255.5
2017,2,5,1,30,0.0481693,0.0411209,255.5
2017,2,5,1,35,0.0371591,0.0356405,255.5
2017,2,5,1,40,0.058605,0.0681526,255.5
2017,2,5,1,50,0.0752291,0.0733797,255.5
2017,2,5,1,60,0.0742292,0.0789014,255.5
2017,2,5,1,70,0.0677043,0.0804463,255.5
2017,2,5,1,80,0.0579516,0.0769184,255.5
2017,2,5,1,90,0.0429909,0.0686697,255.5
2017,2,5,1,100,0.0759816,0.103081,255.5
2017,2,5,1,120,0.0480108,0.0633513,255.5
2017,2,5,1,140,0.0207925,0.0385152,255.5
2017,2,5,1,160,0.0158716,0.0303558,255.5
2017,2,5,1,200,0.00523774,0.0106195,255.5
2017,2,5,1,250,0.00112873,0.00680096,255.5
2017,2,13,2,2,1e-09,8.37953e-06,52.141
2017,2,13,2,3,0.000867302,6.50792e-05,52.141
2017,2,13,2,4,0.000867302,0.00027451,52.141
2017,2,13,2,5,1e-09,0.000764869,52.141
2017,2,13,2,6,0.000867302,0.00160925,52.141
2017,2,13,2,7,0.00520381,0.00277552,52.141
2017,2,13,2,8,0.00346921,0.00410652,52.141
2017,2,13,2,9,0.0017346,0.00548138,52.141
2017,2,13,2,10,0.00520381,0.00675499,52.141
2017,2,13,2,11,0.00346921,0.0079197,52.141
2017,2,13,2,12,0.00780572,0.0190104,52.141
2017,2,13,2,14,0.019948,0.0231443,52.141
2017,2,13,2,16,0.0190807,0.0273771,52.141
2017,2,13,2,18,0.019948,0.0310068,52.141
2017,2,13,2,20,0.0346921,0.082759,52.141
2017,2,13,2,25,0.0416305,0.0714196,52.141
2017,2,13,2,30,0.0607112,0.0560703,52.141
2017,2,13,2,35,0.0615785,0.0455707,52.141
2017,2,13,2,40,0.139636,0.0788706,52.141
2017,2,13,2,50,0.14137,0.0765542,52.141
2017,2,13,2,60,0.113617,0.0758683,52.141
2017,2,13,2,70,0.0910668,0.0717728,52.141
2017,2,13,2,80,0.0650477,0.0641851,52.141
2017,2,13,2,90,0.0416305,0.0542411,52.141
2017,2,13,2,100,0.0589766,0.0761365,52.141
2017,2,13,2,120,0.0329575,0.0432142,52.141
2017,2,13,2,140,0.0121422,0.0258754,52.141
2017,2,13,2,160,0.0138768,0.0286581,52.141
2017,2,13,2,200,0.00260191,0.0140105,52.141
2017,2,13,2,250,1e-09,0.00449469,52.141
2017,5,5,1,2,1e-09,0.000956816,255.5
2017,5,5,1,3,1e-09,0.00117056,255.5
2017,5,5,1,4,0.000611726,0.00103224,255.5
2017,5,5,1,5,0.00104663,0.00102687,255.5
2017,5,5,1,6,0.0013525,0.00145006,255.5
2017,5,5,1,7,0.0013525,0.00232152,255.5
2017,5,5,1,8,0.00091759,0.00350183,255.5
2017,5,5,1,9,0.00278625,0.00485279,255.5
2017,5,5,1,10,0.00326894,0.00618119,255.5
2017,5,5,1,11,0.00436335,0.00739489,255.5
2017,5,5,1,12,0.0133481,0.0176268,255.5
2017,5,5,1,14,0.00877447,0.0200829,255.5
2017,5,5,1,16,0.0222659,0.0214366,255.5
2017,5,5,1,18,0.0245838,0.0221175,255.5
2017,5,5,1,20,0.0662865,0.0549303,255.5
2017,5,5,1,25,0.0641406,0.050651,255.5
2017,5,5,1,30,0.0487041,0.0445132,255.5
2017,5,5,1,35,0.0397336,0.0387444,255.5
2017,5,5,1,40,0.0741577,0.0691841,255.5
2017,5,5,1,50,0.0642411,0.0704441,255.5
2017,5,5,1,60,0.0810063,0.0762307,255.5
2017,5,5,1,70,0.0748364,0.079316,255.5
2017,5,5,1,80,0.0885766,0.077045,255.5
2017,5,5,1,90,0.0686236,0.0694529,255.5
2017,5,5,1,100,0.112147,0.104945,255.5
2017,5,5,1,120,0.0626211,0.0646679,255.5
2017,5,5,1,140,0.0366656,0.0393799,255.5
2017,5,5,1,160,0.021769,0.03125,255.5
2017,5,5,1,200,0.00676247,0.0110253,255.5
2017,5,5,1,250,0.00505634,0.00706782,255.5
2017,5,13,2,2,1e-09,0.000288735,52.141
2017,5,13,2,3,0.000651042,0.000474594,52.141
2017,5,13,2,4,1e-09,0.000517078,52.141
2017,5,13,2,5,0.000651042,0.000591051,52.141
2017,5,13,2,6,1e-09,0.00093094,52.141
2017,5,13,2,7,0.00195312,0.00166549,52.141
2017,5,13,2,8,0.000651042,0.00278501,52.141
2017,5,13,2,9,0.00390625,0.00423346,52.141
2017,5,13,2,10,0.00260417,0.00583871,52.141
2017,5,13,2,11,0.00390625,0.00748778,52.141
2017,5,13,2,12,0.014974,0.0194646,52.141
2017,5,13,2,14,0.00911458,0.0241639,52.141
2017,5,13,2,16,0.00911458,0.0274542,52.141
2017,5,13,2,18,0.00976562,0.0296382,52.141
2017,5,13,2,20,0.0299479,0.0775001,52.141
2017,5,13,2,25,0.03125,0.0714346,52.141
2017,5,13,2,30,0.0384115,0.0606982,52.141
2017,5,13,2,35,0.0507813,0.050406,52.141
2017,5,13,2,40,0.105469,0.0820367,52.141
2017,5,13,2,50,0.113932,0.0740208,52.141
2017,5,13,2,60,0.115885,0.0730196,52.141
2017,5,13,2,70,0.09375,0.0703524,52.141
2017,5,13,2,80,0.078125,0.063981,52.141
2017,5,13,2,90,0.078125,0.0546679,52.141
2017,5,13,2,100,0.0917969,0.0773229,52.141
2017,5,13,2,120,0.0481771,0.0440146,52.141
2017,5,13,2,140,0.031901,0.0263939,52.141
2017,5,13,2,160,0.0240885,0.0294336,52.141
2017,5,13,2,200,0.00976562,0.0145184,52.141
2017,5,13,2,250,0.00130208,0.00466549,52.141
2017,8,5,1,2,1e-09,0.000644736,255.5
2017,8,5,1,3,1e-09,0.00176168,255.5
2017,8,5,1,4,0.00044329,0.0028856,255.5
2017,8,5,1,5,0.00172174,0.00343826,255.5
2017,8,5,1,6,0.00146605,0.00346814,255.5
2017,8,5,1,7,0.0031197,0.00335299,255.5
2017,8,5,1,8,0.00235263,0.00343922,255.5
2017,8,5,1,9,0.00235263,0.00388311,255.5
2017,8,5,1,10,0.00426197,0.00465815,255.5
2017,8,5,1,11,0.00248881,0.00567276,255.5
2017,8,5,1,12,0.0119841,0.0146216,255.5
2017,8,5,1,14,0.01045,0.0183678,255.5
2017,8,5,1,16,0.0137058,0.0207692,255.5
2017,8,5,1,18,0.0196896,0.0217838,255.5
2017,8,5,1,20,0.0530169,0.053321,255.5
2017,8,5,1,25,0.0641491,0.0492546,255.5
2017,8,5,1,30,0.0446291,0.0452403,255.5
2017,8,5,1,35,0.0438273,0.0408822,255.5
2017,8,5,1,40,0.0775979,0.0720948,255.5
2017,8,5,1,50,0.0608057,0.0693343,255.5
2017,8,5,1,60,0.0616423,0.0738004,255.5
2017,8,5,1,70,0.0689058,0.0776886,255.5
2017,8,5,1,80,0.0698938,0.0765992,255.5
2017,8,5,1,90,0.0663308,0.0698082,255.5
2017,8,5,1,100,0.116227,0.106384,255.5
2017,8,5,1,120,0.0797963,0.0658344,255.5
2017,8,5,1,140,0.0611475,0.0401657,255.5
2017,8,5,1,160,0.0354409,0.0320841,255.5
2017,8,5,1,200,0.0149843,0.0114241,255.5
2017,8,5,1,250,0.00756927,0.00733743,255.5
2017,8,4,1,2,1e-09,0.000429593,19.0777
2017,8,4,1,3,1e-09,0.0010913,19.0777
2017,8,4,1,4,1e-09,0.00171819,19.0777
2017,8,4,1,5,1e-09,0.00200919,19.0777
2017,8,4,1,6,0.0151515,0.00201802,19.0777
2017,8,4,1,7,0.030303,0.00196379,19.0777
2017,8,4,1,8,1e-09,0.00204336,19.0777
2017,8,4,1,9,0.0151515,0.00235485,19.0777
2017,8,4,1,10,0.030303,0.00289575,19.0777
2017,8,4,1,11,1e-09,0.00362955,19.0777
2017,8,4,1,12,0.0151515,0.00984241,19.0777
2017,8,4,1,14,1e-09,0.0132983,19.0777
2017,8,4,1,16,0.0151515,0.0163031,19.0777
2017,8,4,1,18,1e-09,0.0186203,19.0777
2017,8,4,1,20,1e-09,0.0532232,19.0777
2017,8,4,1,25,0.0909091,0.0572303,19.0777
2017,8,4,1,30,0.0454545,0.0546474,19.0777
2017,8,4,1,35,0.106061,0.0494367,19.0777
2017,8,4,1,40,0.121212,0.0871805,19.0777
2017,8,4,1,50,0.0909091,0.0838423,19.0777
2017,8,4,1,60,0.0606061,0.0892075,19.0777
2017,8,4,1,70,0.0606061,0.0924194,19.0777
2017,8,4,1,80,0.0757576,0.0865185,19.0777
2017,8,4,1,90,0.0454545,0.0726822,19.0777
2017,8,4,1,100,0.0454545,0.0950852,19.0777
2017,8,4,1,120,0.0606061,0.0464738,19.0777
2017,8,4,1,140,0.0151515,0.0236846,19.0777
2017,8,4,1,160,0.0454545,0.0213072,19.0777
2017,8,4,1,200,0.0151515,0.00740705,19.0777
2017,8,4,1,250,1e-09,0.00143639,19.0777
2017,8,13,2,2,1e-09,0.00019342,22.9879
2017,8,13,2,3,0.00225225,0.000704654,22.9879
2017,8,13,2,4,1e-09,0.00144193,22.9879
2017,8,13,2,5,1e-09,0.00205306,22.9879
2017,8,13,2,6,0.00675675,0.00238662,22.9879
2017,8,13,2,7,0.00675675,0.00257192,22.9879
2017,8,13,2,8,1e-09,0.00285442,22.9879
2017,8,13,2,9,1e-09,0.00343937,22.9879
2017,8,13,2,10,1e-09,0.00438376,22.9879
2017,8,13,2,11,0.00225225,0.00566976,22.9879
2017,8,13,2,12,0.00900902,0.0159161,22.9879
2017,8,13,2,14,0.0112613,0.0219126,22.9879
2017,8,13,2,16,0.00675675,0.0266039,22.9879
2017,8,13,2,18,0.00900902,0.0293874,22.9879
2017,8,13,2,20,0.0405405,0.0757435,22.9879
2017,8,13,2,25,0.0518018,0.0693262,22.9879
2017,8,13,2,30,0.0427928,0.0614615,22.9879
2017,8,13,2,35,0.0608108,0.0534683,22.9879
2017,8,13,2,40,0.119369,0.0873299,22.9879
2017,8,13,2,50,0.135135,0.0742284,22.9879
2017,8,13,2,60,0.103604,0.0710339,22.9879
2017,8,13,2,70,0.117117,0.0688248,22.9879
2017,8,13,2,80,0.0585586,0.0634977,22.9879
2017,8,13,2,90,0.0540541,0.054912,22.9879
2017,8,13,2,100,0.0608108,0.0784577,22.9879
2017,8,13,2,120,0.0472973,0.0449117,22.9879
2017,8,13,2,140,0.0225225,0.0269997,22.9879
2017,8,13,2,160,0.0202703,0.0303173,22.9879
2017,8,13,2,200,0.00900902,0.0151007,22.9879
2017,8,13,2,250,0.00225225,0.00486778,22.9879
2017,11,5,1,2,1e-09,0.000210911,255.5
2017,11,5,1,3,1e-09,0.000919651,255.5
2017,11,5,1,4,0.000149184,0.00232929,255.5
2017,11,5,1,5,0.001268,0.00411189,255.5
2017,11,5,1,6,0.00499746,0.00572308,255.5
2017,11,5,1,7,0.00261066,0.00677817,255.5
2017,11,5,1,8,0.00305821,0.00720035,255.5
2017,11,5,1,9,0.00488561,0.00719734,255.5
2017,11,5,1,10,0.0050348,0.00703135,255.5
2017,11,5,1,11,0.00425168,0.00692441,255.5
2017,11,5,1,12,0.0139856,0.0142573,255.5
2017,11,5,1,14,0.0161488,0.0159174,255.5
2017,11,5,1,16,0.0104054,0.0180368,255.5
2017,11,5,1,18,0.0145078,0.0196334,255.5
2017,11,5,1,20,0.0394213,0.0503681,255.5
2017,11,5,1,25,0.0440832,0.0474872,255.5
2017,11,5,1,30,0.0474024,0.0443294,255.5
2017,11,5,1,35,0.0374073,0.0411912,255.5
2017,11,5,1,40,0.0792157,0.0740754,255.5
2017,11,5,1,50,0.0678405,0.0692581,255.5
2017,11,5,1,60,0.071458,0.0716989,255.5
2017,11,5,1,70,0.0747027,0.075457,255.5
2017,11,5,1,80,0.0747027,0.0751964,255.5
2017,11,5,1,90,0.070339,0.0692483,255.5
2017,11,5,1,100,0.12382,0.106559,255.5
2017,11,5,1,120,0.0793642,0.0663404,255.5
2017,11,5,1,140,0.0481483,0.0405853,255.5
2017,11,5,1,160,0.0378919,0.0326374,255.5
2017,11,5,1,200,0.0152537,0.0117367,255.5
2017,11,5,1,250,0.00764558,0.00756022,255.5
2017,11,13,2,2,1e-09,6.25053e-05,7.75685
2017,11,13,2,3,1e-09,0.000361778,7.75685
2017,11,13,2,4,1e-09,0.00114287,7.75685
2017,11,13,2,5,1e-09,0.00241391,7.75685
2017,11,13,2,6,0.0133333,0.0039006,7.75685
2017,11,13,2,7,0.02,0.00524036,7.75685
2017,11,13,2,8,0.00666667,0.00617641,7.75685
2017,11,13,2,9,0.0133333,0.00673143,7.75685
2017,11,13,2,10,1e-09,0.0070397,7.75685
2017,11,13,2,11,1e-09,0.00731517,7.75685
2017,11,13,2,12,0.02,0.0160179,7.75685
2017,11,13,2,14,0.02,0.019128,7.75685
2017,11,13,2,16,0.00666667,0.0230283,7.75685
2017,11,13,2,18,0.0133333,0.0263803,7.75685
2017,11,13,2,20,0.0333334,0.0716403,7.75685
2017,11,13,2,25,0.0533333,0.0669969,7.75685
2017,11,13,2,30,0.02,0.0601023,7.75685
2017,11,13,2,35,0.06,0.0537653,7.75685
2017,11,13,2,40,0.113333,0.0905159,7.75685
2017,11,13,2,50,0.166667,0.0754898,7.75685
2017,11,13,2,60,0.06,0.0696621,7.75685
2017,11,13,2,70,0.12,0.0669048,7.75685
2017,11,13,2,80,0.0733333,0.0622208,7.75685
2017,11,13,2,90,0.0466666,0.0543991,7.75685
2017,11,13,2,100,0.06,0.0786464,7.75685
2017,11,13,2,120,0.0466666,0.0454291,7.75685
2017,11,13,2,140,0.0133333,0.0274545,7.75685
2017,11,13,2,160,0.0133333,0.0310919,7.75685
2017,11,13,2,200,0.00666667,0.0156654,7.75685
2017,11,13,2,250,1e-09,0.00507633,7.75685
2018,2,5,1,2,1e-09,5.26852e-05,255.5
2018,2,5,1,3,0.000254974,0.000309091,255.5
2018,2,5,1,4,0.0010199,0.00104324,255.5
2018,2,5,1,5,0.00422255,0.00241806,255.5
2018,2,5,1,6,0.00433456,0.00434277,255.5
2018,2,5,1,7,0.00804716,0.0064985,255.5
2018,2,5,1,8,0.0148504,0.00844317,255.5
2018,2,5,1,9,0.0206028,0.00992705,255.5
2018,2,5,1,10,0.0132896,0.0107912,255.5
2018,2,5,1,11,0.0204908,0.0111026,255.5
2018,2,5,1,12,0.02865,0.021696,255.5
2018,2,5,1,14,0.0182771,0.0202081,255.5
2018,2,5,1,16,0.0263552,0.0190805,255.5
2018,2,5,1,18,0.0365851,0.018659,255.5
2018,2,5,1,20,0.0581459,0.0459537,255.5
2018,2,5,1,25,0.0557082,0.0444091,255.5
2018,2,5,1,30,0.066703,0.0424984,255.5
2018,2,5,1,35,0.0515976,0.0402883,255.5
2018,2,5,1,40,0.0809506,0.0741874,255.5
2018,2,5,1,50,0.0688239,0.0692275,255.5
2018,2,5,1,60,0.0510258,0.0700458,255.5
2018,2,5,1,70,0.049129,0.073065,255.5
2018,2,5,1,80,0.0538615,0.0731327,255.5
2018,2,5,1,90,0.0423257,0.0678857,255.5
2018,2,5,1,100,0.0983508,0.105446,255.5
2018,2,5,1,120,0.058339,0.06612,255.5
2018,2,5,1,140,0.0331776,0.0406117,255.5
2018,2,5,1,160,0.0200619,0.032909,255.5
2018,2,5,1,200,0.0125247,0.0119638,255.5
2018,2,5,1,250,0.00229477,0.00768443,255.5
2018,5,5,1,2,1e-09,0.00107303,255.5
2018,5,5,1,3,1e-09,0.00133875,255.5
2018,5,5,1,4,0.00120472,0.00128177,255.5
2018,5,5,1,5,0.000733751,0.00150721,255.5
2018,5,5,1,6,0.00180708,0.00239119,255.5
2018,5,5,1,7,0.00216486,0.00395209,255.5
2018,5,5,1,8,0.00239125,0.00595248,255.5
2018,5,5,1,9,0.00589222,0.00814064,255.5
2018,5,5,1,10,0.00856444,0.0101621,255.5
2018,5,5,1,11,0.0113903,0.0118266,255.5
2018,5,5,1,12,0.0244704,0.0265997,255.5
2018,5,5,1,14,0.0242844,0.0273107,255.5
2018,5,5,1,16,0.0173189,0.0255306,255.5
2018,5,5,1,18,0.0226451,0.0229516,255.5
2018,5,5,1,20,0.0511097,0.0480493,255.5
2018,5,5,1,25,0.0384965,0.0417991,255.5
2018,5,5,1,30,0.0387229,0.0399567,255.5
2018,5,5,1,35,0.0464444,0.0386262,255.5
2018,5,5,1,40,0.0811368,0.0729072,255.5
2018,5,5,1,50,0.0728715,0.0688253,255.5
2018,5,5,1,60,0.0692978,0.0688522,255.5
2018,5,5,1,70,0.0778844,0.0710636,255.5
2018,5,5,1,80,0.075471,0.0710702,255.5
2018,5,5,1,90,0.0708239,0.066263,255.5
2018,5,5,1,100,0.113822,0.103699,255.5
2018,5,5,1,120,0.0701407,0.0654953,255.5
2018,5,5,1,140,0.0310418,0.0404175,255.5
2018,5,5,1,160,0.0229847,0.0330019,255.5
2018,5,5,1,200,0.0108425,0.0121256,255.5
2018,5,5,1,250,0.00604181,0.00782986,255.5
2018,8,5,1,2,1e-09,0.000708225,255.5
2018,8,5,1,3,0.000821737,0.00194057,255.5
2018,8,5,1,4,0.00198782,0.00320383,255.5
2018,8,5,1,5,0.000914349,0.003896,255.5
2018,8,5,1,6,0.00290217,0.00411174,255.5
2018,8,5,1,7,0.00164348,0.00430146,255.5
2018,8,5,1,8,0.00223956,0.00484725,255.5
2018,8,5,1,9,0.00324652,0.00590479,255.5
2018,8,5,1,10,0.00491609,0.00737251,255.5
2018,8,5,1,11,0.0050087,0.00908668,255.5
2018,8,5,1,12,0.0175056,0.0230961,255.5
2018,8,5,1,14,0.0203009,0.0276975,255.5
2018,8,5,1,16,0.0320282,0.0291733,255.5
2018,8,5,1,18,0.0280787,0.0279777,255.5
2018,8,5,1,20,0.05421,0.0575812,255.5
2018,8,5,1,25,0.0408274,0.0439696,255.5
2018,8,5,1,30,0.0362152,0.0386498,255.5
2018,8,5,1,35,0.0283565,0.0367821,255.5
2018,8,5,1,40,0.0812674,0.0706113,255.5
2018,8,5,1,50,0.0731569,0.0678844,255.5
2018,8,5,1,60,0.0697109,0.0678419,255.5
2018,8,5,1,70,0.0578243,0.0695113,255.5
2018,8,5,1,80,0.0556252,0.0693101,255.5
2018,8,5,1,90,0.0618287,0.0647122,255.5
2018,8,5,1,100,0.103817,0.101751,255.5
2018,8,5,1,120,0.0892043,0.0646574,255.5
2018,8,5,1,140,0.0500087,0.0401174,255.5
2018,8,5,1,160,0.0444182,0.0330446,255.5
2018,8,5,1,200,0.0193865,0.0122805,255.5
2018,8,5,1,250,0.0125491,0.00797812,255.5
2018,8,4,1,2,1e-09,0.000482376,15.32
2018,8,4,1,3,1e-09,0.00122881,15.32
2018,8,4,1,4,1e-09,0.00195002,15.32
2018,8,4,1,5,0.0188679,0.00232722,15.32
2018,8,4,1,6,1e-09,0.00244569,15.32
2018,8,4,1,7,1e-09,0.00257531,15.32
2018,8,4,1,8,1e-09,0.00294385,15.32
2018,8,4,1,9,0.0188679,0.00366016,15.32
2018,8,4,1,10,1e-09,0.00468459,15.32
2018,8,4,1,11,1e-09,0.00594271,15.32
2018,8,4,1,12,0.0188679,0.0158905,15.32
2018,8,4,1,14,0.0188679,0.0204961,15.32
2018,8,4,1,16,1e-09,0.0234088,15.32
2018,8,4,1,18,1e-09,0.024453,15.32
2018,8,4,1,20,0.132075,0.0585975,15.32
2018,8,4,1,25,0.0943396,0.0522298,15.32
2018,8,4,1,30,0.0754717,0.0477266,15.32
2018,8,4,1,35,0.0566038,0.045467,15.32
2018,8,4,1,40,0.113208,0.0872839,15.32
2018,8,4,1,50,0.0188679,0.0839131,15.32
2018,8,4,1,60,0.0754717,0.0838278,15.32
2018,8,4,1,70,0.150943,0.0845045,15.32
2018,8,4,1,80,0.0754717,0.0799044,15.32
2018,8,4,1,90,0.0188679,0.0686781,15.32
2018,8,4,1,100,0.0377358,0.0925417,15.32
2018,8,4,1,120,0.0377358,0.0464667,15.32
2018,8,4,1,140,1e-09,0.0241755,15.32
2018,8,4,1,160,0.0188679,0.0224677,15.32
2018,8,4,1,200,1e-09,0.00812653,15.32
2018,8,4,1,250,0.0188679,0.0016001,15.32
2018,11,5,1,2,1e-09,0.000227933,255.5
2018,11,5,1,3,0.00102783,0.000994951,255.5
2018,11,5,1,4,0.00153106,0.00252565,255.5
2018,11,5,1,5,0.0032085,0.00447846,255.5
2018,11,5,1,6,0.00708797,0.00628649,255.5
2018,11,5,1,7,0.00885087,0.00756106,255.5
2018,11,5,1,8,0.0083049,0.00823929,255.5
2018,11,5,1,9,0.00926863,0.00856201,255.5
2018,11,5,1,10,0.00725571,0.00879721,255.5
2018,11,5,1,11,0.00950048,0.00916886,255.5
2018,11,5,1,12,0.0206357,0.0202917,255.5
2018,11,5,1,14,0.0315422,0.0237078,255.5
2018,11,5,1,16,0.0330732,0.0266499,255.5
2018,11,5,1,18,0.035568,0.0278493,255.5
2018,11,5,1,20,0.0748691,0.0637058,255.5
2018,11,5,1,25,0.0492194,0.0497253,255.5
2018,11,5,1,30,0.0360499,0.0404991,255.5
2018,11,5,1,35,0.0277023,0.0361676,255.5
2018,11,5,1,40,0.0670856,0.0679495,255.5
2018,11,5,1,50,0.0682385,0.0660818,255.5
2018,11,5,1,60,0.0639412,0.0664421,255.5
2018,11,5,1,70,0.0598481,0.0679126,255.5
2018,11,5,1,80,0.0594731,0.0675476,255.5
2018,11,5,1,90,0.0499758,0.0630549,255.5
2018,11,5,1,100,0.0889628,0.0993473,255.5
2018,11,5,1,120,0.0710933,0.0633735,255.5
2018,11,5,1,140,0.0432447,0.0395248,255.5
2018,11,5,1,160,0.0443366,0.0328736,255.5
2018,11,5,1,200,0.0150787,0.0123665,255.5
2018,11,5,1,250,0.00402585,0.00808736,255.5
2019,2,5,1,2,1e-09,5.64784e-05,255.5
2019,2,5,1,3,0.00325883,0.000330234,255.5
2019,2,5,1,4,0.00299835,0.00111584,255.5
2019,2,5,1,5,0.00401479,0.00259113,255.5
2019,2,5,1,6,0.0106754,0.0046677,255.5
2019,2,5,1,7,0.0135308,0.00701859,255.5
2019,2,5,1,8,0.0255751,0.00918659,255.5
2019,2,5,1,9,0.0236852,0.0109221,255.5
2019,2,5,1,10,0.0156557,0.0120607,255.5
2019,2,5,1,11,0.0229548,0.01268,255.5
2019,2,5,1,12,0.0400049,0.0258854,255.5
2019,2,5,1,14,0.0426507,0.0258314,255.5
2019,2,5,1,16,0.0406178,0.0259085,255.5
2019,2,5,1,18,0.0311939,0.0260829,255.5
2019,2,5,1,20,0.0773738,0.0623657,255.5
2019,2,5,1,25,0.0519572,0.0531828,255.5
2019,2,5,1,30,0.045935,0.0439825,255.5
2019,2,5,1,35,0.0327313,0.0376066,255.5
2019,2,5,1,40,0.0679399,0.0667418,255.5
2019,2,5,1,50,0.0559465,0.0638692,255.5
2019,2,5,1,60,0.055686,0.0645845,255.5
2019,2,5,1,70,0.0488824,0.066129,255.5
2019,2,5,1,80,0.0534182,0.0657327,255.5
2019,2,5,1,90,0.0494444,0.0613383,255.5
2019,2,5,1,100,0.0721897,0.0966676,255.5
2019,2,5,1,120,0.057985,0.0617452,255.5
2019,2,5,1,140,0.0309334,0.038675,255.5
2019,2,5,1,160,0.0154872,0.0325179,255.5
2019,2,5,1,200,0.00602218,0.0123987,255.5
2019,2,5,1,250,0.00125143,0.0081249,255.5
2019,5,5,1,2,1e-09,0.00216563,255.5
2019,5,5,1,3,1e-09,0.00263285,255.5
2019,5,5,1,4,0.00537938,0.00225625,255.5
2019,5,5,1,5,0.00180287,0.00208969,255.5
2019,5,5,1,6,0.00591837,0.00276089,255.5
2019,5,5,1,7,0.00268969,0.00429163,255.5
2019,5,5,1,8,0.00303752,0.00638272,255.5
2019,5,5,1,9,0.00724597,0.00873402,255.5
2019,5,5,1,10,0.00968076,0.0109584,255.5
2019,5,5,1,11,0.0120226,0.0128546,255.5
2019,5,5,1,12,0.0310948,0.0294171,255.5
2019,5,5,1,14,0.0311,0.0311922,255.5
2019,5,5,1,16,0.0311,0.0304339,255.5
2019,5,5,1,18,0.0227124,0.0286344,255.5
2019,5,5,1,20,0.0637428,0.0629301,255.5
2019,5,5,1,25,0.053685,0.0533524,255.5
2019,5,5,1,30,0.0533903,0.045969,255.5
2019,5,5,1,35,0.0454247,0.0396625,255.5
2019,5,5,1,40,0.0673379,0.0676318,255.5
2019,5,5,1,50,0.0533318,0.0620769,255.5
2019,5,5,1,60,0.0604159,0.0624055,255.5
2019,5,5,1,70,0.0624391,0.0640512,255.5
2019,5,5,1,80,0.0681318,0.0637545,255.5
2019,5,5,1,90,0.0594653,0.05952,255.5
2019,5,5,1,100,0.0989717,0.0937848,255.5
2019,5,5,1,120,0.0673485,0.0598796,255.5
2019,5,5,1,140,0.0393497,0.0376237,255.5
2019,5,5,1,160,0.0257499,0.0319912,255.5
2019,5,5,1,200,0.0125908,0.0123777,255.5
2019,5,5,1,250,0.00484038,0.00818467,255.5
2019,5,4,1,2,1e-09,0.00149542,14.7419
2019,5,4,1,3,1e-09,0.00168186,14.7419
2019,5,4,1,4,1e-09,0.00138199,14.7419
2019,5,4,1,5,1e-09,0.00125472,14.7419
2019,5,4,1,6,1e-09,0.0016507,14.7419
2019,5,4,1,7,1e-09,0.00258278,14.7419
2019,5,4,1,8,0.0392157,0.00389602,14.7419
2019,5,4,1,9,0.0196078,0.00544106,14.7419
2019,5,4,1,10,1e-09,0.00699889,14.7419
2019,5,4,1,11,1e-09,0.00845187,14.7419
2019,5,4,1,12,0.0196078,0.0203425,14.7419
2019,5,4,1,14,1e-09,0.0232108,14.7419
2019,5,4,1,16,1e-09,0.024565,14.7419
2019,5,4,1,18,1e-09,0.0251722,14.7419
2019,5,4,1,20,0.0588235,0.0644688,14.7419
2019,5,4,1,25,0.0196078,0.0636732,14.7419
2019,5,4,1,30,1e-09,0.0570541,14.7419
2019,5,4,1,35,0.0196078,0.0492808,14.7419
2019,5,4,1,40,0.0392157,0.0840328,14.7419
2019,5,4,1,50,0.0588235,0.0771307,14.7419
2019,5,4,1,60,0.0588235,0.0775091,14.7419
2019,5,4,1,70,0.117647,0.078277,14.7419
2019,5,4,1,80,0.176471,0.0738748,14.7419
2019,5,4,1,90,0.0196078,0.0634375,14.7419
2019,5,4,1,100,0.176471,0.0854988,14.7419
2019,5,4,1,120,0.117647,0.0430861,14.7419
2019,5,4,1,140,1e-09,0.0227837,14.7419
2019,5,4,1,160,0.0392157,0.0218969,14.7419
2019,5,4,1,200,0.0196078,0.00822013,14.7419
2019,5,4,1,250,1e-09,0.00164973,14.7419
2019,8,5,1,2,1e-09,0.00140896,255.5
2019,8,5,1,3,0.000711666,0.00384642,255.5
2019,8,5,1,4,0.00177081,0.00628417,255.5
2019,8,5,1,5,0.00445207,0.00743635,255.5
2019,8,5,1,6,0.005776,0.00737874,255.5
2019,8,5,1,7,0.00719933,0.00690555,255.5
2019,8,5,1,8,0.00709993,0.00675837,255.5
2019,8,5,1,9,0.00658706,0.00726586,255.5
2019,8,5,1,10,0.00557721,0.0083928,255.5
2019,8,5,1,11,0.00673575,0.00994681,255.5
2019,8,5,1,12,0.0244772,0.0248394,255.5
2019,8,5,1,14,0.0297571,0.0299393,255.5
2019,8,5,1,16,0.0270591,0.0321414,255.5
2019,8,5,1,18,0.026943,0.0316521,255.5
2019,8,5,1,20,0.0721403,0.0685725,255.5
2019,8,5,1,25,0.0567986,0.0546869,255.5
2019,8,5,1,30,0.0470342,0.046492,255.5
2019,8,5,1,35,0.0400503,0.0406603,255.5
2019,8,5,1,40,0.0772373,0.0689912,255.5
2019,8,5,1,50,0.056153,0.0609586,255.5
2019,8,5,1,60,0.0501782,0.0600183,255.5
2019,8,5,1,70,0.0567652,0.0614382,255.5
2019,8,5,1,80,0.0613326,0.0612543,255.5
2019,8,5,1,90,0.0563852,0.0572641,255.5
2019,8,5,1,100,0.113879,0.0902419,255.5
2019,8,5,1,120,0.0648082,0.0575233,255.5
2019,8,5,1,140,0.0381634,0.0361929,255.5
2019,8,5,1,160,0.0332979,0.0311149,255.5
2019,8,5,1,200,0.0134715,0.012229,255.5
2019,8,5,1,250,0.00815908,0.00816544,255.5
2019,11,5,1,2,1e-09,0.000436934,255.5
2019,11,5,1,3,0.000200498,0.00190455,255.5
2019,11,5,1,4,0.00180446,0.00482039,255.5
2019,11,5,1,5,0.00464282,0.00849703,255.5
2019,11,5,1,6,0.0103195,0.0117926,255.5
2019,11,5,1,7,0.013728,0.013891,255.5
2019,11,5,1,8,0.0151314,0.0146157,255.5
2019,11,5,1,9,0.0141289,0.0143779,255.5
2019,11,5,1,10,0.0186341,0.0137193,255.5
2019,11,5,1,11,0.012926,0.013093,255.5
2019,11,5,1,12,0.0253881,0.0255316,255.5
2019,11,5,1,14,0.0337655,0.026669,255.5
2019,11,5,1,16,0.0273617,0.0286272,255.5
2019,11,5,1,18,0.029229,0.0296849,255.5
2019,11,5,1,20,0.0560206,0.0694921,255.5
2019,11,5,1,25,0.0541098,0.056888,255.5
2019,11,5,1,30,0.0416911,0.0471834,255.5
2019,11,5,1,35,0.043928,0.0407029,255.5
2019,11,5,1,40,0.0808386,0.0688915,255.5
2019,11,5,1,50,0.0571293,0.0596241,255.5
2019,11,5,1,60,0.0633761,0.0571944,255.5
2019,11,5,1,70,0.0572549,0.0579359,255.5
2019,11,5,1,80,0.0579507,0.0577092,255.5
2019,11,5,1,90,0.0515154,0.0540209,255.5
2019,11,5,1,100,0.0757634,0.0851799,255.5
2019,11,5,1,120,0.0651371,0.0541657,255.5
2019,11,5,1,140,0.036942,0.0340491,255.5
2019,11,5,1,160,0.030601,0.0295502,255.5
2019,11,5,1,200,0.0132641,0.0117968,255.5
2019,11,5,1,250,0.00721784,0.0079548,255.5
2019,11,4,1,2,1e-09,0.000301536,15.609
2019,11,4,1,3,1e-09,0.00122478,15.609
2019,11,4,1,4,1e-09,0.00298302,15.609
2019,11,4,1,5,1e-09,0.00516382,15.609
2019,11,4,1,6,1e-09,0.00713793,15.609
2019,11,4,1,7,1e-09,0.00846297,15.609
2019,11,4,1,8,1e-09,0.00903287,15.609
2019,11,4,1,9,1e-09,0.009072,15.609
2019,11,4,1,10,1e-09,0.00887799,15.609
2019,11,4,1,11,1e-09,0.00872399,15.609
2019,11,4,1,12,0.0185185,0.0178797,15.609
2019,11,4,1,14,0.0185185,0.0200926,15.609
2019,11,4,1,16,1e-09,0.0233754,15.609
2019,11,4,1,18,1e-09,0.0263842,15.609
2019,11,4,1,20,0.0555556,0.0720305,15.609
2019,11,4,1,25,0.0740741,0.0687252,15.609
2019,11,4,1,30,0.0740741,0.0592881,15.609
2019,11,4,1,35,0.0740741,0.0511998,15.609
2019,11,4,1,40,0.148148,0.0866579,15.609
2019,11,4,1,50,0.0555556,0.0750006,15.609
2019,11,4,1,60,0.0925926,0.0719166,15.609
2019,11,4,1,70,0.111111,0.0716809,15.609
2019,11,4,1,80,0.0185185,0.0676956,15.609
2019,11,4,1,90,0.037037,0.0582763,15.609
2019,11,4,1,100,0.0925926,0.0785329,15.609
2019,11,4,1,120,0.0925926,0.0393716,15.609
2019,11,4,1,140,1e-09,0.0208715,15.609
2019,11,4,1,160,0.037037,0.0205001,15.609
2019,11,4,1,200,1e-09,0.00792102,15.609
2019,11,4,1,250,1e-09,0.00161865,15.609
2020,2,5,1,2,1e-09,0.000102599,255.5
2020,2,5,1,3,0.00260312,0.000602864,255.5
2020,2,5,1,4,0.00150661,0.00203408,255.5
2020,2,5,1,5,0.0113917,0.00471185,255.5
2020,2,5,1,6,0.0238799,0.00845392,255.5
2020,2,5,1,7,0.0351126,0.0126297,255.5
2020,2,5,1,8,0.0298142,0.0163665,255.5
2020,2,5,1,9,0.0368034,0.019164,255.5
2020,2,5,1,10,0.0320324,0.0207045,255.5
2020,2,5,1,11,0.0290861,0.021108,255.5
2020,2,5,1,12,0.0348615,0.0403798,255.5
2020,2,5,1,14,0.0426708,0.0360236,255.5
2020,2,5,1,16,0.0406368,0.0321012,255.5
2020,2,5,1,18,0.0317561,0.02953,255.5
2020,2,5,1,20,0.0560209,0.0660108,255.5
2020,2,5,1,25,0.0465042,0.0561114,255.5
2020,2,5,1,30,0.0377574,0.0475569,255.5
2020,2,5,1,35,0.0348615,0.0407421,255.5
2020,2,5,1,40,0.0518191,0.0679935,255.5
2020,2,5,1,50,0.0432816,0.0578888,255.5
2020,2,5,1,60,0.0454077,0.0542949,255.5
2020,2,5,1,70,0.0383769,0.0541487,255.5
2020,2,5,1,80,0.0386949,0.0536606,255.5
2020,2,5,1,90,0.0465712,0.0502217,255.5
2020,2,5,1,100,0.0880786,0.0792344,255.5
2020,2,5,1,120,0.0548827,0.0502691,255.5
2020,2,5,1,140,0.0280565,0.0315375,255.5
2020,2,5,1,160,0.0261398,0.0276083,255.5
2020,2,5,1,200,0.00988507,0.0112017,255.5
2020,2,5,1,250,0.00150661,0.00760697,255.5
2020,2,13,2,2,1e-09,2.8015e-05,52.141
2020,2,13,2,3,0.000877191,0.00021802,52.141
2020,2,13,2,4,0.000877191,0.000916343,52.141
2020,2,13,2,5,0.00350877,0.0025379,52.141
2020,2,13,2,6,0.00526316,0.00528748,52.141
2020,2,13,2,7,0.00964913,0.00897751,52.141
2020,2,13,2,8,0.0122807,0.0129681,52.141
2020,2,13,2,9,0.0157895,0.0166975,52.141
2020,2,13,2,10,0.0236842,0.0195625,52.141
2020,2,13,2,11,0.0175439,0.0213967,52.141
2020,2,13,2,12,0.0359649,0.0445498,52.141
2020,2,13,2,14,0.0429825,0.0431734,52.141
2020,2,13,2,16,0.0298246,0.0406748,52.141
2020,2,13,2,18,0.0315789,0.0388813,52.141
2020,2,13,2,20,0.0710526,0.0908905,52.141
2020,2,13,2,25,0.0649123,0.0768137,52.141
2020,2,13,2,30,0.0789474,0.0626547,52.141
2020,2,13,2,35,0.0719298,0.0514463,52.141
2020,2,13,2,40,0.101754,0.080348,52.141
2020,2,13,2,50,0.0833333,0.0618106,52.141
2020,2,13,2,60,0.0587719,0.0515719,52.141
2020,2,13,2,70,0.0649123,0.0458113,52.141
2020,2,13,2,80,0.0464912,0.0412605,52.141
2020,2,13,2,90,0.0333333,0.035997,52.141
2020,2,13,2,100,0.0385965,0.0526465,52.141
2020,2,13,2,120,0.0289474,0.0308963,52.141
2020,2,13,2,140,0.0140351,0.0193696,52.141
2020,2,13,2,160,0.00877193,0.0241103,52.141
2020,2,13,2,200,0.00438597,0.0137235,52.141
2020,2,13,2,250,1e-09,0.00478001,52.141
2020,5,5,1,2,1e-09,0.0011895,255.5
2020,5,5,1,3,1e-09,0.00153701,255.5
2020,5,5,1,4,0.00536789,0.00167449,255.5
2020,5,5,1,5,0.00274951,0.00240131,255.5
2020,5,5,1,6,0.00274951,0.00423573,255.5
2020,5,5,1,7,0.00115226,0.00721087,255.5
2020,5,5,1,8,0.00447791,0.0109267,255.5
2020,5,5,1,9,0.00780355,0.0149458,255.5
2020,5,5,1,10,0.0134337,0.0186236,255.5
2020,5,5,1,11,0.0115742,0.0216076,255.5
2020,5,5,1,12,0.0365305,0.0482435,255.5
2020,5,5,1,14,0.0420295,0.0487605,255.5
2020,5,5,1,16,0.0395423,0.0444111,255.5
2020,5,5,1,18,0.0343571,0.0384468,255.5
2020,5,5,1,20,0.102181,0.0737547,255.5
2020,5,5,1,25,0.0605968,0.0558323,255.5
2020,5,5,1,30,0.0433925,0.0470873,255.5
2020,5,5,1,35,0.0459313,0.0407756,255.5
2020,5,5,1,40,0.069946,0.0677662,255.5
2020,5,5,1,50,0.0578989,0.0566883,255.5
2020,5,5,1,60,0.0592618,0.0521093,255.5
2020,5,5,1,70,0.0493365,0.0510997,255.5
2020,5,5,1,80,0.0500438,0.0502024,255.5
2020,5,5,1,90,0.0483154,0.0468629,255.5
2020,5,5,1,100,0.0758901,0.0738986,255.5
2020,5,5,1,120,0.0684519,0.0467682,255.5
2020,5,5,1,140,0.0239352,0.0292483,255.5
2020,5,5,1,160,0.0262913,0.0257749,255.5
2020,5,5,1,200,0.0138787,0.0106208,255.5
2020,5,5,1,250,0.00288065,0.00729578,255.5
2020,5,13,2,2,1e-09,0.000335241,5.1974
2020,5,13,2,3,1e-09,0.000578918,5.1974
2020,5,13,2,4,1e-09,0.000766874,5.1974
2020,5,13,2,5,1e-09,0.00125877,5.1974
2020,5,13,2,6,1e-09,0.00251927,5.1974
2020,5,13,2,7,1e-09,0.00484135,5.1974
2020,5,13,2,8,1e-09,0.00816678,5.1974
2020,5,13,2,9,1e-09,0.0122892,5.1974
2020,5,13,2,10,0.02,0.0166327,5.1974
2020,5,13,2,11,0.01,0.0207662,5.1974
2020,5,13,2,12,0.03,0.0509099,5.1974
2020,5,13,2,14,0.05,0.056706,5.1974
2020,5,13,2,16,0.03,0.0555562,5.1974
2020,5,13,2,18,0.02,0.0505784,5.1974
2020,5,13,2,20,0.09,0.101167,5.1974
2020,5,13,2,25,0.06,0.0748689,5.1974
2020,5,13,2,30,0.06,0.0604441,5.1974
2020,5,13,2,35,0.05,0.0503018,5.1974
2020,5,13,2,40,0.16,0.0784921,5.1974
2020,5,13,2,50,0.09,0.0594598,5.1974
2020,5,13,2,60,0.06,0.0486974,5.1974
2020,5,13,2,70,0.09,0.0424316,5.1974
2020,5,13,2,80,0.05,0.0377166,5.1974
2020,5,13,2,90,0.03,0.0327056,5.1974
2020,5,13,2,100,0.02,0.0476939,5.1974
2020,5,13,2,120,0.04,0.0278814,5.1974
2020,5,13,2,140,1e-09,0.0174151,5.1974
2020,5,13,2,160,0.03,0.0217969,5.1974
2020,5,13,2,200,0.01,0.0125857,5.1974
2020,5,13,2,250,1e-09,0.00443605,5.1974
2020,8,5,1,2,1e-09,0.000746263,255.5
2020,8,5,1,3,1e-09,0.00205547,255.5
2020,8,5,1,4,0.00361831,0.00344322,255.5
2020,8,5,1,5,0.0048829,0.0043415,255.5
2020,8,5,1,6,0.00419817,0.00493473,255.5
2020,8,5,1,7,0.00226599,0.00577436,255.5
2020,8,5,1,8,0.00671023,0.00727745,255.5
2020,8,5,1,9,0.00771163,0.00959459,255.5
2020,8,5,1,10,0.00922228,0.0124939,255.5
2020,8,5,1,11,0.0139297,0.0157028,255.5
2020,8,5,1,12,0.0500806,0.0402655,255.5
2020,8,5,1,14,0.0471149,0.0481895,255.5
2020,8,5,1,16,0.0467447,0.0502617,255.5
2020,8,5,1,18,0.0433896,0.0474175,255.5
2020,8,5,1,20,0.0871686,0.0930087,255.5
2020,8,5,1,25,0.0698111,0.0635974,255.5
2020,8,5,1,30,0.0422491,0.0490228,255.5
2020,8,5,1,35,0.0401586,0.0413091,255.5
2020,8,5,1,40,0.0564441,0.0684371,255.5
2020,8,5,1,50,0.0554256,0.0566071,255.5
2020,8,5,1,60,0.0475385,0.0510336,255.5
2020,8,5,1,70,0.0502795,0.0491881,255.5
2020,8,5,1,80,0.0508765,0.0478115,255.5
2020,8,5,1,90,0.0486276,0.0444181,255.5
2020,8,5,1,100,0.0757702,0.0698903,255.5
2020,8,5,1,120,0.0528964,0.0440993,255.5
2020,8,5,1,140,0.0371736,0.0274759,255.5
2020,8,5,1,160,0.0336067,0.0243418,255.5
2020,8,5,1,200,0.00910029,0.0101824,255.5
2020,8,5,1,250,0.00300419,0.00707845,255.5
2020,8,13,2,2,1e-09,0.000204543,4.62388
2020,8,13,2,3,1e-09,0.000750473,4.62388
2020,8,13,2,4,0.0224719,0.00156649,4.62388
2020,8,13,2,5,1e-09,0.00234564,4.62388
2020,8,13,2,6,1e-09,0.00303929,4.62388
2020,8,13,2,7,1e-09,0.00392497,4.62388
2020,8,13,2,8,1e-09,0.00535964,4.62388
2020,8,13,2,9,1e-09,0.00762677,4.62388
2020,8,13,2,10,0.011236,0.0106793,4.62388
2020,8,13,2,11,0.011236,0.01438,4.62388
2020,8,13,2,12,0.0449438,0.0404973,4.62388
2020,8,13,2,14,0.0224719,0.0535682,4.62388
2020,8,13,2,16,0.0337079,0.0605229,4.62388
2020,8,13,2,18,0.011236,0.0606693,4.62388
2020,8,13,2,20,0.0449438,0.126335,4.62388
2020,8,13,2,25,0.0898876,0.0851863,4.62388
2020,8,13,2,30,0.0786517,0.0622417,4.62388
2020,8,13,2,35,0.0898876,0.0500557,4.62388
2020,8,13,2,40,0.123595,0.077878,4.62388
2020,8,13,2,50,0.0449438,0.0585356,4.62388
2020,8,13,2,60,0.0786517,0.0471032,4.62388
2020,8,13,2,70,0.0561797,0.0402939,4.62388
2020,8,13,2,80,0.0674157,0.0353086,4.62388
2020,8,13,2,90,0.0224719,0.0303595,4.62388
2020,8,13,2,100,0.0786517,0.0440382,4.62388
2020,8,13,2,120,0.0224719,0.0256257,4.62388
2020,8,13,2,140,0.0224719,0.0159438,4.62388
2020,8,13,2,160,0.011236,0.0200396,4.62388
2020,8,13,2,200,1e-09,0.0117325,4.62388
2020,8,13,2,250,0.011236,0.00418732,4.62388
2020,11,5,1,2,1e-09,0.000232853,255.5
2020,11,5,1,3,1e-09,0.0010185,255.5
2020,11,5,1,4,0.00324348,0.00259634,255.5
2020,11,5,1,5,0.00895408,0.00464241,255.5
2020,11,5,1,6,0.010248,0.00661975,255.5
2020,11,5,1,7,0.00609011,0.0081857,255.5
2020,11,5,1,8,0.00388177,0.00931888,255.5
2020,11,5,1,9,0.0101099,0.0103042,255.5
2020,11,5,1,10,0.0178908,0.0113945,255.5
2020,11,5,1,11,0.0170971,0.0128006,255.5
2020,11,5,1,12,0.0444076,0.0309755,255.5
2020,11,5,1,14,0.059952,0.0386253,255.5
2020,11,5,1,16,0.0602281,0.044454,255.5
2020,11,5,1,18,0.0511707,0.046587,255.5
2020,11,5,1,20,0.0779635,0.104535,255.5
2020,11,5,1,25,0.0597106,0.0765854,255.5
2020,11,5,1,30,0.0507738,0.0562058,255.5
2020,11,5,1,35,0.0463745,0.0443613,255.5
2020,11,5,1,40,0.0668185,0.0704803,255.5
2020,11,5,1,50,0.0582612,0.0573134,255.5
2020,11,5,1,60,0.0493418,0.0508075,255.5
2020,11,5,1,70,0.0394733,0.0481225,255.5
2020,11,5,1,80,0.0469954,0.0462177,255.5
2020,11,5,1,90,0.0402497,0.0426642,255.5
2020,11,5,1,100,0.0590202,0.0668692,255.5
2020,11,5,1,120,0.0411641,0.0420284,255.5
2020,11,5,1,140,0.0314683,0.0260762,255.5
2020,11,5,1,160,0.0260339,0.0231998,255.5
2020,11,5,1,200,0.00853989,0.0098471,255.5
2020,11,5,1,250,0.0045374,0.00693085,255.5
2020,11,13,2,2,1e-09,6.1778e-05,4.47298
2020,11,13,2,3,1e-09,0.000358552,4.47298
2020,11,13,2,4,1e-09,0.00113913,4.47298
2020,11,13,2,5,1e-09,0.00243327,4.47298
2020,11,13,2,6,1e-09,0.00401666,4.47298
2020,11,13,2,7,1e-09,0.005607,4.47298
2020,11,13,2,8,1e-09,0.00703435,4.47298
2020,11,13,2,9,1e-09,0.00841607,4.47298
2020,11,13,2,10,0.0116279,0.00990986,4.47298
2020,11,13,2,11,0.0116279,0.0117477,4.47298
2020,11,13,2,12,0.0348837,0.0305895,4.47298
2020,11,13,2,14,0.0697675,0.0415675,4.47298
2020,11,13,2,16,0.0232558,0.051596,4.47298
2020,11,13,2,18,0.0232558,0.0575298,4.47298
2020,11,13,2,20,0.0581395,0.138529,4.47298
2020,11,13,2,25,0.0697675,0.101992,4.47298
2020,11,13,2,30,0.0697675,0.0716179,4.47298
2020,11,13,2,35,0.0465116,0.0537497,4.47298
2020,11,13,2,40,0.104651,0.0796625,4.47298
2020,11,13,2,50,0.116279,0.0588742,4.47298
2020,11,13,2,60,0.0930233,0.0467286,4.47298
2020,11,13,2,70,0.0697675,0.0392936,4.47298
2020,11,13,2,80,0.0465116,0.0339401,4.47298
2020,11,13,2,90,0.0232558,0.028907,4.47298
2020,11,13,2,100,0.0465116,0.0416363,4.47298
2020,11,13,2,120,0.0348837,0.0240915,4.47298
2020,11,13,2,140,0.0232558,0.0149301,4.47298
2020,11,13,2,160,0.0232558,0.0188297,4.47298
2020,11,13,2,200,1e-09,0.011172,4.47298
2020,11,13,2,250,1e-09,0.00403912,4.47298
2021,2,5,1,2,1e-09,5.63416e-05,255.5
2021,2,5,1,3,0.00213978,0.000331802,255.5
2021,2,5,1,4,0.00269606,0.00112352,255.5
2021,2,5,1,5,0.00243925,0.00261818,255.5
2021,2,5,1,6,0.00605546,0.00474358,255.5
2021,2,5,1,7,0.00742482,0.00719807,255.5
2021,2,5,1,8,0.0136944,0.00955238,255.5
2021,2,5,1,9,0.0132879,0.0115914,255.5
2021,2,5,1,10,0.0142507,0.0131638,255.5
2021,2,5,1,11,0.00986407,0.0143651,255.5
2021,2,5,1,12,0.0375733,0.0314856,255.5
2021,2,5,1,14,0.0558685,0.0348261,255.5
2021,2,5,1,16,0.0541353,0.0381427,255.5
2021,2,5,1,18,0.0521879,0.040608,255.5
2021,2,5,1,20,0.105039,0.100425,255.5
2021,2,5,1,25,0.0771157,0.0842874,255.5
2021,2,5,1,30,0.0572805,0.0654392,255.5
2021,2,5,1,35,0.0392212,0.0507134,255.5
2021,2,5,1,40,0.0625656,0.0758931,255.5
2021,2,5,1,50,0.0521879,0.0590029,255.5
2021,2,5,1,60,0.0406332,0.0512719,255.5
2021,2,5,1,70,0.0439926,0.0477387,255.5
2021,2,5,1,80,0.0395207,0.0452597,255.5
2021,2,5,1,90,0.0433293,0.0414608,255.5
2021,2,5,1,100,0.0797256,0.0646317,255.5
2021,2,5,1,120,0.0441424,0.0404178,255.5
2021,2,5,1,140,0.0241574,0.0249616,255.5
2021,2,5,1,160,0.0147426,0.0222891,255.5
2021,2,5,1,200,0.00432222,0.00959504,255.5
2021,2,5,1,250,0.000406543,0.00680607,255.5
2021,5,5,1,2,1e-09,0.000637923,255.5
2021,5,5,1,3,1e-09,0.000829142,255.5
2021,5,5,1,4,0.00271147,0.00092205,255.5
2021,5,5,1,5,1e-09,0.00136068,255.5
2021,5,5,1,6,0.000417235,0.0024416,255.5
2021,5,5,1,7,0.00305935,0.00420186,255.5
2021,5,5,1,8,0.00451911,0.00643978,255.5
2021,5,5,1,9,0.0105684,0.00894169,255.5
2021,5,5,1,10,0.0102206,0.0113661,255.5
2021,5,5,1,11,0.0133504,0.0135462,255.5
2021,5,5,1,12,0.0246135,0.0320247,255.5
2021,5,5,1,14,0.0371294,0.0359772,255.5
2021,5,5,1,16,0.0447067,0.0377683,255.5
2021,5,5,1,18,0.0474898,0.0383419,255.5
2021,5,5,1,20,0.116673,0.0931652,255.5
2021,5,5,1,25,0.0949829,0.0838698,255.5
2021,5,5,1,30,0.0744691,0.071167,255.5
2021,5,5,1,35,0.0485334,0.0577702,255.5
2021,5,5,1,40,0.0874727,0.0852987,255.5
2021,5,5,1,50,0.0573647,0.062767,255.5
2021,5,5,1,60,0.053887,0.0527107,255.5
2021,5,5,1,70,0.0441519,0.0481082,255.5
2021,5,5,1,80,0.0345566,0.0449847,255.5
2021,5,5,1,90,0.0429002,0.0408524,255.5
2021,5,5,1,100,0.0564586,0.0632594,255.5
2021,5,5,1,120,0.0408845,0.039316,255.5
2021,5,5,1,140,0.0214848,0.0241443,255.5
2021,5,5,1,160,0.0164086,0.0215982,255.5
2021,5,5,1,200,0.0075091,0.00941714,255.5
2021,5,5,1,250,0.00347658,0.00677197,255.5
2021,8,5,1,2,1e-09,0.000416195,255.5
2021,8,5,1,3,0.000243414,0.00114736,255.5
2021,8,5,1,4,0.000730243,0.00192684,255.5
2021,8,5,1,5,0.00048683,0.00244507,255.5
2021,8,5,1,6,0.00184139,0.00281576,255.5
2021,8,5,1,7,0.00220651,0.00336014,255.5
2021,8,5,1,8,0.0020848,0.00432272,255.5
2021,8,5,1,9,0.00500577,0.00580288,255.5
2021,8,5,1,10,0.00500577,0.00767636,255.5
2021,8,5,1,11,0.00872012,0.00980537,255.5
2021,8,5,1,12,0.0217789,0.0259029,255.5
2021,8,5,1,14,0.0288424,0.0326472,255.5
2021,8,5,1,16,0.0204085,0.0366327,255.5
2021,8,5,1,18,0.0252656,0.0379835,255.5
2021,8,5,1,20,0.0789657,0.0909017,255.5
2021,8,5,1,25,0.0820129,0.0815067,255.5
2021,8,5,1,30,0.0606735,0.0726147,255.5
2021,8,5,1,35,0.0486042,0.0625709,255.5
2021,8,5,1,40,0.0889278,0.0961758,255.5
2021,8,5,1,50,0.0656839,0.0692653,255.5
2021,8,5,1,60,0.063874,0.0557181,255.5
2021,8,5,1,70,0.0495621,0.0494357,255.5
2021,8,5,1,80,0.0484667,0.0454674,255.5
2021,8,5,1,90,0.0529271,0.0408881,255.5
2021,8,5,1,100,0.0915468,0.0628278,255.5
2021,8,5,1,120,0.0648477,0.03877,255.5
2021,8,5,1,140,0.0391381,0.0236541,255.5
2021,8,5,1,160,0.0243393,0.0211693,255.5
2021,8,5,1,200,0.0124976,0.00933987,255.5
2021,8,5,1,250,0.00531232,0.00680949,255.5
2021,11,5,1,2,1e-09,0.000134671,255.5
2021,11,5,1,3,1e-09,0.000589253,255.5
2021,11,5,1,4,0.00014488,0.00150322,255.5
2021,11,5,1,5,0.00014488,0.00269189,255.5
2021,11,5,1,6,0.00152281,0.00384969,255.5
2021,11,5,1,7,0.00224722,0.00478592,255.5
2021,11,5,1,8,0.000724405,0.00549641,255.5
2021,11,5,1,9,0.00405979,0.00615672,255.5
2021,11,5,1,10,0.0105148,0.00691944,255.5
2021,11,5,1,11,0.00638102,0.00791746,255.5
2021,11,5,1,12,0.0200832,0.0197232,255.5
2021,11,5,1,14,0.0301634,0.0255703,255.5
2021,11,5,1,16,0.030561,0.0307914,255.5
2021,11,5,1,18,0.0298736,0.034106,255.5
2021,11,5,1,20,0.077799,0.0870311,255.5
2021,11,5,1,25,0.11058,0.0800408,255.5
2021,11,5,1,30,0.067392,0.0725084,255.5
2021,11,5,1,35,0.059889,0.0648092,255.5
2021,11,5,1,40,0.106551,0.10521,255.5
2021,11,5,1,50,0.0849477,0.0774536,255.5
2021,11,5,1,60,0.0568433,0.0604849,255.5
2021,11,5,1,70,0.0497781,0.0518486,255.5
2021,11,5,1,80,0.0441955,0.0466499,255.5
2021,11,5,1,90,0.033246,0.0414456,255.5
2021,11,5,1,100,0.0710975,0.0631178,255.5
2021,11,5,1,120,0.0456104,0.0386393,255.5
2021,11,5,1,140,0.0212454,0.0233973,255.5
2021,11,5,1,160,0.0226233,0.0209123,255.5
2021,11,5,1,200,0.00938964,0.00932393,255.5
2021,11,5,1,250,0.0023921,0.00689119,255.5
2022,2,5,1,2,1e-09,3.39195e-05,255.5
2022,2,5,1,3,0.000289241,0.000198576,255.5
2022,2,5,1,4,0.000289241,0.000672642,255.5
2022,2,5,1,5,0.000433863,0.00156848,255.5
2022,2,5,1,6,0.000433863,0.00284479,255.5
2022,2,5,1,7,0.000578485,0.00432442,255.5
2022,2,5,1,8,0.00130159,0.00575496,255.5
2022,2,5,1,9,0.00334061,0.00701394,255.5
2022,2,5,1,10,0.00198126,0.00801606,255.5
2022,2,5,1,11,0.00600155,0.00882608,255.5
2022,2,5,1,12,0.0165441,0.0197159,255.5
2022,2,5,1,14,0.0278675,0.0225312,255.5
2022,2,5,1,16,0.0292269,0.0256608,255.5
2022,2,5,1,18,0.0319021,0.028522,255.5
2022,2,5,1,20,0.070717,0.0772353,255.5
2022,2,5,1,25,0.0788878,0.0763342,255.5
2022,2,5,1,30,0.0876367,0.0716256,255.5
2022,2,5,1,35,0.0756193,0.0656878,255.5
2022,2,5,1,40,0.114391,0.11145,255.5
2022,2,5,1,50,0.0992781,0.0856106,255.5
2022,2,5,1,60,0.0663493,0.066596,255.5
2022,2,5,1,70,0.0465662,0.055437,255.5
2022,2,5,1,80,0.0538545,0.0485845,255.5
2022,2,5,1,90,0.0361539,0.0424854,255.5
2022,2,5,1,100,0.0652214,0.0639866,255.5
2022,2,5,1,120,0.0439196,0.0388286,255.5
2022,2,5,1,140,0.024411,0.0233236,255.5
2022,2,5,1,160,0.0100218,0.0207929,255.5
2022,2,5,1,200,0.00552426,0.00935748,255.5
2022,2,5,1,250,0.00125816,0.0069805,255.5
2022,2,13,2,2,1e-09,8.66315e-06,21.9129
2022,2,13,2,3,0.0047506,6.71731e-05,21.9129
2022,2,13,2,4,0.0023753,0.000283305,21.9129
2022,2,13,2,5,1e-09,0.000789206,21.9129
2022,2,13,2,6,1e-09,0.00165992,21.9129
2022,2,13,2,7,0.0047506,0.00286162,21.9129
2022,2,13,2,8,0.0047506,0.00423149,21.9129
2022,2,13,2,9,0.0142518,0.0056447,21.9129
2022,2,13,2,10,0.0190024,0.00695313,21.9129
2022,2,13,2,11,0.0166271,0.00815259,21.9129
2022,2,13,2,12,0.0522565,0.0196201,21.9129
2022,2,13,2,14,0.0593824,0.0241264,21.9129
2022,2,13,2,16,0.0783848,0.0291139,21.9129
2022,2,13,2,18,0.0356295,0.033953,21.9129
2022,2,13,2,20,0.0926366,0.097557,21.9129
2022,2,13,2,25,0.0855107,0.0964256,21.9129
2022,2,13,2,30,0.0522565,0.0874664,21.9129
2022,2,13,2,35,0.0831354,0.0776614,21.9129
2022,2,13,2,40,0.0807601,0.12618,21.9129
2022,2,13,2,50,0.0712589,0.0907745,21.9129
2022,2,13,2,60,0.0665083,0.0644951,21.9129
2022,2,13,2,70,0.0498812,0.0478943,21.9129
2022,2,13,2,80,0.0308789,0.0374258,21.9129
2022,2,13,2,90,0.0166271,0.0297847,21.9129
2022,2,13,2,100,0.0451306,0.0405419,21.9129
2022,2,13,2,120,0.0190024,0.0222956,21.9129
2022,2,13,2,140,0.0095012,0.0132643,21.9129
2022,2,13,2,160,0.0047506,0.0165491,21.9129
2022,2,13,2,200,1e-09,0.010276,21.9129
2022,2,13,2,250,1e-09,0.0039431,21.9129
2022,5,5,1,2,1e-09,0.00135315,255.5
2022,5,5,1,3,0.000713155,0.00164425,255.5
2022,5,5,1,4,0.00340443,0.00140612,255.5
2022,5,5,1,5,0.00190175,0.00129673,255.5
2022,5,5,1,6,0.00178289,0.00171067,255.5
2022,5,5,1,7,0.00118859,0.00266915,255.5
2022,5,5,1,8,0.000950872,0.00399844,255.5
2022,5,5,1,9,0.00423644,0.0055292,255.5
2022,5,5,1,10,0.000950872,0.00703633,255.5
2022,5,5,1,11,0.00459302,0.00841353,255.5
2022,5,5,1,12,0.0136602,0.0200564,255.5
2022,5,5,1,14,0.016708,0.022917,255.5
2022,5,5,1,16,0.0184697,0.0246791,255.5
2022,5,5,1,18,0.0223708,0.0258966,255.5
2022,5,5,1,20,0.0828862,0.0677114,255.5
2022,5,5,1,25,0.0899879,0.0692361,255.5
2022,5,5,1,30,0.0743921,0.0683655,255.5
2022,5,5,1,35,0.0809546,0.0650686,255.5
2022,5,5,1,40,0.145274,0.11507,255.5
2022,5,5,1,50,0.089729,0.0924938,255.5
2022,5,5,1,60,0.0854713,0.0731101,255.5
2022,5,5,1,70,0.0593906,0.0599459,255.5
2022,5,5,1,80,0.0446692,0.0512586,255.5
2022,5,5,1,90,0.0361625,0.0439905,255.5
2022,5,5,1,100,0.0483878,0.065318,255.5
2022,5,5,1,120,0.0395796,0.039235,255.5
2022,5,5,1,140,0.0129258,0.0233611,255.5
2022,5,5,1,160,0.0137153,0.0207252,255.5
2022,5,5,1,200,0.00378225,0.00939669,255.5
2022,5,5,1,250,0.00176164,0.00710693,255.5
2022,5,13,2,2,1e-09,0.00036605,32.8813
2022,5,13,2,3,0.00157481,0.00059814,32.8813
2022,5,13,2,4,0.00787402,0.000634327,32.8813
2022,5,13,2,5,0.00314961,0.000675944,32.8813
2022,5,13,2,6,0.00157481,0.00099421,32.8813
2022,5,13,2,7,0.00472441,0.00173052,32.8813
2022,5,13,2,8,0.00787402,0.00287249,32.8813
2022,5,13,2,9,0.0110236,0.00435757,32.8813
2022,5,13,2,10,0.015748,0.00600604,32.8813
2022,5,13,2,11,0.0188976,0.00770095,32.8813
2022,5,13,2,12,0.0566929,0.0200303,32.8813
2022,5,13,2,14,0.0425197,0.0249458,32.8813
2022,5,13,2,16,0.0488189,0.028581,32.8813
2022,5,13,2,18,0.0440945,0.031336,32.8813
2022,5,13,2,20,0.108661,0.0859418,32.8813
2022,5,13,2,25,0.0818898,0.08733,32.8813
2022,5,13,2,30,0.0692913,0.0835012,32.8813
2022,5,13,2,35,0.0535433,0.0770485,32.8813
2022,5,13,2,40,0.0913386,0.130407,32.8813
2022,5,13,2,50,0.088189,0.0985127,32.8813
2022,5,13,2,60,0.0677165,0.071859,32.8813
2022,5,13,2,70,0.0472441,0.0530556,32.8813
2022,5,13,2,80,0.0377953,0.0405413,32.8813
2022,5,13,2,90,0.015748,0.0315807,32.8813
2022,5,13,2,100,0.0346457,0.0421872,32.8813
2022,5,13,2,120,0.0141732,0.0228584,32.8813
2022,5,13,2,140,0.0110236,0.0134277,32.8813
2022,5,13,2,160,0.00629921,0.016585,32.8813
2022,5,13,2,200,0.00314961,0.010327,32.8813
2022,5,13,2,250,0.00472441,0.00400738,32.8813
2022,8,5,1,2,1e-09,0.000900672,255.5
2022,8,5,1,3,0.000552278,0.00245867,255.5
2022,8,5,1,4,0.00165683,0.00401632,255.5
2022,8,5,1,5,0.00353456,0.00475115,255.5
2022,8,5,1,6,0.00706913,0.0047117,255.5
2022,8,5,1,7,0.00972222,0.00440747,255.5
2022,8,5,1,8,0.00850667,0.00431694,255.5
2022,8,5,1,9,0.0033142,0.00465787,255.5
2022,8,5,1,10,0.00563484,0.00541719,255.5
2022,8,5,1,11,0.00342465,0.00648431,255.5
2022,8,5,1,12,0.00839676,0.0165381,255.5
2022,8,5,1,14,0.0156895,0.0207099,255.5
2022,8,5,1,16,0.0199994,0.0234743,255.5
2022,8,5,1,18,0.0234235,0.0248004,255.5
2022,8,5,1,20,0.0538074,0.0624892,255.5
2022,8,5,1,25,0.0625393,0.0620792,255.5
2022,8,5,1,30,0.0713812,0.0627292,255.5
2022,8,5,1,35,0.0648638,0.0620519,255.5
2022,8,5,1,40,0.125529,0.11519,255.5
2022,8,5,1,50,0.0984557,0.0971707,255.5
2022,8,5,1,60,0.0686198,0.0788535,255.5
2022,8,5,1,70,0.0685109,0.0646192,255.5
2022,8,5,1,80,0.0570204,0.0543195,255.5
2022,8,5,1,90,0.0440906,0.045775,255.5
2022,8,5,1,100,0.066742,0.066839,255.5
2022,8,5,1,120,0.0542568,0.039658,255.5
2022,8,5,1,140,0.0264091,0.0233847,255.5
2022,8,5,1,160,0.0170155,0.0206032,255.5
2022,8,5,1,200,0.00441929,0.00939305,255.5
2022,8,5,1,250,0.00541447,0.00719938,255.5
2022,8,13,2,2,1e-09,0.000244344,7.75708
2022,8,13,2,3,1e-09,0.000889464,7.75708
2022,8,13,2,4,0.00666668,0.00181591,7.75708
2022,8,13,2,5,0.00666668,0.00256977,7.75708
2022,8,13,2,6,1e-09,0.00294412,7.75708
2022,8,13,2,7,0.00666668,0.00308201,7.75708
2022,8,13,2,8,1e-09,0.00327798,7.75708
2022,8,13,2,9,1e-09,0.00377825,7.75708
2022,8,13,2,10,0.0133334,0.00466451,7.75708
2022,8,13,2,11,0.02,0.00592323,7.75708
2022,8,13,2,12,0.0333333,0.0164401,7.75708
2022,8,13,2,14,0.0266666,0.0225597,7.75708
2022,8,13,2,16,0.08,0.0274527,7.75708
2022,8,13,2,18,0.0533333,0.030527,7.75708
2022,8,13,2,20,0.0933333,0.0807832,7.75708
2022,8,13,2,25,0.08,0.079075,7.75708
2022,8,13,2,30,0.0533333,0.0769527,7.75708
2022,8,13,2,35,0.0533333,0.0737503,7.75708
2022,8,13,2,40,0.0866667,0.131095,7.75708
2022,8,13,2,50,0.0733333,0.104147,7.75708
2022,8,13,2,60,0.08,0.0785499,7.75708
2022,8,13,2,70,0.0666666,0.0585521,7.75708
2022,8,13,2,80,0.04,0.0442584,7.75708
2022,8,13,2,90,0.0133334,0.0338633,7.75708
2022,8,13,2,100,0.06,0.0443258,7.75708
2022,8,13,2,120,0.0333333,0.0236081,7.75708
2022,8,13,2,140,0.00666668,0.0136814,7.75708
2022,8,13,2,160,0.0133334,0.0166984,7.75708
2022,8,13,2,200,1e-09,0.0104075,7.75708
2022,8,13,2,250,1e-09,0.00408239,7.75708
2022,11,5,1,2,1e-09,0.000289012,255.5
2022,11,5,1,3,0.000156239,0.00125975,255.5
2022,11,5,1,4,0.00109368,0.00318829,255.5
2022,11,5,1,5,0.00209526,0.00561972,255.5
2022,11,5,1,6,0.00534835,0.00779858,255.5
2022,11,5,1,7,0.00831689,0.00918527,255.5
2022,11,5,1,8,0.00475133,0.00966422,255.5
2022,11,5,1,9,0.0108891,0.00951001,255.5
2022,11,5,1,10,0.00453094,0.00908492,255.5
2022,11,5,1,11,0.00603745,0.00869469,255.5
2022,11,5,1,12,0.0153,0.0171145,255.5
2022,11,5,1,14,0.0234493,0.0182785,255.5
2022,11,5,1,16,0.0163099,0.0202826,255.5
2022,11,5,1,18,0.0197275,0.0219583,255.5
2022,11,5,1,20,0.0475515,0.0569665,255.5
2022,11,5,1,25,0.0567748,0.0561924,255.5
2022,11,5,1,30,0.0586859,0.0564475,255.5
2022,11,5,1,35,0.055112,0.0569077,255.5
2022,11,5,1,40,0.109772,0.110554,255.5
2022,11,5,1,50,0.112096,0.09833,255.5
2022,11,5,1,60,0.0818754,0.0824765,255.5
2022,11,5,1,70,0.0697923,0.0682885,255.5
2022,11,5,1,80,0.0585099,0.0569691,255.5
2022,11,5,1,90,0.0414385,0.0473365,255.5
2022,11,5,1,100,0.0665951,0.0679704,255.5
2022,11,5,1,120,0.044315,0.0397618,255.5
2022,11,5,1,140,0.0359701,0.0231879,255.5
2022,11,5,1,160,0.0306052,0.0202405,255.5
2022,11,5,1,200,0.00760812,0.00925713,255.5
2022,11,5,1,250,0.00529247,0.00718554,255.5
2022,11,13,2,2,1e-09,7.80488e-05,8.47236
2022,11,13,2,3,1e-09,0.00045161,8.47236
2022,11,13,2,4,1e-09,0.00142578,8.47236
2022,11,13,2,5,0.0182927,0.00300768,8.47236
2022,11,13,2,6,0.0182927,0.0048482,8.47236
2022,11,13,2,7,0.0121951,0.00648363,8.47236
2022,11,13,2,8,0.00609757,0.0075808,8.47236
2022,11,13,2,9,0.00609757,0.00815327,8.47236
2022,11,13,2,10,1e-09,0.00836307,8.47236
2022,11,13,2,11,0.00609757,0.00847116,8.47236
2022,11,13,2,12,0.0121951,0.0177745,8.47236
2022,11,13,2,14,0.0304878,0.0203057,8.47236
2022,11,13,2,16,0.0426829,0.0239087,8.47236
2022,11,13,2,18,0.0426829,0.0272119,8.47236
2022,11,13,2,20,0.0670732,0.0745831,8.47236
2022,11,13,2,25,0.103659,0.072633,8.47236
2022,11,13,2,30,0.0487805,0.0698488,8.47236
2022,11,13,2,35,0.0243903,0.067892,8.47236
2022,11,13,2,40,0.109756,0.126036,8.47236
2022,11,13,2,50,0.0975609,0.105728,8.47236
2022,11,13,2,60,0.0792683,0.0828499,8.47236
2022,11,13,2,70,0.103659,0.0629578,8.47236
2022,11,13,2,80,0.0426829,0.0476234,8.47236
2022,11,13,2,90,0.0182927,0.0360629,8.47236
2022,11,13,2,100,0.0426829,0.0463872,8.47236
2022,11,13,2,120,0.0304878,0.0242647,8.47236
2022,11,13,2,140,0.0182927,0.0138605,8.47236
2022,11,13,2,160,0.0121951,0.0166921,8.47236
2022,11,13,2,200,0.00609757,0.0103962,8.47236
2022,11,13,2,250,1e-09,0.00412036,8.47236
2023,2,5,1,2,1e-09,7.07445e-05,255.5
2023,2,5,1,3,0.000372162,0.000414999,255.5
2023,2,5,1,4,0.00184411,0.00140018,255.5
2023,2,5,1,5,0.00704601,0.00324332,255.5
2023,2,5,1,6,0.0177969,0.0058188,255.5
2023,2,5,1,7,0.0243289,0.00869242,255.5
2023,2,5,1,8,0.0343939,0.0112636,255.5
2023,2,5,1,9,0.0291085,0.0131887,255.5
2023,2,5,1,10,0.0379903,0.0142504,255.5
2023,2,5,1,11,0.0246677,0.0145337,255.5
2023,2,5,1,12,0.046797,0.0278533,255.5
2023,2,5,1,14,0.0239734,0.0250146,255.5
2023,2,5,1,16,0.0265285,0.0226387,255.5
2023,2,5,1,18,0.0217905,0.0213779,255.5
2023,2,5,1,20,0.0602448,0.0513004,255.5
2023,2,5,1,25,0.0525046,0.0502125,255.5
2023,2,5,1,30,0.0496191,0.0504907,255.5
2023,2,5,1,35,0.048561,0.0511916,255.5
2023,2,5,1,40,0.0984188,0.102519,255.5
2023,2,5,1,50,0.0773559,0.0959201,255.5
2023,2,5,1,60,0.0614448,0.0836052,255.5
2023,2,5,1,70,0.0510994,0.0705114,255.5
2023,2,5,1,80,0.0396125,0.0588834,255.5
2023,2,5,1,90,0.0306807,0.0485295,255.5
2023,2,5,1,100,0.0539598,0.0687296,255.5
2023,2,5,1,120,0.0358659,0.0396423,255.5
2023,2,5,1,140,0.0207158,0.0228526,255.5
2023,2,5,1,160,0.0155473,0.019735,255.5
2023,2,5,1,200,0.00736809,0.00903924,255.5
2023,2,5,1,250,0.000363814,0.00707544,255.5
2023,2,13,2,2,1e-09,1.8645e-05,32.9383
2023,2,13,2,3,1e-09,0.000144874,32.9383
2023,2,13,2,4,1e-09,0.000608904,32.9383
2023,2,13,2,5,1e-09,0.00168641,32.9383
2023,2,13,2,6,0.00626959,0.00351349,32.9383
2023,2,13,2,7,0.00783699,0.00596554,32.9383
2023,2,13,2,8,0.0125392,0.00861761,32.9383
2023,2,13,2,9,0.0219436,0.011097,32.9383
2023,2,13,2,10,0.0188088,0.013004,32.9383
2023,2,13,2,11,0.0297806,0.0142305,32.9383
2023,2,13,2,12,0.0564263,0.0296854,32.9383
2023,2,13,2,14,0.0470219,0.0289487,32.9383
2023,2,13,2,16,0.0344828,0.0276588,32.9383
2023,2,13,2,18,0.0438871,0.0270747,32.9383
2023,2,13,2,20,0.0830721,0.0675636,32.9383
2023,2,13,2,25,0.0799373,0.0650811,32.9383
2023,2,13,2,30,0.0579937,0.0626126,32.9383
2023,2,13,2,35,0.0485893,0.0609642,32.9383
2023,2,13,2,40,0.0783699,0.116095,32.9383
2023,2,13,2,50,0.0862069,0.102357,32.9383
2023,2,13,2,60,0.0595611,0.0836603,32.9383
2023,2,13,2,70,0.0532915,0.0652281,32.9383
2023,2,13,2,80,0.0454546,0.0497977,32.9383
2023,2,13,2,90,0.0266458,0.0376102,32.9383
2023,2,13,2,100,0.0564263,0.047807,32.9383
2023,2,13,2,120,0.0282132,0.0245838,32.9383
2023,2,13,2,140,0.0109718,0.013814,32.9383
2023,2,13,2,160,0.00470219,0.0163627,32.9383
2023,2,13,2,200,1e-09,0.0101534,32.9383
2023,2,13,2,250,0.0015674,0.0040541,32.9383
2023,5,5,1,2,1e-09,0.00137668,255.5
2023,5,5,1,3,0.000857306,0.00171997,255.5
2023,5,5,1,4,0.000857306,0.00165579,255.5
2023,5,5,1,5,0.00118501,0.00196581,255.5
2023,5,5,1,6,0.00184044,0.003136,255.5
2023,5,5,1,7,0.0022442,0.00518822,255.5
2023,5,5,1,8,0.0031015,0.00780855,255.5
2023,5,5,1,9,0.00579924,0.0106624,255.5
2023,5,5,1,10,0.0130614,0.0132803,255.5
2023,5,5,1,11,0.0164906,0.0154068,255.5
2023,5,5,1,12,0.0377711,0.034408,255.5
2023,5,5,1,14,0.0410745,0.0348264,255.5
2023,5,5,1,16,0.040697,0.0318532,255.5
2023,5,5,1,18,0.0265004,0.0278358,255.5
2023,5,5,1,20,0.0667203,0.055447,255.5
2023,5,5,1,25,0.0530035,0.0465134,255.5
2023,5,5,1,30,0.0446323,0.0452353,255.5
2023,5,5,1,35,0.0507095,0.0458629,255.5
2023,5,5,1,40,0.0914093,0.093606,255.5
2023,5,5,1,50,0.0913332,0.0913008,255.5
2023,5,5,1,60,0.08712,0.0828109,255.5
2023,5,5,1,70,0.0641982,0.0715705,255.5
2023,5,5,1,80,0.0570383,0.0602595,255.5
2023,5,5,1,90,0.0502034,0.0495566,255.5
2023,5,5,1,100,0.0692424,0.0695558,255.5
2023,5,5,1,120,0.0390349,0.0396332,255.5
2023,5,5,1,140,0.0186851,0.0225652,255.5
2023,5,5,1,160,0.0147,0.0192137,255.5
2023,5,5,1,200,0.00567341,0.00878527,255.5
2023,5,5,1,250,0.00481611,0.00695994,255.5
2023,5,13,2,2,0.000968993,0.000378601,52.141
2023,5,13,2,3,1e-09,0.00063443,52.141
2023,5,13,2,4,0.00387597,0.000750252,52.141
2023,5,13,2,5,0.000968993,0.00102253,52.141
2023,5,13,2,6,0.00387597,0.00183932,52.141
2023,5,13,2,7,0.00968993,0.00342475,52.141
2023,5,13,2,8,0.0155039,0.00573369,52.141
2023,5,13,2,9,0.0329457,0.00861218,52.141
2023,5,13,2,10,0.0406977,0.0116517,52.141
2023,5,13,2,11,0.0358527,0.014548,52.141
2023,5,13,2,12,0.0610465,0.0356841,52.141
2023,5,13,2,14,0.0523256,0.0398155,52.141
2023,5,13,2,16,0.0397287,0.0391741,52.141
2023,5,13,2,18,0.0465116,0.0359806,52.141
2023,5,13,2,20,0.0765504,0.0744956,52.141
2023,5,13,2,25,0.0678294,0.0605805,52.141
2023,5,13,2,30,0.0571705,0.0559563,52.141
2023,5,13,2,35,0.0503876,0.0543279,52.141
2023,5,13,2,40,0.0707364,0.104953,52.141
2023,5,13,2,50,0.0736434,0.0961418,52.141
2023,5,13,2,60,0.0552326,0.0819049,52.141
2023,5,13,2,70,0.0532946,0.0658005,52.141
2023,5,13,2,80,0.0358527,0.0510118,52.141
2023,5,13,2,90,0.0290698,0.0386716,52.141
2023,5,13,2,100,0.0339147,0.0488956,52.141
2023,5,13,2,120,0.0174419,0.0248,52.141
2023,5,13,2,140,0.0184109,0.0136821,52.141
2023,5,13,2,160,0.00775194,0.0158535,52.141
2023,5,13,2,200,0.00775194,0.00975196,52.141
2023,5,13,2,250,0.000968993,0.0039227,52.141
2023,8,5,1,2,1e-09,0.000891435,255.5
2023,8,5,1,3,0.000772738,0.00244304,255.5
2023,8,5,1,4,0.000598151,0.00403553,255.5
2023,8,5,1,5,0.00199486,0.00491397,255.5
2023,8,5,1,6,0.0011963,0.00520087,255.5
2023,8,5,1,7,0.00161986,0.00546572,255.5
2023,8,5,1,8,0.00184302,0.00618874,255.5
2023,8,5,1,9,0.00411267,0.00756328,255.5
2023,8,5,1,10,0.00438439,0.00945386,255.5
2023,8,5,1,11,0.00939274,0.011647,255.5
2023,8,5,1,12,0.0305192,0.0295249,255.5
2023,8,5,1,14,0.0508729,0.035193,255.5
2023,8,5,1,16,0.0537149,0.0367137,255.5
2023,8,5,1,18,0.054313,0.0347301,255.5
2023,8,5,1,20,0.0964368,0.0691251,255.5
2023,8,5,1,25,0.0535827,0.0500452,255.5
2023,8,5,1,30,0.0423242,0.0430239,255.5
2023,8,5,1,35,0.0345255,0.041727,255.5
2023,8,5,1,40,0.0817548,0.0851815,255.5
2023,8,5,1,50,0.080853,0.0857011,255.5
2023,8,5,1,60,0.0701471,0.0806718,255.5
2023,8,5,1,70,0.0586624,0.0716792,255.5
2023,8,5,1,80,0.0596067,0.0611926,255.5
2023,8,5,1,90,0.0501653,0.0504935,255.5
2023,8,5,1,100,0.0683754,0.0706296,255.5
2023,8,5,1,120,0.0383634,0.0399136,255.5
2023,8,5,1,140,0.0180582,0.0224551,255.5
2023,8,5,1,160,0.0168392,0.0187967,255.5
2023,8,5,1,200,0.00799604,0.00855077,255.5
2023,8,5,1,250,0.00697432,0.00684818,255.5
2023,8,13,2,2,1e-09,0.000240577,19.601
2023,8,13,2,3,1e-09,0.000878852,19.601
2023,8,13,2,4,0.00526316,0.0018123,19.601
2023,8,13,2,5,1e-09,0.00263228,19.601
2023,8,13,2,6,1e-09,0.00320004,19.601
2023,8,13,2,7,0.00263158,0.00373787,19.601
2023,8,13,2,8,0.0131579,0.00459074,19.601
2023,8,13,2,9,0.00263158,0.00603616,19.601
2023,8,13,2,10,0.0131579,0.00808683,19.601
2023,8,13,2,11,0.0289474,0.0106527,19.601
2023,8,13,2,12,0.0421053,0.0296229,19.601
2023,8,13,2,14,0.0368421,0.0390199,19.601
2023,8,13,2,16,0.0210526,0.0441044,19.601
2023,8,13,2,18,0.0342105,0.044339,19.601
2023,8,13,2,20,0.0710526,0.0936258,19.601
2023,8,13,2,25,0.0552632,0.0664923,19.601
2023,8,13,2,30,0.0842105,0.0537567,19.601
2023,8,13,2,35,0.0552632,0.049462,19.601
2023,8,13,2,40,0.0763158,0.0949215,19.601
2023,8,13,2,50,0.0921053,0.0892687,19.601
2023,8,13,2,60,0.0736842,0.0789001,19.601
2023,8,13,2,70,0.0763158,0.0654195,19.601
2023,8,13,2,80,0.0631579,0.0517478,19.601
2023,8,13,2,90,0.0342105,0.0396016,19.601
2023,8,13,2,100,0.0526316,0.0501676,19.601
2023,8,13,2,120,0.0289474,0.025265,19.601
2023,8,13,2,140,0.0105263,0.0137087,19.601
2023,8,13,2,160,0.0131579,0.0154919,19.601
2023,8,13,2,200,0.0105263,0.00940943,19.601
2023,8,13,2,250,0.00263158,0.00380665,19.601
2023,11,5,1,2,1e-09,0.000281452,255.5
2023,11,5,1,3,1e-09,0.00122865,255.5
2023,11,5,1,4,0.000665305,0.00311937,255.5
2023,11,5,1,5,0.00221899,0.00553289,255.5
2023,11,5,1,6,0.00170788,0.00777093,255.5
2023,11,5,1,7,0.00279507,0.00935568,255.5
2023,11,5,1,8,0.00359422,0.0102109,255.5
2023,11,5,1,9,0.00341576,0.0106347,255.5
2023,11,5,1,10,0.00397149,0.0109562,255.5
2023,11,5,1,11,0.00962658,0.0114496,255.5
2023,11,5,1,12,0.0360032,0.0254044,255.5
2023,11,5,1,14,0.0525059,0.0296792,255.5
2023,11,5,1,16,0.0574268,0.0332397,255.5
2023,11,5,1,18,0.0630412,0.0345089,255.5
2023,11,5,1,20,0.102793,0.0775034,255.5
2023,11,5,1,25,0.0617999,0.0582154,255.5
2023,11,5,1,30,0.0474473,0.0456606,255.5
2023,11,5,1,35,0.0387051,0.0402926,255.5
2023,11,5,1,40,0.0743718,0.0781981,255.5
2023,11,5,1,50,0.0609725,0.0794307,255.5
2023,11,5,1,60,0.0653213,0.0771719,255.5
2023,11,5,1,70,0.0615282,0.0705206,255.5
2023,11,5,1,80,0.0530984,0.0612644,255.5
2023,11,5,1,90,0.0427416,0.0509512,255.5
2023,11,5,1,100,0.0651671,0.0714157,255.5
2023,11,5,1,120,0.0385509,0.0402267,255.5
2023,11,5,1,140,0.0185229,0.0224027,255.5
2023,11,5,1,160,0.0159266,0.0183865,255.5
2023,11,5,1,200,0.0106245,0.00828741,255.5
2023,11,5,1,250,0.00545629,0.00669964,255.5
